Order ID,Order Date,Ship Date,Customer ID,Customer Name,Customer Segment,Product ID,Product Name,Category,Sub-Category,Region,State,City,Sales Representative,Quantity,Unit Price,Discount (%),Sales,Cost,Profit,Profit Margin,Shipping Cost,Payment Method,Order Priority
ORD-00001,2024-08-28,2024-09-02,CUST-00001,CUSTOMER 1,Consumer,P1018,Northstar Lantern,Technology,Peripherals,East,New Jersey,New York,Noah Kim,2,96.21,0.03,186.65,85.25,92.8,0.4972,8.6,Debit Card,Medium
ORD-00002,2025-11-22,2025-11-29,CUST-00002,CUSTOMER 2,Consumer,P1011,Cove Wall Clock,Technology,Paper,South,North Carolina,Miami,James Carter,3,89.82,0.046,257.06,126.37,122.29,0.4757,8.4,Bank Transfer,High
ORD-00003,2025-03-13,2025-03-20,CUST-00003,CUSTOMER 3,Consumer,P1011,Harbor Rug,Outdoor,Lighting,North,Quebec,Montreal,Ava Patel,4,84.03,0.05,319.31,153.69,156.42,0.4899,9.2,Credit Card,Critical
ORD-00004,2024-03-16,2024-03-20,CUST-00004,CUSTOMER 4,Corporate,P1016,FlexNote Notebook,Outdoor,Furniture,Central,Minnesota,St. Louis,Sophia Singh,3,37.05,0.039,106.82,50.25,48.17,0.4509,8.4,Credit Card,High
ORD-00005,2023-08-13,2023-08-14,CUST-00005,CUSTOMER 5,Corporate,P1008,Tide Cooler,Technology,Coolers,Central,Kansas,Kansas City,Liam Chen,1,34.67,0.038,33.35,23.1,3.45,0.1034,6.8,Bank Transfer,Medium
ORD-00006,2023-12-04,2023-12-08,CUST-00006,CUSTOMER 6,Consumer,P1002,Halo Planter,Home Decor,Decor,Central,Illinois,Kansas City,Ethan Brooks,2,85.6,0.01,169.49,79.72,82.17,0.4848,7.6,Debit Card,Medium
ORD-00007,2023-06-04,2023-06-05,CUST-00007,CUSTOMER 7,Consumer,P1010,Pulse Keyboard,Furniture,Peripherals,Central,Illinois,Chicago,Ava Patel,4,55.36,0.038,213.03,93.6,110.23,0.5174,9.2,PayPal,High
ORD-00008,2025-05-11,2025-05-17,CUST-00008,CUSTOMER 8,Consumer,P1006,Northstar Lantern,Technology,Furniture,East,Virginia,New York,Noah Kim,4,18.45,0.024,72.03,32.66,29.17,0.405,10.2,Bank Transfer,High
ORD-00009,2024-09-23,2024-09-27,CUST-00009,CUSTOMER 9,Home Office,P1004,FlexNote Notebook,Furniture,Peripherals,South,Florida,Dallas,Ethan Brooks,4,605.1,0.014,2386.51,1508.58,868.73,0.364,9.2,Credit Card,Low
ORD-00010,2025-12-14,2025-12-16,CUST-00010,CUSTOMER 10,Home Office,P1005,SmartInk Pen Set,Outdoor,Lighting,South,Georgia,Atlanta,Sophia Singh,3,12.9,0.027,37.66,22.58,6.68,0.1774,8.4,Debit Card,Medium
ORD-00011,2023-11-03,2023-11-06,CUST-00011,CUSTOMER 11,Consumer,P1011,Lumen Desk Lamp,Outdoor,Peripherals,East,New York,New York,James Carter,3,93.98,0.012,278.56,137.99,131.17,0.4709,9.4,PayPal,Medium
ORD-00012,2025-12-27,2025-12-31,CUST-00012,CUSTOMER 12,Home Office,P1012,Northstar Lantern,Technology,Chairs,North,British Columbia,Toronto,Sophia Singh,2,140.05,0.017,275.34,141.3,126.44,0.4592,7.6,PayPal,Medium
ORD-00013,2025-01-19,2025-01-24,CUST-00013,CUSTOMER 13,Consumer,P1016,Atlas Throw Pillow,Furniture,Decor,East,Massachusetts,New York,Ethan Brooks,3,37.89,0.002,113.44,51.13,52.91,0.4664,9.4,Bank Transfer,Medium
ORD-00014,2023-02-22,2023-02-25,CUST-00014,CUSTOMER 14,Corporate,P1020,Nimbus Monitor Arm,Home Decor,Peripherals,East,Massachusetts,Philadelphia,Liam Chen,3,75.98,0.022,222.93,110.97,102.56,0.4601,9.4,Debit Card,Low
ORD-00015,2023-09-25,2023-09-28,CUST-00015,CUSTOMER 15,Home Office,P1014,Orbit Wireless Mouse,Furniture,Peripherals,East,New Jersey,Washington,Olivia Martin,3,43.09,0,129.27,56.47,63.4,0.4904,9.4,Credit Card,Low
ORD-00016,2023-11-01,2023-11-02,CUST-00016,CUSTOMER 16,Consumer,P1014,Echo Web Camera,Outdoor,Peripherals,West,Washington,Seattle,Sophia Singh,2,47.35,0.024,92.43,42.29,41.54,0.4494,8.6,Bank Transfer,Medium
ORD-00017,2024-05-05,2024-05-09,CUST-00017,CUSTOMER 17,Corporate,P1020,Lumen Desk Lamp,Office Supplies,Bags,South,Georgia,Dallas,Ava Patel,5,71.22,0.037,342.92,160.26,172.66,0.5035,10,Bank Transfer,Medium
ORD-00018,2024-04-17,2024-04-23,CUST-00018,CUSTOMER 18,Consumer,P1020,CloudDrive File Box,Outdoor,Paper,East,New York,Washington,Sophia Singh,2,69.92,0.012,138.16,68.58,60.98,0.4414,8.6,Debit Card,Low
ORD-00019,2024-11-01,2024-11-08,CUST-00019,CUSTOMER 19,Consumer,P1015,Nova Laptop Stand,Office Supplies,Paper,Central,Kansas,St. Louis,Ethan Brooks,4,73.28,0.011,289.9,127.01,153.69,0.5301,9.2,Bank Transfer,High
ORD-00020,2023-02-19,2023-02-22,CUST-00020,CUSTOMER 20,Corporate,P1008,Trail Tote,Office Supplies,Decor,East,Virginia,Washington,Noah Kim,2,35.51,0.037,68.39,32.67,27.12,0.3965,8.6,Credit Card,Medium
ORD-00021,2024-06-19,2024-06-24,CUST-00021,CUSTOMER 21,Home Office,P1005,Echo Web Camera,Furniture,Paper,South,Texas,Atlanta,Sophia Singh,1,13.33,0.07,12.4,10.04,-4.44,-0.3581,6.8,Credit Card,Critical
ORD-00022,2023-07-04,2023-07-10,CUST-00022,CUSTOMER 22,Consumer,P1009,FlexNote Notebook,Home Decor,Binders,West,Washington,Denver,Noah Kim,4,93.84,0.063,351.71,173.43,168.08,0.4779,10.2,Debit Card,High
ORD-00023,2023-08-19,2023-08-25,CUST-00023,CUSTOMER 23,Home Office,P1016,Harbor Rug,Outdoor,Textiles,North,British Columbia,Toronto,Sophia Singh,5,41.23,0.004,205.33,80.03,115.3,0.5615,10,Debit Card,Medium
ORD-00024,2024-10-06,2024-10-11,CUST-00024,CUSTOMER 24,Home Office,P1003,FlexNote Notebook,Furniture,Plants,Central,Minnesota,St. Louis,Liam Chen,2,162.75,0.03,315.74,166.71,141.43,0.4479,7.6,Credit Card,Critical
ORD-00025,2024-06-28,2024-07-05,CUST-00025,CUSTOMER 25,Consumer,P1012,Halo Planter,Home Decor,Binders,East,Massachusetts,Washington,James Carter,3,141.27,0,423.81,219.28,195.13,0.4604,9.4,Credit Card,Medium
ORD-00026,2025-09-15,2025-09-20,CUST-00026,CUSTOMER 26,Consumer,P1007,FlexNote Notebook,Home Decor,Bags,South,Georgia,Dallas,Ava Patel,4,23.45,0.007,93.14,35.88,48.06,0.516,9.2,Bank Transfer,Low
ORD-00027,2023-08-04,2023-08-05,CUST-00027,CUSTOMER 27,Corporate,P1017,FlexNote Notebook,Home Decor,Textiles,North,Alberta,Toronto,Noah Kim,2,559.98,0.013,1105.4,738.05,359.75,0.3254,7.6,Bank Transfer,Low
ORD-00028,2024-08-24,2024-08-26,CUST-00028,CUSTOMER 28,Corporate,P1015,Aero Standing Desk,Office Supplies,Lighting,West,Oregon,Los Angeles,Sophia Singh,2,74.46,0.05,141.47,66.56,66.31,0.4687,8.6,Credit Card,High
ORD-00029,2024-09-01,2024-09-08,CUST-00029,CUSTOMER 29,Consumer,P1015,Atlas Throw Pillow,Furniture,Bags,East,New Jersey,Boston,Mia Rodriguez,3,68.87,0.008,204.96,96.62,98.94,0.4827,9.4,Debit Card,Medium
ORD-00030,2023-04-24,2023-04-28,CUST-00030,CUSTOMER 30,Home Office,P1012,Tide Cooler,Furniture,Flooring,Central,Kansas,St. Louis,Mia Rodriguez,3,130.86,0.043,375.7,192.91,174.39,0.4642,8.4,PayPal,Critical
ORD-00031,2024-02-27,2024-03-01,CUST-00031,CUSTOMER 31,Corporate,P1002,Orbit Wireless Mouse,Outdoor,Lighting,South,Florida,Atlanta,Olivia Martin,3,78.79,0.039,227.15,107.29,111.46,0.4907,8.4,Debit Card,High
ORD-00032,2023-03-17,2023-03-21,CUST-00032,CUSTOMER 32,Consumer,P1008,Trail Tote,Office Supplies,Flooring,North,Quebec,Vancouver,Ava Patel,3,33.97,0.003,101.6,50.53,42.67,0.42,8.4,Cash on Delivery,Low
ORD-00033,2023-04-11,2023-04-17,CUST-00033,CUSTOMER 33,Corporate,P1005,Nimbus Monitor Arm,Furniture,Storage,South,North Carolina,Atlanta,James Carter,4,12.2,0.014,48.12,25.51,13.41,0.2787,9.2,Debit Card,Medium
ORD-00034,2025-07-17,2025-07-20,CUST-00034,CUSTOMER 34,Consumer,P1003,Orbit Wireless Mouse,Office Supplies,Binders,South,North Carolina,Houston,Olivia Martin,2,152.33,0.001,304.36,163.31,133.45,0.4385,7.6,Debit Card,Medium
ORD-00035,2025-11-23,2025-11-30,CUST-00035,CUSTOMER 35,Consumer,P1001,Harbor Rug,Furniture,Furniture,North,Ontario,Toronto,Ethan Brooks,1,313.11,0.025,305.28,182.11,116.37,0.3812,6.8,Credit Card,High
ORD-00036,2025-10-01,2025-10-02,CUST-00036,CUSTOMER 36,Home Office,P1016,Nimbus Monitor Arm,Technology,Paper,West,Colorado,Los Angeles,Noah Kim,2,43.52,0.022,85.13,35.92,40.61,0.477,8.6,Credit Card,Medium
ORD-00037,2024-11-09,2024-11-13,CUST-00037,CUSTOMER 37,Home Office,P1010,Aero Standing Desk,Home Decor,Storage,South,Florida,Dallas,Olivia Martin,4,59.29,0.008,235.26,104.49,121.57,0.5167,9.2,Bank Transfer,Medium
ORD-00038,2023-06-14,2023-06-15,CUST-00038,CUSTOMER 38,Consumer,P1010,Harbor Rug,Technology,Coolers,Central,Illinois,Minneapolis,Liam Chen,1,54.36,0.012,53.71,31.12,15.79,0.294,6.8,Cash on Delivery,Medium
ORD-00039,2025-06-15,2025-06-16,CUST-00039,CUSTOMER 39,Corporate,P1011,Cove Wall Clock,Home Decor,Lighting,South,Florida,Atlanta,Ethan Brooks,2,87.62,0.023,171.21,87.9,75.71,0.4422,7.6,Credit Card,Medium
ORD-00040,2024-06-24,2024-07-01,CUST-00040,CUSTOMER 40,Corporate,P1012,Aero Standing Desk,Furniture,Video,West,Oregon,San Francisco,Liam Chen,4,146.75,0.04,563.52,283.72,269.6,0.4784,10.2,Bank Transfer,Medium
ORD-00041,2023-04-01,2023-04-05,CUST-00041,CUSTOMER 41,Consumer,P1008,Echo Web Camera,Technology,Video,South,Florida,Dallas,Ava Patel,1,33.13,0.014,32.67,20.74,5.13,0.157,6.8,Debit Card,Medium
ORD-00042,2024-02-02,2024-02-06,CUST-00042,CUSTOMER 42,Consumer,P1005,Atlas Throw Pillow,Office Supplies,Flooring,West,Colorado,Seattle,Liam Chen,3,13.1,0.04799999999999999,37.41,18.59,9.42,0.2518,9.4,Debit Card,High
ORD-00043,2023-08-18,2023-08-25,CUST-00043,CUSTOMER 43,Corporate,P1009,Orbit Wireless Mouse,Technology,Desks,North,Ontario,Calgary,James Carter,3,94.96,0.031,276.05,137.92,129.73,0.47,8.4,Credit Card,High
ORD-00044,2025-12-18,2025-12-25,CUST-00044,CUSTOMER 44,Corporate,P1011,Trail Tote,Technology,Peripherals,East,Virginia,Boston,James Carter,1,93.7,0.024,91.45,52.58,31.07,0.3397,7.8,PayPal,Medium
ORD-00045,2023-03-06,2023-03-09,CUST-00045,CUSTOMER 45,Consumer,P1015,Summit Patio Set,Office Supplies,Textiles,Central,Minnesota,Minneapolis,Sophia Singh,1,65.09,0.004,64.83,36.88,21.15,0.3262,6.8,Cash on Delivery,Low
ORD-00046,2025-01-20,2025-01-26,CUST-00046,CUSTOMER 46,Consumer,P1017,SmartInk Pen Set,Outdoor,Paper,East,New Jersey,New York,Ethan Brooks,5,533.34,0.026,2597.37,1718.41,867.96,0.3342,11,Credit Card,Medium
ORD-00047,2024-11-08,2024-11-14,CUST-00047,CUSTOMER 47,Consumer,P1011,Aero Standing Desk,Technology,Video,South,Georgia,Dallas,James Carter,5,89.53,0.023,437.35,206.29,221.06,0.5055,10,Credit Card,Medium
ORD-00048,2024-04-01,2024-04-08,CUST-00048,CUSTOMER 48,Consumer,P1013,Echo Web Camera,Technology,Textiles,West,Colorado,San Francisco,Ava Patel,4,168.13,0.008,667.14,382.79,274.15,0.4109,10.2,PayPal,Low
ORD-00049,2024-11-15,2024-11-20,CUST-00049,CUSTOMER 49,Corporate,P1017,Orbit Wireless Mouse,Home Decor,Plants,North,Alberta,Vancouver,Ethan Brooks,3,604.86,0.057,1711.15,1137.2,565.55,0.3305,8.4,Credit Card,High
ORD-00050,2023-10-10,2023-10-11,CUST-00050,CUSTOMER 50,Consumer,P1007,Lumen Desk Lamp,Technology,Lighting,South,Georgia,Miami,Noah Kim,3,24.63,0.004,73.59,30.05,35.14,0.4775,8.4,Debit Card,Medium
ORD-00051,2025-12-04,2025-12-10,CUST-00051,CUSTOMER 51,Consumer,P1009,Cove Wall Clock,Home Decor,Textiles,Central,Missouri,St. Louis,Liam Chen,4,94.19,0.004,375.25,181.79,184.26,0.491,9.2,Credit Card,Medium
ORD-00052,2025-06-10,2025-06-12,CUST-00052,CUSTOMER 52,Home Office,P1018,CloudDrive File Box,Furniture,Peripherals,South,Florida,Dallas,Sophia Singh,3,85.33,0.036,246.77,113.56,124.81,0.5058,8.4,Cash on Delivery,High
ORD-00053,2025-09-11,2025-09-18,CUST-00053,CUSTOMER 53,Consumer,P1018,Orbit Wireless Mouse,Home Decor,Accessories,West,California,Denver,Olivia Martin,4,95.15,0.026,370.7,170.54,189.96,0.5124,10.2,Debit Card,High
ORD-00054,2025-07-05,2025-07-12,CUST-00054,CUSTOMER 54,Consumer,P1010,ProClip Binder,Furniture,Lighting,West,Washington,Denver,James Carter,2,59.93,0.034,115.78,58.39,48.79,0.4214,8.6,Credit Card,Medium
ORD-00055,2024-09-09,2024-09-12,CUST-00055,CUSTOMER 55,Home Office,P1012,Lumen Desk Lamp,Furniture,Coolers,East,Massachusetts,New York,Ethan Brooks,3,132.6,0.049,378.31,191.02,177.89,0.4702,9.4,Credit Card,High
ORD-00056,2025-07-05,2025-07-12,CUST-00056,CUSTOMER 56,Corporate,P1018,Cove Wall Clock,Technology,Flooring,East,New Jersey,New York,Ethan Brooks,3,91.23,0.023,267.4,126.84,131.16,0.4905,9.4,Credit Card,High
ORD-00057,2023-04-11,2023-04-14,CUST-00057,CUSTOMER 57,Corporate,P1009,Pulse Keyboard,Technology,Flooring,East,New York,Boston,Olivia Martin,6,92.64,0.023,543.06,260.82,270.44,0.498,11.8,Debit Card,Medium
ORD-00058,2023-07-03,2023-07-08,CUST-00058,CUSTOMER 58,Consumer,P1009,Lumen Desk Lamp,Office Supplies,Storage,East,Massachusetts,Washington,Liam Chen,4,95.65,0.035,369.21,178.84,180.17,0.488,10.2,Credit Card,Critical
ORD-00059,2023-08-27,2023-09-01,CUST-00059,CUSTOMER 59,Consumer,P1010,Aero Standing Desk,Furniture,Peripherals,South,Florida,Miami,Ava Patel,2,53.26,0.007,105.77,48.18,49.99,0.4726,7.6,PayPal,Medium
ORD-00060,2024-11-04,2024-11-11,CUST-00060,CUSTOMER 60,Corporate,P1001,ProClip Binder,Technology,Furniture,North,Alberta,Vancouver,Ava Patel,1,319.38,0.023,312.03,186.39,118.84,0.3809,6.8,Bank Transfer,Medium
ORD-00061,2024-10-10,2024-10-11,CUST-00061,CUSTOMER 61,Corporate,P1011,Aero Standing Desk,Furniture,Chairs,Central,Missouri,Kansas City,Liam Chen,3,95.33,0.017,281.13,135.87,136.86,0.4868,8.4,Bank Transfer,Medium
ORD-00062,2023-09-07,2023-09-10,CUST-00062,CUSTOMER 62,Consumer,P1014,FlexNote Notebook,Furniture,Textiles,East,New York,Washington,Ethan Brooks,3,42.23,0.007,125.8,56.95,59.45,0.4726,9.4,PayPal,Medium
ORD-00063,2025-02-01,2025-02-04,CUST-00063,CUSTOMER 63,Consumer,P1010,ProClip Binder,Furniture,Peripherals,South,Georgia,Miami,James Carter,4,51.77,0.012,204.6,90.87,104.53,0.5109,9.2,Bank Transfer,Medium
ORD-00064,2024-10-27,2024-10-29,CUST-00064,CUSTOMER 64,Home Office,P1014,Nova Laptop Stand,Home Decor,Chairs,West,Colorado,Los Angeles,Ava Patel,2,49.88,0.021,97.67,46.91,42.16,0.4317,8.6,PayPal,Medium
ORD-00065,2023-07-06,2023-07-07,CUST-00065,CUSTOMER 65,Consumer,P1019,Atlas Throw Pillow,Technology,Binders,South,Texas,Dallas,James Carter,5,58.83,0.054,278.27,119.38,148.89,0.5351,10,Credit Card,High
ORD-00066,2024-12-08,2024-12-09,CUST-00066,CUSTOMER 66,Consumer,P1010,Pulse Keyboard,Office Supplies,Video,South,Texas,Miami,Mia Rodriguez,3,55.76,0.014,164.94,74.99,81.55,0.4944,8.4,PayPal,High
ORD-00067,2023-12-17,2023-12-23,CUST-00067,CUSTOMER 67,Consumer,P1017,Pulse Keyboard,Home Decor,Textiles,East,Massachusetts,Philadelphia,James Carter,4,602.96,0.01,2387.72,1587.02,790.5,0.3311,10.2,Bank Transfer,Low
ORD-00068,2025-02-24,2025-03-01,CUST-00068,CUSTOMER 68,Home Office,P1002,Orbit Wireless Mouse,Outdoor,Peripherals,North,British Columbia,Toronto,Ethan Brooks,4,80.47,0.003,320.91,150.23,161.48,0.5032,9.2,Bank Transfer,Low
ORD-00069,2023-11-07,2023-11-13,CUST-00069,CUSTOMER 69,Home Office,P1014,ErgoMesh Chair,Furniture,Coolers,South,Georgia,Atlanta,James Carter,5,42.87,0.018,210.49,91.09,109.4,0.5197,10,Debit Card,High
ORD-00070,2025-01-01,2025-01-02,CUST-00070,CUSTOMER 70,Corporate,P1018,Summit Patio Set,Office Supplies,Lighting,Central,Kansas,Chicago,James Carter,3,83.69,0.027,244.29,115.44,120.45,0.4931,8.4,Credit Card,Low
ORD-00071,2025-06-09,2025-06-16,CUST-00071,CUSTOMER 71,Consumer,P1002,CloudDrive File Box,Office Supplies,Furniture,West,California,Los Angeles,James Carter,4,82.73,0.044,316.36,150.15,156.01,0.4931,10.2,Debit Card,High
ORD-00072,2023-08-11,2023-08-13,CUST-00072,CUSTOMER 72,Consumer,P1020,Atlas Throw Pillow,Furniture,Furniture,East,New Jersey,Washington,Ava Patel,4,79.93,0.059,300.86,139.5,151.16,0.5024,10.2,PayPal,High
ORD-00073,2023-03-19,2023-03-26,CUST-00073,CUSTOMER 73,Consumer,P1019,ProClip Binder,Office Supplies,Bags,South,North Carolina,Atlanta,James Carter,3,54.06,0.017,159.42,73.69,77.33,0.4851,8.4,Debit Card,High
ORD-00074,2025-10-02,2025-10-09,CUST-00074,CUSTOMER 74,Corporate,P1008,Cove Wall Clock,Office Supplies,Desks,North,Quebec,Toronto,Olivia Martin,3,36.46,0.014,107.85,45.6,53.85,0.4993,8.4,Credit Card,Medium
ORD-00075,2025-01-23,2025-01-24,CUST-00075,CUSTOMER 75,Corporate,P1006,Lumen Desk Lamp,Furniture,Binders,South,Texas,Miami,James Carter,5,17.26,0.021,84.49,33.98,40.51,0.4795,10,Credit Card,Low
ORD-00076,2025-03-11,2025-03-17,CUST-00076,CUSTOMER 76,Home Office,P1020,Nova Laptop Stand,Office Supplies,Plants,East,Massachusetts,New York,James Carter,1,72.33,0.022,70.74,38.66,24.28,0.3432,7.8,Credit Card,Medium
ORD-00077,2025-08-03,2025-08-07,CUST-00077,CUSTOMER 77,Consumer,P1007,Aero Standing Desk,Furniture,Peripherals,South,Georgia,Dallas,Noah Kim,5,24.71,0.001,123.43,45,68.43,0.5544,10,Credit Card,Low
ORD-00078,2023-10-17,2023-10-24,CUST-00078,CUSTOMER 78,Corporate,P1013,Northstar Lantern,Outdoor,Coolers,West,Washington,San Francisco,Liam Chen,3,187.17,0.042,537.93,308.98,219.55,0.4081,9.4,Cash on Delivery,High
ORD-00079,2024-12-10,2024-12-17,CUST-00079,CUSTOMER 79,Corporate,P1002,Summit Patio Set,Outdoor,Furniture,West,Colorado,Los Angeles,Ethan Brooks,2,89.54,0.058,168.69,78.58,81.51,0.4832,8.6,Debit Card,High
ORD-00080,2023-10-03,2023-10-07,CUST-00080,CUSTOMER 80,Consumer,P1007,ErgoMesh Chair,Technology,Lighting,North,Alberta,Vancouver,Mia Rodriguez,3,26.33,0.06,74.25,33.15,32.7,0.4404,8.4,Credit Card,High
ORD-00081,2025-09-22,2025-09-24,CUST-00081,CUSTOMER 81,Consumer,P1001,Lumen Desk Lamp,Furniture,Flooring,Central,Minnesota,Minneapolis,Liam Chen,3,280.59,0.019,825.78,484.57,332.81,0.403,8.4,PayPal,Low
ORD-00082,2024-06-03,2024-06-08,CUST-00082,CUSTOMER 82,Corporate,P1006,Summit Patio Set,Home Decor,Binders,South,Florida,Atlanta,Ethan Brooks,1,18.21,0.074,16.86,9.62,0.44,0.0261,6.8,PayPal,Critical
ORD-00083,2024-01-21,2024-01-24,CUST-00083,CUSTOMER 83,Home Office,P1016,Lumen Desk Lamp,Furniture,Peripherals,West,Oregon,San Francisco,Ava Patel,3,40.4,0.016,119.26,52.21,57.65,0.4834,9.4,PayPal,High
ORD-00084,2023-03-25,2023-03-26,CUST-00084,CUSTOMER 84,Consumer,P1008,Nimbus Monitor Arm,Furniture,Bags,East,Virginia,New York,Mia Rodriguez,5,35.23,0.008,174.74,75.55,88.19,0.5047,11,Cash on Delivery,Low
ORD-00085,2024-08-07,2024-08-13,CUST-00085,CUSTOMER 85,Home Office,P1013,Aero Standing Desk,Technology,Writing,West,Oregon,Seattle,Liam Chen,6,166.58,0.008,991.48,562.76,416.92,0.4205,11.8,Credit Card,Low
ORD-00086,2024-09-02,2024-09-07,CUST-00086,CUSTOMER 86,Corporate,P1018,Harbor Rug,Outdoor,Coolers,South,Florida,Atlanta,Ava Patel,3,90,0.048,257.04,120.13,128.51,0.5,8.4,Bank Transfer,High
ORD-00087,2025-06-01,2025-06-07,CUST-00087,CUSTOMER 87,Consumer,P1014,Echo Web Camera,Technology,Furniture,East,Virginia,Philadelphia,Ethan Brooks,2,46.74,0.004,93.11,44.82,39.69,0.4263,8.6,Cash on Delivery,Medium
ORD-00088,2024-10-07,2024-10-12,CUST-00088,CUSTOMER 88,Consumer,P1018,FlexNote Notebook,Office Supplies,Flooring,West,Colorado,Denver,Ava Patel,3,99.46,0.079,274.81,126.87,138.54,0.5041,9.4,Debit Card,Critical
ORD-00089,2025-07-20,2025-07-21,CUST-00089,CUSTOMER 89,Consumer,P1004,Cove Wall Clock,Office Supplies,Decor,West,Colorado,Denver,Ethan Brooks,1,668.06,0.044,638.67,407.29,223.58,0.3501,7.8,Cash on Delivery,High
ORD-00090,2024-02-11,2024-02-14,CUST-00090,CUSTOMER 90,Consumer,P1015,ProClip Binder,Home Decor,Accessories,South,Georgia,Miami,Liam Chen,5,63.17,0.037,304.16,135.25,158.91,0.5225,10,Credit Card,High
ORD-00091,2023-04-23,2023-04-24,CUST-00091,CUSTOMER 91,Consumer,P1005,ErgoMesh Chair,Outdoor,Flooring,Central,Illinois,St. Louis,Ethan Brooks,4,12.23,0.025,47.7,23.62,14.88,0.3119,9.2,Credit Card,Medium
ORD-00092,2025-11-06,2025-11-09,CUST-00092,CUSTOMER 92,Consumer,P1014,Atlas Throw Pillow,Outdoor,Binders,East,Massachusetts,New York,Liam Chen,2,45.18,0.009,89.55,45.56,35.39,0.3952,8.6,Bank Transfer,Medium
ORD-00093,2025-10-23,2025-10-29,CUST-00093,CUSTOMER 93,Home Office,P1016,ProClip Binder,Outdoor,Chairs,West,California,Los Angeles,James Carter,3,41.99,0.059,118.54,53.84,55.3,0.4665,9.4,Cash on Delivery,High
ORD-00094,2024-12-04,2024-12-06,CUST-00094,CUSTOMER 94,Corporate,P1015,Harbor Rug,Home Decor,Chairs,West,Colorado,Los Angeles,Liam Chen,1,78.45,0.04,75.31,41.2,26.31,0.3494,7.8,Credit Card,Medium
ORD-00095,2025-03-19,2025-03-22,CUST-00095,CUSTOMER 95,Corporate,P1011,Harbor Rug,Outdoor,Desks,South,Florida,Miami,Mia Rodriguez,2,89.06,0.02,174.56,90.63,76.33,0.4373,7.6,PayPal,Medium
ORD-00096,2024-12-28,2025-01-02,CUST-00096,CUSTOMER 96,Consumer,P1002,Pulse Keyboard,Outdoor,Decor,West,Washington,Seattle,James Carter,2,90.94,0.03,176.42,87.41,80.41,0.4558,8.6,Cash on Delivery,Medium
ORD-00097,2024-04-21,2024-04-23,CUST-00097,CUSTOMER 97,Consumer,P1018,Atlas Throw Pillow,Outdoor,Coolers,East,New York,Washington,Mia Rodriguez,2,89.45,0.018,175.68,82.05,85.03,0.484,8.6,Credit Card,Low
ORD-00098,2024-01-19,2024-01-25,CUST-00098,CUSTOMER 98,Consumer,P1004,Cove Wall Clock,Furniture,Textiles,Central,Missouri,Chicago,Noah Kim,3,571.27,0.04,1645.26,1045.5,591.36,0.3594,8.4,Credit Card,High
ORD-00099,2023-12-14,2023-12-18,CUST-00099,CUSTOMER 99,Home Office,P1015,Pulse Keyboard,Outdoor,Accessories,South,Georgia,Atlanta,James Carter,5,72.72,0.006,361.42,159.1,192.32,0.5321,10,PayPal,Medium
ORD-00100,2023-05-03,2023-05-05,CUST-00100,CUSTOMER 100,Consumer,P1012,FlexNote Notebook,Home Decor,Binders,Central,Kansas,Chicago,Mia Rodriguez,1,127.64,0.025,124.45,65.77,51.88,0.4169,6.8,PayPal,Medium
ORD-00101,2023-09-04,2023-09-07,CUST-00101,CUSTOMER 101,Consumer,P1003,Orbit Wireless Mouse,Technology,Chairs,East,New Jersey,New York,Ava Patel,4,147.09,0.005,585.42,310.39,264.83,0.4524,10.2,Credit Card,Medium
ORD-00102,2024-03-08,2024-03-10,CUST-00102,CUSTOMER 102,Corporate,P1004,Halo Planter,Home Decor,Peripherals,South,Texas,Houston,Mia Rodriguez,1,566.44,0.015,557.94,360.29,190.85,0.3421,6.8,Cash on Delivery,Medium
ORD-00103,2024-08-18,2024-08-24,CUST-00103,CUSTOMER 103,Corporate,P1016,SmartInk Pen Set,Outdoor,Peripherals,South,Georgia,Dallas,Liam Chen,1,39.59,0.02,38.8,18.29,13.71,0.3534,6.8,Debit Card,Medium
ORD-00104,2024-12-04,2024-12-06,CUST-00104,CUSTOMER 104,Home Office,P1006,Nimbus Monitor Arm,Office Supplies,Coolers,East,New York,Philadelphia,Liam Chen,3,20.37,0.016,60.13,27.15,23.58,0.3922,9.4,Credit Card,Low
ORD-00105,2025-05-11,2025-05-17,CUST-00105,CUSTOMER 105,Consumer,P1002,Pulse Keyboard,Technology,Desks,North,British Columbia,Toronto,Mia Rodriguez,3,80.67,0.017,237.9,110.69,118.81,0.4994,8.4,Bank Transfer,High
ORD-00106,2023-09-16,2023-09-20,CUST-00106,CUSTOMER 106,Consumer,P1009,Nova Laptop Stand,Outdoor,Binders,Central,Minnesota,Minneapolis,Ava Patel,2,85.22,0.028,165.67,85.32,72.75,0.4391,7.6,PayPal,Medium
ORD-00107,2024-04-03,2024-04-06,CUST-00107,CUSTOMER 107,Corporate,P1012,Orbit Wireless Mouse,Technology,Lighting,East,New Jersey,Boston,Noah Kim,3,127.92,0.025,374.17,193.78,170.99,0.457,9.4,Debit Card,Low
ORD-00108,2025-09-07,2025-09-14,CUST-00108,CUSTOMER 108,Corporate,P1012,Aero Standing Desk,Home Decor,Accessories,South,Georgia,Miami,James Carter,4,120.53,0.066,450.3,229.2,211.9,0.4706,9.2,Debit Card,High
ORD-00109,2023-05-02,2023-05-07,CUST-00109,CUSTOMER 109,Consumer,P1014,Trail Tote,Office Supplies,Peripherals,East,New Jersey,Boston,Liam Chen,4,41.49,0.051,157.5,66.97,80.33,0.51,10.2,Bank Transfer,High
ORD-00110,2023-04-01,2023-04-03,CUST-00110,CUSTOMER 110,Consumer,P1017,Tide Cooler,Furniture,Bags,Central,Minnesota,St. Louis,Sophia Singh,1,555.71,0.02,544.6,366.94,170.86,0.3137,6.8,Credit Card,Medium
ORD-00111,2023-05-26,2023-06-02,CUST-00111,CUSTOMER 111,Corporate,P1009,Cove Wall Clock,Outdoor,Paper,East,Virginia,Philadelphia,James Carter,1,91.28,0.031,88.45,45.6,35.05,0.3963,7.8,Credit Card,Medium
ORD-00112,2023-03-01,2023-03-02,CUST-00112,CUSTOMER 112,Home Office,P1012,Nova Laptop Stand,Outdoor,Textiles,North,Ontario,Vancouver,Noah Kim,1,135.59,0.044,129.62,73.84,48.98,0.3779,6.8,Bank Transfer,High
ORD-00113,2025-12-06,2025-12-11,CUST-00113,CUSTOMER 113,Corporate,P1010,Trail Tote,Furniture,Lighting,Central,Kansas,Kansas City,Ethan Brooks,1,57.74,0.025,56.3,27.82,21.68,0.3851,6.8,Bank Transfer,Low
ORD-00114,2025-06-19,2025-06-21,CUST-00114,CUSTOMER 114,Home Office,P1011,Atlas Throw Pillow,Office Supplies,Accessories,West,Washington,Denver,Sophia Singh,4,95.09,0.032,368.19,176,181.99,0.4943,10.2,Credit Card,Medium
ORD-00115,2024-04-07,2024-04-12,CUST-00115,CUSTOMER 115,Corporate,P1002,Lumen Desk Lamp,Furniture,Peripherals,South,North Carolina,Atlanta,James Carter,1,73.62,0.015,72.52,38.23,27.49,0.3791,6.8,Debit Card,Medium
ORD-00116,2025-07-24,2025-07-31,CUST-00116,CUSTOMER 116,Consumer,P1016,SmartInk Pen Set,Technology,Lighting,East,Virginia,Washington,Sophia Singh,4,40.63,0.023,158.78,65.81,82.77,0.5213,10.2,Credit Card,High
ORD-00117,2025-05-05,2025-05-06,CUST-00117,CUSTOMER 117,Consumer,P1001,FlexNote Notebook,Office Supplies,Coolers,West,Colorado,Los Angeles,Sophia Singh,6,302.52,0.026,1767.93,1032.16,723.97,0.4095,11.8,Bank Transfer,Medium
ORD-00118,2023-10-21,2023-10-26,CUST-00118,CUSTOMER 118,Corporate,P1001,Summit Patio Set,Outdoor,Lighting,East,New Jersey,Washington,Liam Chen,4,330.05,0.021,1292.48,756.73,525.55,0.4066,10.2,Credit Card,Low
ORD-00119,2025-12-28,2026-01-04,CUST-00119,CUSTOMER 119,Consumer,P1002,Pulse Keyboard,Outdoor,Decor,South,Georgia,Dallas,James Carter,1,87.43,0.001,87.34,46.56,33.98,0.3891,6.8,Credit Card,Low
ORD-00120,2024-06-18,2024-06-23,CUST-00120,CUSTOMER 120,Corporate,P1012,Aero Standing Desk,Home Decor,Desks,West,California,San Francisco,Liam Chen,4,137.68,0.057,519.33,266.15,242.98,0.4679,10.2,Bank Transfer,High
ORD-00121,2025-11-24,2025-11-25,CUST-00121,customer 121,Corporate,P1020,Summit Patio Set,Home Decor,Storage,West,Oregon,Seattle,Olivia Martin,5,79.67,0.016,391.98,185.19,195.79,0.4995,11,Cash on Delivery,Medium
ORD-00122,2025-08-26,2025-08-27,CUST-00122,customer 122,Home Office,P1018,FlexNote Notebook,Technology,Storage,West,Oregon,Denver,James Carter,4,95.71,0.019,375.57,170.23,195.14,0.5196,10.2,Debit Card,Medium
ORD-00123,2024-03-13,2024-03-14,CUST-00123,customer 123,Corporate,P1012,Aero Standing Desk,Furniture,Chairs,Central,Illinois,Kansas City,Sophia Singh,3,124.76,0.033,361.93,181.86,171.67,0.4743,8.4,Bank Transfer,High
ORD-00124,2023-10-01,2023-10-05,CUST-00124,customer 124,Consumer,P1001,Orbit Wireless Mouse,Furniture,Chairs,South,Florida,Dallas,Sophia Singh,3,317.12,0.016,936.14,547.51,380.23,0.4062,8.4,Debit Card,High
ORD-00125,2023-07-10,2023-07-16,CUST-00125,customer 125,Consumer,P1011,Nimbus Monitor Arm,Technology,Desks,Central,Kansas,St. Louis,Noah Kim,4,94.58,0.02,370.75,180.6,180.95,0.4881,9.2,PayPal,High
ORD-00126,2024-09-09,2024-09-15,CUST-00126,customer 126,Consumer,P1002,ProClip Binder,Furniture,Coolers,Central,Kansas,St. Louis,Liam Chen,3,80.43,0.014,237.91,112.11,117.4,0.4935,8.4,Debit Card,Low
ORD-00127,2025-12-17,2025-12-24,CUST-00127,customer 127,Home Office,P1012,CloudDrive File Box,Furniture,Lighting,East,Massachusetts,Boston,Sophia Singh,2,136.72,0.014,269.61,140.92,120.09,0.4454,8.6,Bank Transfer,Medium
ORD-00128,2025-06-01,2025-06-02,CUST-00128,customer 128,Consumer,P1002,FlexNote Notebook,Technology,Peripherals,Central,Minnesota,Chicago,James Carter,6,79.22,0.037,457.73,209.04,237.89,0.5197,10.8,Credit Card,High
ORD-00129,2023-12-01,2023-12-08,CUST-00129,customer 129,Home Office,P1017,CloudDrive File Box,Furniture,Coolers,South,Georgia,Atlanta,Ava Patel,1,572.89,0.02,561.43,375.9,178.73,0.3183,6.8,Debit Card,Low
ORD-00130,2024-10-07,2024-10-13,CUST-00130,customer 130,Home Office,P1006,Orbit Wireless Mouse,Furniture,Peripherals,South,Florida,Houston,Ethan Brooks,3,18.82,0.042,54.09,27.59,18.1,0.3346,8.4,Cash on Delivery,High
ORD-00131,2024-07-04,2024-07-09,CUST-00131,customer 131,Corporate,P1016,Northstar Lantern,Office Supplies,Accessories,East,Massachusetts,Washington,James Carter,3,41.62,0.012,123.36,52.85,61.11,0.4954,9.4,Bank Transfer,Medium
ORD-00132,2023-08-28,2023-08-29,CUST-00132,customer 132,Consumer,P1019,Aero Standing Desk,Office Supplies,Writing,South,North Carolina,Dallas,Liam Chen,3,58.21,0.001,174.46,77.37,88.69,0.5084,8.4,Credit Card,Low
ORD-00133,2023-05-23,2023-05-25,CUST-00133,customer 133,Consumer,P1006,ProClip Binder,Technology,Binders,East,Massachusetts,Boston,Liam Chen,3,18.99,0.029,55.32,22.61,23.31,0.4214,9.4,Credit Card,High
ORD-00134,2024-12-21,2024-12-22,CUST-00134,customer 134,Consumer,P1007,Nimbus Monitor Arm,Home Decor,Chairs,Central,Kansas,Kansas City,James Carter,1,25.76,0.008,25.55,12.28,6.47,0.2532,6.8,PayPal,Medium
ORD-00135,2025-09-12,2025-09-13,CUST-00135,customer 135,Consumer,P1019,Aero Standing Desk,Furniture,Paper,North,Ontario,Montreal,Ethan Brooks,1,58.06,0.059,54.63,31.15,16.68,0.3053,6.8,Credit Card,High
ORD-00136,2024-01-16,2024-01-22,CUST-00136,customer 136,Consumer,P1020,Aero Standing Desk,Office Supplies,Lighting,West,Washington,Denver,Ethan Brooks,1,75.22,0.015,74.09,45.29,21,0.2834,7.8,Credit Card,Medium
ORD-00137,2024-05-14,2024-05-21,CUST-00137,customer 137,Consumer,P1017,FlexNote Notebook,Technology,Plants,West,Washington,Denver,Ethan Brooks,5,560.12,0.025,2730.59,1808.23,911.36,0.3338,11,Bank Transfer,Medium
ORD-00138,2025-09-23,2025-09-26,CUST-00138,customer 138,Corporate,P1006,Halo Planter,Office Supplies,Decor,West,Oregon,San Francisco,Ava Patel,3,19.72,0.051,56.14,24.37,22.37,0.3985,9.4,PayPal,Critical
ORD-00139,2024-02-10,2024-02-15,CUST-00139,customer 139,Consumer,P1015,Atlas Throw Pillow,Technology,Writing,East,New York,Washington,Ethan Brooks,1,65.41,0.002,65.28,37.38,20.1,0.3079,7.8,PayPal,Medium
ORD-00140,2025-01-14,2025-01-20,CUST-00140,customer 140,Consumer,P1009,ProClip Binder,Home Decor,Accessories,East,Virginia,New York,Olivia Martin,3,91.61,0.022,268.78,133.94,125.44,0.4667,9.4,Credit Card,Critical
ORD-00141,2025-07-07,2025-07-14,CUST-00141,customer 141,Corporate,P1002,Tide Cooler,Outdoor,Video,North,British Columbia,Toronto,Sophia Singh,2,84.08,0.042,161.1,75.31,78.19,0.4854,7.6,Debit Card,Critical
ORD-00142,2023-05-04,2023-05-11,CUST-00142,customer 142,Home Office,P1005,Echo Web Camera,Home Decor,Furniture,West,Washington,Los Angeles,Mia Rodriguez,1,12.77,0.035,12.32,9.11,-4.59,-0.3726,7.8,Debit Card,Medium
ORD-00143,2024-06-02,2024-06-07,CUST-00143,customer 143,Corporate,P1005,Trail Tote,Technology,Coolers,South,Florida,Atlanta,Liam Chen,4,12.95,0.034,50.04,28.81,12.03,0.2404,9.2,PayPal,High
ORD-00144,2024-04-24,2024-05-01,CUST-00144,customer 144,Consumer,P1012,SmartInk Pen Set,Outdoor,Lighting,South,Florida,Miami,Ethan Brooks,4,127.98,0.012,505.78,252.55,244.03,0.4825,9.2,Bank Transfer,Medium
ORD-00145,2023-03-18,2023-03-20,CUST-00145,customer 145,Corporate,P1010,Echo Web Camera,Home Decor,Furniture,Central,Illinois,St. Louis,Sophia Singh,3,55.57,0.061,156.54,72.1,76.04,0.4858,8.4,Credit Card,High
ORD-00146,2023-10-16,2023-10-20,CUST-00146,customer 146,Corporate,P1004,Cove Wall Clock,Office Supplies,Bags,East,Virginia,Philadelphia,Ethan Brooks,3,679.64,0.042,1953.29,1235.37,708.52,0.3627,9.4,Cash on Delivery,High
ORD-00147,2024-07-09,2024-07-12,CUST-00147,customer 147,Home Office,P1012,Harbor Rug,Home Decor,Writing,Central,Illinois,St. Louis,Ava Patel,3,137.81,0.054,391.1,200.94,181.76,0.4647,8.4,PayPal,High
ORD-00148,2024-04-05,2024-04-07,CUST-00148,customer 148,Consumer,P1015,Pulse Keyboard,Home Decor,Peripherals,West,Colorado,Denver,James Carter,3,69.34,0.016,204.69,93.9,101.39,0.4953,9.4,Debit Card,Medium
ORD-00149,2023-05-09,2023-05-11,CUST-00149,customer 149,Home Office,P1010,Pulse Keyboard,Outdoor,Plants,North,Ontario,Calgary,Ava Patel,4,52.7,0.001,210.59,90.95,110.44,0.5244,9.2,PayPal,Medium
ORD-00150,2023-08-25,2023-08-30,CUST-00150,customer 150,Consumer,P1018,Lumen Desk Lamp,Outdoor,Chairs,West,Colorado,Seattle,Liam Chen,4,99.45,0.035,383.88,171.77,201.91,0.526,10.2,PayPal,High
ORD-00151,2025-02-08,2025-02-11,CUST-00151,customer 151,Home Office,P1005,Cove Wall Clock,Home Decor,Peripherals,East,New York,Philadelphia,Ava Patel,3,12.19,0.023,35.73,16.86,9.47,0.265,9.4,Credit Card,Medium
ORD-00152,2023-03-24,2023-03-29,CUST-00152,customer 152,Consumer,P1013,Halo Planter,Technology,Storage,East,New York,Philadelphia,Ava Patel,1,166.74,0.069,155.23,96.42,51.01,0.3286,7.8,Credit Card,Critical
ORD-00153,2023-02-20,2023-02-24,CUST-00153,customer 153,Home Office,P1004,ErgoMesh Chair,Home Decor,Video,North,Alberta,Calgary,Sophia Singh,4,601.57,0.005,2394.25,1515.08,869.97,0.3634,9.2,Credit Card,Medium
ORD-00154,2024-11-16,2024-11-23,CUST-00154,customer 154,Home Office,P1009,Echo Web Camera,Home Decor,Accessories,East,Virginia,New York,Ethan Brooks,2,100.32,0.007,199.24,100.32,90.32,0.4533,8.6,Cash on Delivery,Medium
ORD-00155,2025-10-20,2025-10-25,CUST-00155,customer 155,Consumer,P1018,Cove Wall Clock,Technology,Plants,South,Florida,Dallas,Ava Patel,3,97.65,0.056,276.54,128.14,140,0.5063,8.4,Bank Transfer,High
ORD-00156,2023-10-18,2023-10-19,CUST-00156,customer 156,Home Office,P1003,Tide Cooler,Furniture,Paper,South,Texas,Atlanta,Mia Rodriguez,2,161.15,0.052,305.54,167.31,130.63,0.4275,7.6,Credit Card,High
ORD-00157,2025-10-04,2025-10-09,CUST-00157,customer 157,Consumer,P1011,Nimbus Monitor Arm,Office Supplies,Paper,West,Oregon,San Francisco,James Carter,2,99.39,0.034,192.02,95.59,87.83,0.4574,8.6,PayPal,Medium
ORD-00158,2025-09-16,2025-09-23,CUST-00158,customer 158,Consumer,P1004,Echo Web Camera,Office Supplies,Furniture,West,California,Los Angeles,James Carter,1,612.06,0.019,600.43,384.3,208.33,0.347,7.8,Cash on Delivery,Medium
ORD-00159,2023-07-04,2023-07-05,CUST-00159,customer 159,Consumer,P1009,FlexNote Notebook,Outdoor,Lighting,West,California,Denver,James Carter,2,96.18,0.022,188.13,100.17,79.36,0.4218,8.6,Cash on Delivery,Medium
ORD-00160,2025-09-06,2025-09-08,CUST-00160,customer 160,Home Office,P1012,Nimbus Monitor Arm,Home Decor,Chairs,East,New Jersey,Boston,Sophia Singh,3,135.18,0.02,397.43,201.82,186.21,0.4685,9.4,PayPal,Medium
ORD-00161,2024-01-03,2024-01-07,CUST-00161,customer 161,Consumer,P1010,SmartInk Pen Set,Home Decor,Coolers,Central,Kansas,Minneapolis,Sophia Singh,2,52.82,0.054,99.94,46.22,46.12,0.4615,7.6,Bank Transfer,High
ORD-00162,2024-09-18,2024-09-25,CUST-00162,customer 162,Corporate,P1010,Atlas Throw Pillow,Outdoor,Accessories,West,Colorado,Seattle,James Carter,2,58.7,0.031,113.76,56.1,49.06,0.4313,8.6,Debit Card,Medium
ORD-00163,2024-11-15,2024-11-21,CUST-00163,customer 163,Corporate,P1009,Trail Tote,Home Decor,Paper,East,New York,Washington,James Carter,6,96.47,0.033,559.72,272.12,275.8,0.4927,11.8,Credit Card,Medium
ORD-00164,2024-07-08,2024-07-09,CUST-00164,customer 164,Home Office,P1010,Summit Patio Set,Home Decor,Bags,West,California,Los Angeles,Liam Chen,6,60.27,0.012,357.28,152.15,193.33,0.5411,11.8,Debit Card,Low
ORD-00165,2023-06-18,2023-06-22,CUST-00165,customer 165,Corporate,P1009,CloudDrive File Box,Home Decor,Flooring,South,North Carolina,Atlanta,Sophia Singh,3,93.15,0.021,273.58,138.66,126.52,0.4625,8.4,Credit Card,High
ORD-00166,2025-05-24,2025-05-29,CUST-00166,customer 166,Consumer,P1001,Halo Planter,Technology,Lighting,Central,Kansas,Kansas City,Liam Chen,2,284.85,0.01,564,334.51,221.89,0.3934,7.6,Debit Card,Medium
ORD-00167,2024-09-23,2024-09-29,CUST-00167,customer 167,Consumer,P1016,Trail Tote,Furniture,Flooring,East,New Jersey,Boston,Ava Patel,4,38.3,0.015,150.9,66.1,74.6,0.4944,10.2,Credit Card,Medium
ORD-00168,2023-10-03,2023-10-08,CUST-00168,customer 168,Consumer,P1014,Halo Planter,Office Supplies,Storage,South,Georgia,Dallas,Noah Kim,4,46.6,0.052,176.71,79.3,88.21,0.4992,9.2,Bank Transfer,High
ORD-00169,2023-11-06,2023-11-13,CUST-00169,customer 169,Corporate,P1013,CloudDrive File Box,Furniture,Peripherals,West,Washington,Denver,Mia Rodriguez,3,172.64,0.056,488.92,284.95,194.57,0.398,9.4,Cash on Delivery,High
ORD-00170,2024-05-22,2024-05-24,CUST-00170,customer 170,Consumer,P1006,Pulse Keyboard,Office Supplies,Bags,Central,Missouri,Chicago,Ethan Brooks,5,17.22,0,86.1,29.92,46.18,0.5364,10,Bank Transfer,Low
ORD-00171,2025-10-26,2025-11-02,CUST-00171,customer 171,Consumer,P1014,Orbit Wireless Mouse,Technology,Binders,North,Alberta,Vancouver,Mia Rodriguez,3,48.06,0.021,141.15,60.31,72.44,0.5132,8.4,Debit Card,Medium
ORD-00172,2023-08-21,2023-08-28,CUST-00172,customer 172,Home Office,P1008,Tide Cooler,Technology,Peripherals,South,Texas,Houston,Ava Patel,2,36.24,0.009,71.83,35.31,28.92,0.4026,7.6,Debit Card,Medium
ORD-00173,2024-11-24,2024-12-01,CUST-00173,customer 173,Consumer,P1018,Nova Laptop Stand,Technology,Decor,South,Georgia,Miami,Olivia Martin,5,96.6,0.029,468.99,206.66,252.33,0.538,10,PayPal,Medium
ORD-00174,2023-08-15,2023-08-20,CUST-00174,customer 174,Corporate,P1020,Atlas Throw Pillow,Outdoor,Peripherals,Central,Illinois,Chicago,Noah Kim,4,71.75,0.018,281.83,138.59,134.04,0.4756,9.2,PayPal,Low
ORD-00175,2024-07-27,2024-07-28,CUST-00175,customer 175,Consumer,P1001,ErgoMesh Chair,Furniture,Peripherals,West,Colorado,Denver,Sophia Singh,5,318.62,0.019,1562.83,912.86,638.97,0.4089,11,Credit Card,Medium
ORD-00176,2023-08-12,2023-08-14,CUST-00176,customer 176,Consumer,P1012,ProClip Binder,Office Supplies,Peripherals,East,Virginia,Washington,Noah Kim,5,133.6,0.017,656.64,325.77,319.87,0.4871,11,Bank Transfer,High
ORD-00177,2025-10-05,2025-10-09,CUST-00177,customer 177,Consumer,P1011,Lumen Desk Lamp,Office Supplies,Desks,Central,Minnesota,St. Louis,Sophia Singh,2,90.05,0.021,176.32,92.5,76.22,0.4323,7.6,Credit Card,Medium
ORD-00178,2024-12-07,2024-12-09,CUST-00178,customer 178,Consumer,P1013,Harbor Rug,Office Supplies,Accessories,South,North Carolina,Houston,Sophia Singh,4,163.92,0.022,641.26,363.79,268.27,0.4183,9.2,Bank Transfer,High
ORD-00179,2025-02-22,2025-02-26,CUST-00179,customer 179,Home Office,P1004,ProClip Binder,Office Supplies,Accessories,East,Massachusetts,Washington,Sophia Singh,4,632.31,0.029,2455.89,1557.37,888.32,0.3617,10.2,Debit Card,High
ORD-00180,2023-01-27,2023-01-30,CUST-00180,customer 180,Consumer,P1006,Nova Laptop Stand,Outdoor,Paper,East,Massachusetts,Philadelphia,Noah Kim,3,18.69,0.061,52.65,25.47,17.78,0.3377,9.4,Debit Card,Critical
ORD-00181,2024-12-15,2024-12-16,CUST-00181,customer 181,Consumer,P1013,Cove Wall Clock,Home Decor,Chairs,East,Virginia,Philadelphia,Ava Patel,3,180.22,0.045,516.33,298.12,208.81,0.4044,9.4,Credit Card,High
ORD-00182,2023-08-07,2023-08-08,CUST-00182,customer 182,Corporate,P1013,SmartInk Pen Set,Technology,Peripherals,Central,Minnesota,Minneapolis,Sophia Singh,3,161.77,0.035,468.32,268.32,191.6,0.4091,8.4,PayPal,Critical
ORD-00183,2025-09-13,2025-09-17,CUST-00183,customer 183,Corporate,P1006,FlexNote Notebook,Office Supplies,Storage,South,Georgia,Houston,Ethan Brooks,1,18.44,0.013,18.2,12.82,-1.42,-0.078,6.8,Credit Card,Low
ORD-00184,2025-07-25,2025-07-30,CUST-00184,customer 184,Corporate,P1004,SmartInk Pen Set,Furniture,Paper,East,New Jersey,Boston,James Carter,3,654.08,0.016,1930.84,1221.86,699.58,0.3623,9.4,Bank Transfer,Medium
ORD-00185,2023-02-03,2023-02-09,CUST-00185,customer 185,Home Office,P1003,Nimbus Monitor Arm,Home Decor,Lighting,Central,Illinois,Chicago,Ava Patel,1,155.17,0.05,147.41,82.25,58.36,0.3959,6.8,Credit Card,High
ORD-00186,2025-10-26,2025-10-31,CUST-00186,customer 186,Corporate,P1015,Harbor Rug,Home Decor,Accessories,South,Florida,Dallas,Sophia Singh,3,69.17,0.024,202.53,93.35,100.78,0.4976,8.4,Credit Card,Medium
ORD-00187,2025-10-23,2025-10-26,CUST-00187,customer 187,Consumer,P1011,Echo Web Camera,Furniture,Binders,Central,Minnesota,Kansas City,Ava Patel,1,93.02,0.001,92.93,54.17,31.96,0.3439,6.8,Credit Card,Low
ORD-00188,2024-05-13,2024-05-17,CUST-00188,customer 188,Home Office,P1002,ProClip Binder,Outdoor,Peripherals,North,British Columbia,Vancouver,Olivia Martin,3,81.28,0.036,235.06,112.18,114.48,0.487,8.4,Debit Card,Critical
ORD-00189,2024-05-26,2024-05-29,CUST-00189,customer 189,Corporate,P1017,Lumen Desk Lamp,Home Decor,Peripherals,West,Oregon,Seattle,Olivia Martin,2,587.91,0.026,1145.25,764.32,372.33,0.3251,8.6,PayPal,Medium
ORD-00190,2023-11-03,2023-11-07,CUST-00190,customer 190,Consumer,P1002,Halo Planter,Technology,Video,South,North Carolina,Miami,Ethan Brooks,4,87.76,0.013,346.48,163.97,173.31,0.5002,9.2,Credit Card,Low
ORD-00191,2023-02-02,2023-02-05,CUST-00191,customer 191,Consumer,P1001,Halo Planter,Outdoor,Accessories,Central,Minnesota,Chicago,Olivia Martin,3,290.79,0.022,853.18,502.6,342.18,0.4011,8.4,Bank Transfer,Medium
ORD-00192,2025-11-28,2025-12-02,CUST-00192,customer 192,Consumer,P1005,Tide Cooler,Outdoor,Writing,South,North Carolina,Houston,Ethan Brooks,3,13.59,0.016,40.12,25.25,6.47,0.1613,8.4,Debit Card,High
ORD-00193,2025-04-23,2025-04-24,CUST-00193,customer 193,Consumer,P1020,Summit Patio Set,Technology,Coolers,West,California,Denver,Ava Patel,5,75.23,0.055,355.46,165.79,178.67,0.5026,11,Debit Card,High
ORD-00194,2024-08-04,2024-08-07,CUST-00194,customer 194,Consumer,P1017,Nimbus Monitor Arm,Office Supplies,Video,North,Quebec,Toronto,James Carter,3,557.43,0.038,1608.74,1072.88,527.46,0.3279,8.4,Credit Card,Critical
ORD-00195,2024-12-17,2024-12-20,CUST-00195,customer 195,Consumer,P1001,Nimbus Monitor Arm,Furniture,Peripherals,East,New York,Boston,Ava Patel,2,329.65,0.006,655.34,390.53,256.21,0.391,8.6,Credit Card,Medium
ORD-00196,2024-09-06,2024-09-10,CUST-00196,customer 196,Home Office,P1007,Nova Laptop Stand,Office Supplies,Lighting,South,North Carolina,Miami,James Carter,1,24.09,0.005,23.97,14.17,3,0.1252,6.8,Credit Card,Medium
ORD-00197,2025-06-11,2025-06-13,CUST-00197,customer 197,Home Office,P1003,Orbit Wireless Mouse,Office Supplies,Peripherals,North,Quebec,Toronto,Liam Chen,2,163.06,0.015,321.23,170.08,143.55,0.4469,7.6,Credit Card,Low
ORD-00198,2025-10-06,2025-10-08,CUST-00198,customer 198,Corporate,P1016,Echo Web Camera,Furniture,Flooring,East,Virginia,Washington,James Carter,2,41.23,0.038,79.33,33.96,36.77,0.4635,8.6,Cash on Delivery,Medium
ORD-00199,2025-05-22,2025-05-23,CUST-00199,customer 199,Home Office,P1016,ErgoMesh Chair,Office Supplies,Flooring,West,Oregon,Seattle,Ethan Brooks,4,41.21,0.008,163.52,65.05,88.27,0.5398,10.2,PayPal,Low
ORD-00200,2025-05-02,2025-05-07,CUST-00200,customer 200,Consumer,P1012,Aero Standing Desk,Home Decor,Plants,North,Ontario,Toronto,Ethan Brooks,4,132.99,0.022,520.26,264,247.06,0.4749,9.2,PayPal,High
ORD-00201,2024-12-17,2024-12-22,CUST-00201,customer 201,Home Office,P1009,FlexNote Notebook,Office Supplies,Flooring,East,Virginia,None,Noah Kim,1,93.85,0.029,91.13,54.08,29.25,0.321,7.8,Credit Card,High
ORD-00202,2023-10-03,2023-10-04,CUST-00202,customer 202,Corporate,P1014,Summit Patio Set,Technology,Accessories,South,Georgia,Houston,Sophia Singh,2,45.17,0.053,85.55,44.21,33.74,0.3944,7.6,Debit Card,High
ORD-00203,2023-09-12,2023-09-17,CUST-00203,customer 203,Consumer,P1012,FlexNote Notebook,Outdoor,Binders,West,California,San Francisco,Olivia Martin,3,129.35,0.057,365.93,185.8,170.73,0.4666,9.4,Debit Card,High
ORD-00204,2025-06-14,2025-06-20,CUST-00204,customer 204,Consumer,P1016,Aero Standing Desk,Outdoor,Accessories,Central,Missouri,Minneapolis,Sophia Singh,1,39.47,0.004,39.31,21.5,11.01,0.2801,6.8,Credit Card,Medium
ORD-00205,2024-01-02,2024-01-08,CUST-00205,customer 205,Consumer,P1017,Halo Planter,Technology,Bags,West,Oregon,San Francisco,Liam Chen,2,548.1,0.021,1073.18,716.81,347.77,0.3241,8.6,Credit Card,Medium
ORD-00206,2023-01-22,2023-01-28,CUST-00206,customer 206,Consumer,P1012,Orbit Wireless Mouse,Outdoor,Bags,West,Colorado,Los Angeles,Ava Patel,5,132.66,0.014,654.01,329.41,313.6,0.4795,11,Bank Transfer,Low
ORD-00207,2023-08-28,2023-09-04,CUST-00207,customer 207,Consumer,P1004,FlexNote Notebook,Office Supplies,Accessories,South,Georgia,Houston,Ava Patel,3,609.14,0.028,1776.25,1130.84,637.01,0.3586,8.4,Credit Card,Medium
ORD-00208,2025-10-22,2025-10-29,CUST-00208,customer 208,Consumer,P1017,Cove Wall Clock,Technology,Desks,West,Washington,Seattle,Sophia Singh,4,626.34,0.007,2487.82,1647.75,829.87,0.3336,10.2,PayPal,Medium
ORD-00209,2023-08-05,2023-08-11,CUST-00209,customer 209,Consumer,P1001,Harbor Rug,Office Supplies,Bags,West,Oregon,Seattle,Olivia Martin,2,323.35,0.025,630.53,374.24,247.69,0.3928,8.6,Cash on Delivery,Medium
ORD-00210,2023-11-10,2023-11-14,CUST-00210,customer 210,Consumer,P1017,Northstar Lantern,Office Supplies,Paper,West,Washington,Denver,James Carter,2,633.82,0.026,1234.68,825.17,400.91,0.3247,8.6,Debit Card,High
ORD-00211,2024-01-10,2024-01-12,CUST-00211,customer 211,Home Office,P1011,CloudDrive File Box,Office Supplies,Video,North,Ontario,Montreal,Mia Rodriguez,4,89.64,0.027,348.88,169.1,170.58,0.4889,9.2,PayPal,High
ORD-00212,2025-06-21,2025-06-22,CUST-00212,customer 212,Consumer,P1019,Echo Web Camera,Outdoor,Furniture,West,California,Los Angeles,Sophia Singh,3,61.84,0.024,181.07,77.91,93.76,0.5178,9.4,Bank Transfer,Medium
ORD-00213,2025-04-09,2025-04-13,CUST-00213,customer 213,Consumer,P1018,Trail Tote,Home Decor,Paper,Central,Kansas,St. Louis,James Carter,3,86.01,0.011,255.19,120.15,126.64,0.4963,8.4,Bank Transfer,Medium
ORD-00214,2023-07-21,2023-07-27,CUST-00214,customer 214,Corporate,P1020,Northstar Lantern,Technology,Desks,East,New York,Philadelphia,Sophia Singh,3,74.53,0.034,215.99,107.97,98.62,0.4566,9.4,Credit Card,Medium
ORD-00215,2025-02-13,2025-02-14,CUST-00215,customer 215,Home Office,P1002,Northstar Lantern,Office Supplies,Storage,South,Texas,Atlanta,Liam Chen,3,74.83,0.024,219.1,106.14,104.56,0.4772,8.4,Credit Card,Medium
ORD-00216,2023-12-10,2023-12-12,CUST-00216,customer 216,Consumer,P1009,ProClip Binder,Furniture,Accessories,Central,Kansas,St. Louis,Ava Patel,6,95.72,0.054,543.31,261.59,270.92,0.4986,10.8,Credit Card,High
ORD-00217,2024-04-06,2024-04-11,CUST-00217,customer 217,Home Office,P1009,CloudDrive File Box,Technology,Furniture,East,New Jersey,Washington,Noah Kim,4,94.68,0.003,377.58,183.01,184.37,0.4883,10.2,Debit Card,Low
ORD-00218,2025-12-11,2025-12-15,CUST-00218,customer 218,Consumer,P1012,Orbit Wireless Mouse,Home Decor,Storage,South,Texas,Atlanta,Olivia Martin,4,133.35,0.038,513.13,258.07,245.86,0.4791,9.2,Credit Card,High
ORD-00219,2024-06-04,2024-06-06,CUST-00219,customer 219,Consumer,P1013,Summit Patio Set,Home Decor,Paper,East,New York,Boston,Olivia Martin,3,168.38,0.016,497.06,289.97,197.69,0.3977,9.4,Debit Card,Medium
ORD-00220,2025-12-26,2025-12-27,CUST-00220,customer 220,Consumer,P1016,ErgoMesh Chair,Home Decor,Peripherals,North,British Columbia,Montreal,Sophia Singh,1,42.16,0.048,40.14,23.89,9.45,0.2354,6.8,Bank Transfer,Critical
ORD-00221,2025-08-14,2025-08-17,CUST-00221,customer 221,Corporate,P1013,Northstar Lantern,Office Supplies,Coolers,South,Florida,Houston,Olivia Martin,3,166.21,0.026,485.67,281.59,195.68,0.4029,8.4,Cash on Delivery,Medium
ORD-00222,2024-12-17,2024-12-21,CUST-00222,customer 222,Consumer,P1014,Echo Web Camera,Home Decor,Decor,East,Virginia,New York,James Carter,3,44.78,0.028,130.58,60.72,60.46,0.463,9.4,PayPal,Medium
ORD-00223,2023-01-20,2023-01-27,CUST-00223,customer 223,Corporate,P1007,Lumen Desk Lamp,Home Decor,Paper,South,Georgia,Houston,Olivia Martin,1,24.37,0.03,23.64,16.02,0.82,0.0347,6.8,Bank Transfer,High
ORD-00224,2024-10-02,2024-10-03,CUST-00224,customer 224,Consumer,P1002,Summit Patio Set,Home Decor,Plants,Central,Missouri,Minneapolis,Olivia Martin,4,85.97,0.027,334.6,158.35,167.05,0.4993,9.2,Credit Card,Medium
ORD-00225,2023-12-10,2023-12-11,CUST-00225,customer 225,Corporate,P1012,SmartInk Pen Set,Office Supplies,Paper,Central,Illinois,St. Louis,Sophia Singh,1,143.7,0.025,140.11,79.6,53.71,0.3833,6.8,Credit Card,Medium
ORD-00226,2023-03-03,2023-03-10,CUST-00226,customer 226,Consumer,P1017,Cove Wall Clock,Outdoor,Video,East,New Jersey,Boston,Noah Kim,3,543.65,0.018,1601.59,1064.73,527.46,0.3293,9.4,Bank Transfer,Low
ORD-00227,2025-02-07,2025-02-09,CUST-00227,customer 227,Consumer,P1005,Cove Wall Clock,Furniture,Peripherals,South,Georgia,Miami,James Carter,5,12.4,0.002,61.88,27.87,24.01,0.388,10,Bank Transfer,Medium
ORD-00228,2024-06-07,2024-06-08,CUST-00228,customer 228,Corporate,P1020,Echo Web Camera,Outdoor,Storage,Central,Kansas,Chicago,Liam Chen,2,76.5,0.024,149.33,79.11,62.62,0.4193,7.6,Credit Card,Low
ORD-00229,2025-12-01,2025-12-05,CUST-00229,customer 229,Corporate,P1010,Atlas Throw Pillow,Home Decor,Chairs,Central,Illinois,St. Louis,Mia Rodriguez,3,56.7,0.02,166.7,73.68,84.62,0.5076,8.4,Debit Card,Medium
ORD-00230,2024-08-08,2024-08-14,CUST-00230,customer 230,Consumer,P1018,Tide Cooler,Outdoor,Accessories,East,Virginia,Philadelphia,James Carter,2,96.58,0.027,187.94,90.09,89.25,0.4749,8.6,Cash on Delivery,Medium
ORD-00231,2025-08-23,2025-08-30,CUST-00231,customer 231,Home Office,P1003,CloudDrive File Box,Furniture,Textiles,West,Colorado,Seattle,Liam Chen,2,169.16,0.013,333.92,177.37,147.95,0.4431,8.6,Cash on Delivery,Medium
ORD-00232,2024-03-01,2024-03-05,CUST-00232,customer 232,Corporate,P1013,Lumen Desk Lamp,Home Decor,Peripherals,Central,Minnesota,St. Louis,Sophia Singh,4,160.24,0.023,626.22,359.87,257.15,0.4106,9.2,Debit Card,Medium
ORD-00233,2024-01-08,2024-01-15,CUST-00233,customer 233,Consumer,P1013,Pulse Keyboard,Home Decor,Accessories,West,Washington,San Francisco,Liam Chen,2,159.56,0.02,312.74,183.65,120.49,0.3853,8.6,Credit Card,High
ORD-00234,2024-11-14,2024-11-15,CUST-00234,customer 234,Home Office,P1010,ErgoMesh Chair,Technology,Peripherals,West,California,San Francisco,Ethan Brooks,1,59.94,0.021,58.68,29.69,21.19,0.3611,7.8,Credit Card,Medium
ORD-00235,2023-02-14,2023-02-16,CUST-00235,customer 235,Corporate,P1002,Orbit Wireless Mouse,Technology,Lighting,South,Texas,Houston,Noah Kim,3,74.97,0.029,218.39,102.8,107.19,0.4908,8.4,Bank Transfer,High
ORD-00236,2025-09-02,2025-09-06,CUST-00236,customer 236,Consumer,P1016,Tide Cooler,Outdoor,Bags,North,Quebec,Vancouver,Liam Chen,4,38.99,0.011,154.24,64.64,80.4,0.5213,9.2,PayPal,Medium
ORD-00237,2023-12-08,2023-12-11,CUST-00237,customer 237,Consumer,P1004,Atlas Throw Pillow,Home Decor,Peripherals,West,Washington,San Francisco,Sophia Singh,3,688.6,0.061,1939.79,1233.56,696.83,0.3592,9.4,PayPal,High
ORD-00238,2023-04-19,2023-04-25,CUST-00238,customer 238,Corporate,P1019,Lumen Desk Lamp,Office Supplies,Bags,South,Florida,Dallas,Noah Kim,2,56.96,0.022,111.41,55.65,48.16,0.4323,7.6,Credit Card,Medium
ORD-00239,2024-09-10,2024-09-17,CUST-00239,customer 239,Consumer,P1005,Summit Patio Set,Outdoor,Peripherals,South,Texas,Miami,James Carter,4,12.5,0.075,46.25,24.25,12.8,0.2768,9.2,Debit Card,Critical
ORD-00240,2023-02-07,2023-02-12,CUST-00240,customer 240,Consumer,P1007,Atlas Throw Pillow,Office Supplies,Writing,East,Massachusetts,Philadelphia,James Carter,1,24.96,0.016,24.56,14.38,2.38,0.0969,7.8,PayPal,High
ORD-00241,2025-08-13,2025-08-15,CUST-00241,Customer 241,Consumer,P1009,Northstar Lantern,Furniture,Peripherals,West,Oregon,Seattle,Noah Kim,3,99.49,0.006,296.68,148.03,139.25,0.4694,9.4,Debit Card,Low
ORD-00242,2025-03-22,2025-03-24,CUST-00242,Customer 242,Corporate,P1005,FlexNote Notebook,Outdoor,Paper,West,Washington,San Francisco,Sophia Singh,3,12.49,0.02,36.72,22.68,4.64,0.1264,9.4,Credit Card,Low
ORD-00243,2025-10-21,2025-10-26,CUST-00243,Customer 243,Consumer,P1008,ProClip Binder,Home Decor,Video,East,New Jersey,Philadelphia,Sophia Singh,4,37.65,0.06,141.56,62.41,68.95,0.4871,10.2,Debit Card,High
ORD-00244,2024-05-15,2024-05-20,CUST-00244,Customer 244,Home Office,P1002,Summit Patio Set,Furniture,Coolers,East,Virginia,Philadelphia,Sophia Singh,3,78.19,0.003,233.87,111.8,112.67,0.4818,9.4,PayPal,Medium
ORD-00245,2023-07-11,2023-07-15,CUST-00245,Customer 245,Consumer,P1020,Atlas Throw Pillow,Furniture,Paper,East,New York,New York,Mia Rodriguez,4,79.13,0.028,307.66,142.63,154.83,0.5033,10.2,Bank Transfer,Medium
ORD-00246,2025-08-26,2025-08-27,CUST-00246,Customer 246,Consumer,P1020,Atlas Throw Pillow,Office Supplies,Plants,South,Texas,Houston,Sophia Singh,2,76.44,0.027,148.75,73.11,68.04,0.4574,7.6,Credit Card,Medium
ORD-00247,2024-03-14,2024-03-15,CUST-00247,Customer 247,Corporate,P1007,SmartInk Pen Set,Outdoor,Video,North,Quebec,Montreal,Liam Chen,3,23.26,0.015,68.73,33.24,27.09,0.3942,8.4,Bank Transfer,Low
ORD-00248,2025-10-11,2025-10-14,CUST-00248,Customer 248,Corporate,P1004,Atlas Throw Pillow,Furniture,Chairs,North,Alberta,Toronto,James Carter,3,685.98,0.01,2037.36,1295.31,733.65,0.3601,8.4,Credit Card,Medium
ORD-00249,2025-05-02,2025-05-08,CUST-00249,Customer 249,Consumer,P1015,Nova Laptop Stand,Home Decor,Coolers,South,Texas,Houston,Ethan Brooks,2,62.92,0.003,125.46,59.44,58.42,0.4656,7.6,Debit Card,Medium
ORD-00250,2025-09-02,2025-09-09,CUST-00250,Customer 250,Consumer,P1018,ProClip Binder,Furniture,Binders,Central,Kansas,St. Louis,Ava Patel,1,84.35,0.071,78.36,41.58,29.98,0.3826,6.8,Credit Card,Critical
ORD-00251,2023-03-12,2023-03-13,CUST-00251,Customer 251,Consumer,P1002,Atlas Throw Pillow,Technology,Binders,North,Alberta,Montreal,Mia Rodriguez,4,79.96,0.01,316.64,144.15,163.29,0.5157,9.2,Bank Transfer,Low
ORD-00252,2024-10-15,2024-10-18,CUST-00252,Customer 252,Corporate,P1014,Nova Laptop Stand,Outdoor,Peripherals,Central,Minnesota,Kansas City,Mia Rodriguez,2,46.17,0.02,90.49,39.49,43.4,0.4796,7.6,Debit Card,Low
ORD-00253,2025-03-17,2025-03-20,CUST-00253,Customer 253,Consumer,P1010,Aero Standing Desk,Technology,Peripherals,South,Florida,Houston,James Carter,2,54.01,0.059,101.65,50.72,43.33,0.4263,7.6,PayPal,High
ORD-00254,2024-06-14,2024-06-16,CUST-00254,Customer 254,Corporate,P1005,ProClip Binder,Furniture,Textiles,Central,Illinois,Kansas City,Ava Patel,2,12.66,0.043,24.23,12.98,3.65,0.1506,7.6,Debit Card,High
ORD-00255,2023-04-25,2023-04-27,CUST-00255,Customer 255,Corporate,P1012,Cove Wall Clock,Furniture,Binders,East,Virginia,Philadelphia,Olivia Martin,4,129.31,0.035,499.14,254.14,234.8,0.4704,10.2,Debit Card,Medium
ORD-00256,2024-10-16,2024-10-22,CUST-00256,Customer 256,Consumer,P1010,Nimbus Monitor Arm,Furniture,Chairs,South,North Carolina,Houston,Liam Chen,2,57.03,0.022,111.55,51.12,52.83,0.4736,7.6,Credit Card,Medium
ORD-00257,2025-04-27,2025-05-01,CUST-00257,Customer 257,Consumer,P1018,Summit Patio Set,Home Decor,Textiles,West,California,San Francisco,Mia Rodriguez,2,88.63,0.063,166.09,75.55,81.94,0.4933,8.6,Cash on Delivery,High
ORD-00258,2025-11-08,2025-11-13,CUST-00258,Customer 258,Consumer,P1006,Pulse Keyboard,Outdoor,Accessories,South,Georgia,Miami,James Carter,3,18.65,0.029,54.33,26.6,19.33,0.3558,8.4,Bank Transfer,Medium
ORD-00259,2024-12-24,2024-12-29,CUST-00259,Customer 259,Consumer,P1012,CloudDrive File Box,Technology,Binders,South,Georgia,Miami,Mia Rodriguez,4,136.42,0.003,544.04,272.56,262.28,0.4821,9.2,PayPal,Medium
ORD-00260,2023-04-17,2023-04-23,CUST-00260,Customer 260,Corporate,P1001,CloudDrive File Box,Home Decor,Accessories,East,New Jersey,New York,Sophia Singh,3,291.51,0.02,857.04,503.51,344.13,0.4015,9.4,Credit Card,Medium
ORD-00261,2024-09-05,2024-09-08,CUST-00261,Customer 261,Corporate,P1007,Aero Standing Desk,Furniture,Lighting,Central,Kansas,Minneapolis,Ethan Brooks,5,24.09,0.031,116.72,45.71,61.01,0.5227,10,Debit Card,Medium
ORD-00262,2025-02-12,2025-02-18,CUST-00262,Customer 262,Corporate,P1012,Halo Planter,Office Supplies,Storage,East,Massachusetts,Washington,James Carter,5,125.36,0.024,611.76,303.9,296.86,0.4853,11,Credit Card,High
ORD-00263,2023-06-06,2023-06-11,CUST-00263,Customer 263,Consumer,P1007,Atlas Throw Pillow,Office Supplies,Lighting,East,Virginia,Boston,James Carter,5,24.32,0.013,120.02,43.9,65.12,0.5426,11,Bank Transfer,Medium
ORD-00264,2024-10-18,2024-10-21,CUST-00264,Customer 264,Home Office,P1009,Pulse Keyboard,Office Supplies,Lighting,West,California,Los Angeles,Olivia Martin,3,96.73,0.054,274.52,138.82,126.3,0.4601,9.4,Credit Card,High
ORD-00265,2025-09-26,2025-10-01,CUST-00265,Customer 265,Consumer,P1020,SmartInk Pen Set,Office Supplies,Plants,East,New York,New York,Noah Kim,4,70.72,0.028,274.96,131.6,133.16,0.4843,10.2,PayPal,High
ORD-00266,2025-09-05,2025-09-09,CUST-00266,Customer 266,Consumer,P1015,Tide Cooler,Technology,Decor,North,British Columbia,Vancouver,Mia Rodriguez,2,64.45,0.018,126.58,62.2,56.78,0.4486,7.6,Cash on Delivery,Medium
ORD-00267,2025-05-06,2025-05-08,CUST-00267,Customer 267,Corporate,P1012,ProClip Binder,Furniture,Decor,West,Colorado,San Francisco,Ethan Brooks,3,137.16,0.034,397.49,204.45,183.64,0.462,9.4,Bank Transfer,Low
ORD-00268,2025-06-09,2025-06-11,CUST-00268,Customer 268,Home Office,P1013,Aero Standing Desk,Home Decor,Desks,East,Virginia,Boston,Olivia Martin,1,173.93,0.032,168.36,98.76,61.8,0.3671,7.8,Credit Card,High
ORD-00269,2024-02-15,2024-02-18,CUST-00269,Customer 269,Consumer,P1004,FlexNote Notebook,Home Decor,Lighting,West,Oregon,Los Angeles,James Carter,2,621.54,0.062,1166.01,741.32,416.09,0.3568,8.6,Credit Card,High
ORD-00270,2023-10-10,2023-10-16,CUST-00270,Customer 270,Corporate,P1010,Nimbus Monitor Arm,Technology,Writing,West,Colorado,Los Angeles,Liam Chen,2,63.97,0.085,117.07,59.83,48.64,0.4155,8.6,Debit Card,Critical
ORD-00271,2025-07-17,2025-07-22,CUST-00271,Customer 271,Home Office,P1003,ProClip Binder,Furniture,Textiles,East,Virginia,Boston,Olivia Martin,2,150.49,0.058,283.52,154.53,120.39,0.4246,8.6,Debit Card,High
ORD-00272,2025-10-26,2025-10-27,CUST-00272,Customer 272,Corporate,P1005,Cove Wall Clock,Office Supplies,Storage,South,Florida,Miami,James Carter,2,12.57,0.053,23.81,17.79,-1.58,-0.0664,7.6,Debit Card,High
ORD-00273,2025-04-19,2025-04-23,CUST-00273,Customer 273,Consumer,P1004,ErgoMesh Chair,Office Supplies,Plants,East,New York,New York,Noah Kim,1,609.36,0.003,607.53,387.38,212.35,0.3495,7.8,Credit Card,Low
ORD-00274,2025-05-12,2025-05-17,CUST-00274,Customer 274,Home Office,P1019,Trail Tote,Technology,Bags,Central,Missouri,Chicago,Ava Patel,3,57.8,0.022,169.59,78.37,82.82,0.4884,8.4,Debit Card,High
ORD-00275,2024-05-09,2024-05-16,CUST-00275,Customer 275,Corporate,P1015,Cove Wall Clock,Office Supplies,Paper,Central,Missouri,Chicago,Olivia Martin,3,65.59,0.034,190.08,89.49,92.19,0.485,8.4,PayPal,Medium
ORD-00276,2024-01-15,2024-01-16,CUST-00276,Customer 276,Corporate,P1007,ProClip Binder,Home Decor,Chairs,West,Colorado,San Francisco,Olivia Martin,3,25.94,0.087,71.05,33.61,28.04,0.3947,9.4,Cash on Delivery,Critical
ORD-00277,2025-05-14,2025-05-18,CUST-00277,Customer 277,Corporate,P1003,Nimbus Monitor Arm,Technology,Video,North,Alberta,Montreal,Mia Rodriguez,1,144.33,0.021,141.3,77.12,57.38,0.4061,6.8,Bank Transfer,Medium
ORD-00278,2024-11-01,2024-11-05,CUST-00278,Customer 278,Home Office,P1016,Summit Patio Set,Furniture,Accessories,Central,Missouri,Chicago,Liam Chen,5,43.05,0.006,213.96,86.93,117.03,0.547,10,Credit Card,Medium
ORD-00279,2025-12-17,2025-12-19,CUST-00279,Customer 279,Consumer,P1015,Cove Wall Clock,Technology,Lighting,East,Massachusetts,Washington,Ethan Brooks,3,73.74,0,221.22,102.73,109.09,0.4931,9.4,Credit Card,Medium
ORD-00280,2025-07-01,2025-07-04,CUST-00280,Customer 280,Consumer,P1018,Northstar Lantern,Office Supplies,Coolers,North,Quebec,Toronto,Ava Patel,3,94.93,0.016,280.23,129.2,142.63,0.509,8.4,Debit Card,Medium
ORD-00281,2025-07-23,2025-07-28,CUST-00281,Customer 281,Consumer,P1003,SmartInk Pen Set,Technology,Writing,Central,Illinois,St. Louis,Sophia Singh,3,160.9,0.018,474.01,247.73,217.88,0.4597,8.4,Cash on Delivery,Medium
ORD-00282,2024-01-21,2024-01-25,CUST-00282,Customer 282,Consumer,P1014,Pulse Keyboard,Technology,Peripherals,Central,Illinois,Minneapolis,Sophia Singh,3,41.02,0.023,120.23,58.53,53.3,0.4433,8.4,PayPal,Medium
ORD-00283,2024-11-22,2024-11-27,CUST-00283,Customer 283,Consumer,P1001,SmartInk Pen Set,Office Supplies,Peripherals,South,Florida,Dallas,James Carter,2,300.06,0.024,585.72,349.55,228.57,0.3902,7.6,Bank Transfer,Medium
ORD-00284,2023-01-13,2023-01-17,CUST-00284,Customer 284,Corporate,P1007,Harbor Rug,Office Supplies,Bags,South,Texas,Miami,Noah Kim,1,24.49,0.015,24.12,17.62,-0.3,-0.0124,6.8,Credit Card,Low
ORD-00285,2024-12-08,2024-12-14,CUST-00285,Customer 285,Consumer,P1002,Cove Wall Clock,Outdoor,Bags,North,Ontario,Toronto,Ava Patel,4,85.9,0.003,342.57,161.87,171.5,0.5006,9.2,Debit Card,Medium
ORD-00286,2023-07-13,2023-07-15,CUST-00286,Customer 286,Corporate,P1010,Pulse Keyboard,Home Decor,Plants,West,Oregon,San Francisco,Noah Kim,2,56.69,0.029,110.09,49.97,51.52,0.468,8.6,Credit Card,Medium
ORD-00287,2024-05-16,2024-05-19,CUST-00287,Customer 287,Home Office,P1016,CloudDrive File Box,Home Decor,Furniture,East,Virginia,Washington,Ava Patel,3,37.28,0.036,107.81,49.3,49.11,0.4555,9.4,Credit Card,Critical
ORD-00288,2024-12-02,2024-12-03,CUST-00288,Customer 288,Consumer,P1012,Echo Web Camera,Office Supplies,Accessories,West,Washington,Seattle,Ethan Brooks,3,148.3,0.027,432.89,221.05,202.44,0.4676,9.4,Bank Transfer,High
ORD-00289,2023-01-13,2023-01-14,CUST-00289,Customer 289,Home Office,P1018,Halo Planter,Home Decor,Peripherals,West,Colorado,San Francisco,James Carter,5,88.73,0.03,430.34,196.36,222.98,0.5181,11,PayPal,Medium
ORD-00290,2024-08-18,2024-08-24,CUST-00290,Customer 290,Consumer,P1006,Orbit Wireless Mouse,Furniture,Flooring,West,Colorado,Denver,James Carter,1,20.4,0.021,19.97,13.19,-1.02,-0.0511,7.8,Credit Card,High
ORD-00291,2023-08-03,2023-08-10,CUST-00291,Customer 291,Home Office,P1017,Lumen Desk Lamp,Technology,Binders,East,Virginia,Washington,Ava Patel,3,609.24,0.049,1738.16,1156.15,572.61,0.3294,9.4,Bank Transfer,High
ORD-00292,2023-04-13,2023-04-15,CUST-00292,Customer 292,Home Office,P1008,Harbor Rug,Furniture,Decor,East,Virginia,Washington,Olivia Martin,5,34.51,0.011,170.65,70.67,88.98,0.5214,11,Bank Transfer,Medium
ORD-00293,2025-06-19,2025-06-23,CUST-00293,Customer 293,Consumer,P1009,Orbit Wireless Mouse,Outdoor,Peripherals,East,New York,Washington,Sophia Singh,2,98.83,0.024,192.92,95.23,89.09,0.4618,8.6,Debit Card,Medium
ORD-00294,2024-09-13,2024-09-15,CUST-00294,Customer 294,Consumer,P1019,Summit Patio Set,Technology,Flooring,South,North Carolina,Houston,James Carter,1,52.39,0.014,51.66,28.77,16.09,0.3115,6.8,Credit Card,Low
ORD-00295,2023-10-19,2023-10-22,CUST-00295,Customer 295,Consumer,P1002,Orbit Wireless Mouse,Outdoor,Furniture,South,North Carolina,Houston,Noah Kim,3,87.29,0.004,260.82,124.54,127.88,0.4903,8.4,Cash on Delivery,Low
ORD-00296,2024-01-04,2024-01-05,CUST-00296,Customer 296,Home Office,P1007,ProClip Binder,Office Supplies,Decor,East,New Jersey,New York,Sophia Singh,2,25.68,0.019,50.38,20.84,20.94,0.4156,8.6,PayPal,Medium
ORD-00297,2025-12-19,2025-12-24,CUST-00297,Customer 297,Home Office,P1011,Trail Tote,Technology,Decor,West,California,San Francisco,Ava Patel,4,100.89,0.05599999999999999,380.96,187.09,183.67,0.4821,10.2,Bank Transfer,High
ORD-00298,2023-03-18,2023-03-19,CUST-00298,Customer 298,Consumer,P1013,ErgoMesh Chair,Outdoor,Desks,West,California,San Francisco,Sophia Singh,4,163.98,0.027,638.21,369.33,258.68,0.4053,10.2,Cash on Delivery,High
ORD-00299,2024-04-25,2024-05-02,CUST-00299,Customer 299,Corporate,P1010,Summit Patio Set,Home Decor,Desks,West,Washington,San Francisco,Noah Kim,1,55.63,0.057,52.46,29.14,15.52,0.2958,7.8,Credit Card,Critical
ORD-00300,2023-04-06,2023-04-13,CUST-00300,Customer 300,Consumer,P1015,ErgoMesh Chair,Home Decor,Decor,West,Colorado,San Francisco,James Carter,3,68.05,0.031,197.82,93.26,95.16,0.481,9.4,Bank Transfer,Medium
ORD-00301,2023-01-19,2023-01-26,CUST-00301,Customer 301,Consumer,P1007,FlexNote Notebook,Home Decor,Decor,Central,Illinois,Minneapolis,Noah Kim,1,24.06,0.02,23.58,17.34,-0.56,-0.0237,6.8,Credit Card,Medium
ORD-00302,2024-03-25,2024-04-01,CUST-00302,Customer 302,Home Office,P1006,Halo Planter,Office Supplies,Writing,Central,Kansas,St. Louis,Liam Chen,4,18.37,0.011,72.67,28.27,35.2,0.4844,9.2,Debit Card,Low
ORD-00303,2024-12-04,2024-12-07,CUST-00303,Customer 303,Consumer,P1012,ErgoMesh Chair,Office Supplies,Textiles,East,New York,New York,Sophia Singh,2,141.79,0.052,268.83,140.51,119.72,0.4453,8.6,Bank Transfer,High
ORD-00304,2024-05-04,2024-05-08,CUST-00304,Customer 304,Home Office,P1003,Summit Patio Set,Home Decor,Decor,East,New York,Washington,Liam Chen,4,146.1,0.018,573.88,299.38,264.3,0.4605,10.2,Debit Card,Low
ORD-00305,2025-02-24,2025-02-26,CUST-00305,Customer 305,Home Office,P1016,Cove Wall Clock,Home Decor,Paper,Central,Missouri,Kansas City,Ava Patel,1,38.94,0.059,36.64,22.48,7.36,0.2009,6.8,Debit Card,Critical
ORD-00306,2025-02-07,2025-02-08,CUST-00306,Customer 306,Home Office,P1020,Harbor Rug,Home Decor,Writing,South,Florida,Dallas,Ethan Brooks,3,68.78,0.015,203.24,102.41,92.43,0.4548,8.4,Credit Card,Medium
ORD-00307,2024-10-07,2024-10-14,CUST-00307,Customer 307,Consumer,P1009,Pulse Keyboard,Outdoor,Furniture,West,Oregon,Seattle,Sophia Singh,5,97.31,0.035,469.52,227.01,231.51,0.4931,11,Bank Transfer,High
ORD-00308,2024-11-26,2024-11-27,CUST-00308,Customer 308,Consumer,P1010,Echo Web Camera,Furniture,Plants,East,Virginia,Washington,Mia Rodriguez,1,58.75,0.018,57.69,32.25,17.64,0.3058,7.8,Credit Card,Medium
ORD-00309,2025-04-23,2025-04-30,CUST-00309,Customer 309,Consumer,P1013,ProClip Binder,Home Decor,Writing,South,Georgia,Dallas,Liam Chen,2,150.06,0.001,299.82,173,119.22,0.3976,7.6,Credit Card,Medium
ORD-00310,2023-01-26,2023-01-31,CUST-00310,Customer 310,Corporate,P1008,Pulse Keyboard,Furniture,Peripherals,East,New Jersey,Washington,Noah Kim,4,36.17,0.019,141.93,59.66,72.07,0.5078,10.2,Credit Card,Medium
ORD-00311,2024-04-16,2024-04-18,CUST-00311,Customer 311,Corporate,P1006,Lumen Desk Lamp,Furniture,Coolers,East,New Jersey,Washington,James Carter,3,17.96,0.02,52.8,26.23,17.17,0.3252,9.4,Credit Card,Medium
ORD-00312,2023-02-27,2023-03-04,CUST-00312,Customer 312,Consumer,P1003,Tide Cooler,Outdoor,Peripherals,West,Washington,San Francisco,Liam Chen,3,152.76,0.063,429.41,229.81,190.2,0.4429,9.4,Debit Card,High
ORD-00313,2023-02-16,2023-02-21,CUST-00313,Customer 313,Corporate,P1012,Echo Web Camera,Office Supplies,Decor,South,Georgia,Miami,Sophia Singh,4,120.14,0.021,470.47,238.38,222.89,0.4738,9.2,Credit Card,Medium
ORD-00314,2025-06-05,2025-06-12,CUST-00314,Customer 314,Consumer,P1009,Halo Planter,Technology,Desks,East,New Jersey,Washington,Liam Chen,4,90.45,0.007,359.27,180.22,168.85,0.47,10.2,Credit Card,Low
ORD-00315,2025-04-15,2025-04-19,CUST-00315,Customer 315,Consumer,P1009,Nova Laptop Stand,Office Supplies,Accessories,South,Texas,Atlanta,James Carter,2,89.46,0.012,176.77,94.18,74.99,0.4242,7.6,Credit Card,Low
ORD-00316,2025-07-23,2025-07-24,CUST-00316,Customer 316,Consumer,P1011,CloudDrive File Box,Furniture,Decor,East,New Jersey,New York,James Carter,3,88.9,0.028,259.23,124.75,125.08,0.4825,9.4,Bank Transfer,Critical
ORD-00317,2024-04-04,2024-04-10,CUST-00317,Customer 317,Consumer,P1006,Tide Cooler,Office Supplies,Bags,East,New Jersey,Washington,Noah Kim,3,18.49,0.016,54.58,20.81,24.37,0.4465,9.4,Bank Transfer,Medium
ORD-00318,2023-12-24,2023-12-26,CUST-00318,Customer 318,Consumer,P1002,Atlas Throw Pillow,Furniture,Accessories,East,Massachusetts,New York,Liam Chen,1,84.46,0.015,83.19,46.17,29.22,0.3512,7.8,PayPal,Low
ORD-00319,2023-12-25,2023-12-29,CUST-00319,Customer 319,Consumer,P1007,Orbit Wireless Mouse,Office Supplies,Accessories,South,Florida,Miami,Liam Chen,4,24.39,0.003,97.27,36.21,51.86,0.5332,9.2,PayPal,Low
ORD-00320,2023-08-13,2023-08-19,CUST-00320,Customer 320,Home Office,P1009,Echo Web Camera,Home Decor,Bags,South,North Carolina,Atlanta,Mia Rodriguez,1,92.73,0.018,91.06,47.07,37.19,0.4084,6.8,Bank Transfer,Low
ORD-00321,2024-06-28,2024-07-02,CUST-00321,Customer 321,Corporate,P1019,Trail Tote,Furniture,Video,Central,Missouri,Chicago,Ava Patel,2,55.47,0.03,107.61,52.24,47.77,0.4439,7.6,Credit Card,Medium
ORD-00322,2025-06-19,2025-06-26,CUST-00322,Customer 322,Consumer,P1018,Echo Web Camera,Furniture,Peripherals,East,New York,Philadelphia,Olivia Martin,5,95.67,0.008,474.52,213.11,250.41,0.5277,11,Bank Transfer,Low
ORD-00323,2025-06-07,2025-06-14,CUST-00323,Customer 323,Corporate,P1012,Orbit Wireless Mouse,Home Decor,Bags,North,British Columbia,Toronto,Noah Kim,2,140.67,0.023,274.87,144.05,123.22,0.4483,7.6,Credit Card,Low
ORD-00324,2023-10-12,2023-10-16,CUST-00324,Customer 324,Corporate,P1011,Cove Wall Clock,Technology,Coolers,South,North Carolina,Atlanta,Olivia Martin,2,88.4,0.048,168.31,85.1,75.61,0.4492,7.6,Debit Card,Critical
ORD-00325,2025-07-26,2025-07-29,CUST-00325,Customer 325,Consumer,P1010,Aero Standing Desk,Office Supplies,Video,East,Massachusetts,Philadelphia,James Carter,3,55.37,0.015,163.62,77.77,76.45,0.4672,9.4,Cash on Delivery,Medium
ORD-00326,2025-11-09,2025-11-12,CUST-00326,Customer 326,Corporate,P1003,Halo Planter,Furniture,Desks,West,Colorado,Denver,Ava Patel,4,172.26,0.019,675.95,355.11,310.64,0.4596,10.2,Bank Transfer,Medium
ORD-00327,2024-12-17,2024-12-21,CUST-00327,Customer 327,Corporate,P1012,Trail Tote,Technology,Lighting,East,New York,Philadelphia,Mia Rodriguez,2,139.01,0.064,260.23,138.89,112.74,0.4332,8.6,Debit Card,High
ORD-00328,2024-05-02,2024-05-05,CUST-00328,Customer 328,Corporate,P1004,Nova Laptop Stand,Office Supplies,Lighting,East,New Jersey,Philadelphia,James Carter,4,590.34,0.038,2271.63,1440.86,820.57,0.3612,10.2,Cash on Delivery,High
ORD-00329,2024-08-16,2024-08-18,CUST-00329,Customer 329,Corporate,P1010,SmartInk Pen Set,Home Decor,Furniture,Central,Illinois,Chicago,Olivia Martin,1,54.22,0.021,53.08,30.48,15.8,0.2977,6.8,Credit Card,Low
ORD-00330,2023-02-07,2023-02-08,CUST-00330,Customer 330,Corporate,P1002,SmartInk Pen Set,Technology,Storage,East,Massachusetts,Philadelphia,Ethan Brooks,1,79.82,0.032,77.27,40.73,28.74,0.3719,7.8,Cash on Delivery,Medium
ORD-00331,2024-04-18,2024-04-24,CUST-00331,Customer 331,Consumer,P1012,Trail Tote,Outdoor,Peripherals,East,New Jersey,Washington,Ethan Brooks,1,126.51,0.033,122.34,71.47,43.07,0.3521,7.8,Bank Transfer,High
ORD-00332,2025-06-07,2025-06-14,CUST-00332,Customer 332,Home Office,P1011,Nova Laptop Stand,Outdoor,Paper,South,North Carolina,Atlanta,Sophia Singh,2,84.83,0.023,165.76,86.18,71.98,0.4342,7.6,PayPal,High
ORD-00333,2023-04-01,2023-04-03,CUST-00333,Customer 333,Consumer,P1014,Orbit Wireless Mouse,Furniture,Paper,West,California,Denver,Sophia Singh,2,43.55,0.018,85.53,41.65,35.28,0.4125,8.6,Credit Card,High
ORD-00334,2023-11-03,2023-11-04,CUST-00334,Customer 334,Home Office,P1015,Trail Tote,Technology,Flooring,West,California,Denver,Mia Rodriguez,3,74.7,0.029,217.6,98.03,110.17,0.5063,9.4,Bank Transfer,Medium
ORD-00335,2023-03-21,2023-03-24,CUST-00335,Customer 335,Consumer,P1014,Harbor Rug,Office Supplies,Desks,East,New Jersey,New York,Sophia Singh,6,44.12,0.003,263.93,108.89,143.24,0.5427,11.8,Credit Card,Low
ORD-00336,2023-07-28,2023-08-03,CUST-00336,Customer 336,Consumer,P1012,ProClip Binder,Furniture,Flooring,East,New York,Philadelphia,Sophia Singh,4,137.16,0.018,538.76,272.92,255.64,0.4745,10.2,Credit Card,High
ORD-00337,2025-09-11,2025-09-13,CUST-00337,Customer 337,Corporate,P1002,Aero Standing Desk,Outdoor,Textiles,Central,Missouri,Kansas City,Liam Chen,4,79.4,0.02,311.25,144.2,157.85,0.5071,9.2,PayPal,Medium
ORD-00338,2025-10-22,2025-10-27,CUST-00338,Customer 338,Consumer,P1002,Summit Patio Set,Furniture,Video,West,Oregon,Seattle,Olivia Martin,4,93.4,0.017,367.25,173.05,184,0.501,10.2,Credit Card,Low
ORD-00339,2024-06-15,2024-06-22,CUST-00339,Customer 339,Home Office,P1001,Cove Wall Clock,Furniture,Decor,East,New York,Boston,Liam Chen,2,300.14,0.025,585.27,351.16,225.51,0.3853,8.6,Debit Card,Medium
ORD-00340,2023-11-25,2023-11-29,CUST-00340,Customer 340,Consumer,P1020,Nimbus Monitor Arm,Technology,Accessories,East,New Jersey,Washington,Liam Chen,2,79.25,0.051,150.42,73.3,68.52,0.4555,8.6,PayPal,High
ORD-00341,2024-08-25,2024-09-01,CUST-00341,Customer 341,Corporate,P1015,ErgoMesh Chair,Home Decor,Binders,East,Virginia,Philadelphia,Ethan Brooks,4,74.62,0.029,289.82,127.67,151.95,0.5243,10.2,Credit Card,High
ORD-00342,2024-06-03,2024-06-04,CUST-00342,Customer 342,Consumer,P1010,Tide Cooler,Outdoor,Storage,West,California,San Francisco,Olivia Martin,3,59.97,0.051,170.73,81.6,79.73,0.467,9.4,Debit Card,High
ORD-00343,2023-02-24,2023-02-25,CUST-00343,Customer 343,Consumer,P1020,Lumen Desk Lamp,Office Supplies,Textiles,Central,Minnesota,Minneapolis,Olivia Martin,2,72.56,0.008,143.96,71.94,64.42,0.4475,7.6,Credit Card,Medium
ORD-00344,2024-07-13,2024-07-18,CUST-00344,Customer 344,Consumer,P1001,CloudDrive File Box,Home Decor,Lighting,West,Oregon,Denver,Mia Rodriguez,5,329.18,0.062,1543.85,903.42,629.43,0.4077,11,Credit Card,High
ORD-00345,2024-11-04,2024-11-09,CUST-00345,Customer 345,Corporate,P1001,Atlas Throw Pillow,Technology,Lighting,South,North Carolina,Atlanta,Ethan Brooks,3,297.05,0.037,858.18,507.01,342.77,0.3994,8.4,PayPal,High
ORD-00346,2024-09-23,2024-09-27,CUST-00346,Customer 346,Corporate,P1001,Aero Standing Desk,Technology,Binders,South,North Carolina,Houston,Sophia Singh,4,294.8,0.075,1090.76,643.38,438.18,0.4017,9.2,PayPal,Critical
ORD-00347,2024-11-22,2024-11-25,CUST-00347,Customer 347,Corporate,P1011,Northstar Lantern,Furniture,Lighting,Central,Minnesota,St. Louis,Olivia Martin,1,91.81,0.026,89.42,46.78,35.84,0.4008,6.8,PayPal,Low
ORD-00348,2023-07-08,2023-07-15,CUST-00348,Customer 348,Home Office,P1012,Trail Tote,Home Decor,Lighting,South,Florida,Houston,Ava Patel,1,133,0.007,132.07,74.07,51.2,0.3877,6.8,Cash on Delivery,Low
ORD-00349,2024-03-22,2024-03-24,CUST-00349,Customer 349,Corporate,P1015,Orbit Wireless Mouse,Technology,Lighting,South,North Carolina,Dallas,Ethan Brooks,3,64.02,0.037,184.95,87,89.55,0.4842,8.4,Cash on Delivery,Medium
ORD-00350,2024-01-04,2024-01-06,CUST-00350,Customer 350,Home Office,P1014,Summit Patio Set,Furniture,Flooring,West,California,Denver,Noah Kim,1,43.44,0.025,42.35,26.25,8.3,0.196,7.8,PayPal,Medium
ORD-00351,2024-05-18,2024-05-20,CUST-00351,Customer 351,Consumer,P1001,Summit Patio Set,Home Decor,Furniture,West,California,San Francisco,Olivia Martin,6,295.92,0.04799999999999999,1690.3,985.05,693.45,0.4103,11.8,Bank Transfer,High
ORD-00352,2025-10-07,2025-10-10,CUST-00352,Customer 352,Consumer,P1001,SmartInk Pen Set,Outdoor,Storage,West,Washington,San Francisco,Sophia Singh,4,336.11,0.014,1325.62,773.35,542.07,0.4089,10.2,Bank Transfer,Medium
ORD-00353,2025-11-11,2025-11-18,CUST-00353,Customer 353,Consumer,P1006,Nova Laptop Stand,Home Decor,Accessories,South,North Carolina,Houston,Olivia Martin,3,18.91,0.004,56.5,23.88,24.22,0.4287,8.4,Credit Card,Low
ORD-00354,2023-05-27,2023-06-03,CUST-00354,Customer 354,Consumer,P1003,SmartInk Pen Set,Outdoor,Paper,West,Colorado,Los Angeles,Ethan Brooks,6,155.56,0.032,903.49,470.21,421.48,0.4665,11.8,Bank Transfer,Medium
ORD-00355,2023-07-04,2023-07-08,CUST-00355,Customer 355,Corporate,P1014,Nimbus Monitor Arm,Furniture,Storage,West,Washington,San Francisco,Mia Rodriguez,2,43.96,0.03,85.28,39.37,37.31,0.4375,8.6,Credit Card,Medium
ORD-00356,2024-06-13,2024-06-15,CUST-00356,Customer 356,Corporate,P1006,Echo Web Camera,Outdoor,Accessories,West,Colorado,Seattle,Liam Chen,3,20.18,0.027,58.91,23.49,26.02,0.4417,9.4,Credit Card,Medium
ORD-00357,2023-06-09,2023-06-10,CUST-00357,Customer 357,Corporate,P1008,Aero Standing Desk,Home Decor,Textiles,West,Washington,Seattle,Noah Kim,1,39.04,0.028,37.95,19,11.15,0.2938,7.8,Credit Card,Low
ORD-00358,2024-04-09,2024-04-10,CUST-00358,Customer 358,Corporate,P1020,Summit Patio Set,Home Decor,Textiles,Central,Missouri,Minneapolis,Ethan Brooks,2,74.84,0.026,145.79,70.12,68.07,0.4669,7.6,Bank Transfer,Low
ORD-00359,2025-03-23,2025-03-24,CUST-00359,Customer 359,Home Office,P1015,Nimbus Monitor Arm,Outdoor,Video,East,New Jersey,Philadelphia,Noah Kim,1,70.89,0.035,68.41,36.9,23.71,0.3466,7.8,Cash on Delivery,Critical
ORD-00360,2024-04-21,2024-04-26,CUST-00360,Customer 360,Home Office,P1017,Pulse Keyboard,Furniture,Peripherals,Central,Kansas,Minneapolis,Noah Kim,2,569.9,0.031,1104.47,737.01,359.86,0.3258,7.6,Debit Card,High
ORD-00361,2024-02-19,2024-02-24,CUST-00361,Customer 361,Consumer,P1009,CloudDrive File Box,Furniture,Coolers,Central,Kansas,Chicago,James Carter,2,89.31,0.053,169.15,84.88,76.67,0.4533,7.6,PayPal,High
ORD-00362,2024-04-03,2024-04-06,CUST-00362,Customer 362,Consumer,P1016,Lumen Desk Lamp,Furniture,Flooring,West,California,San Francisco,Ava Patel,2,40.47,0.017,79.56,32.93,38.03,0.478,8.6,Debit Card,High
ORD-00363,2024-01-25,2024-01-27,CUST-00363,Customer 363,Consumer,P1001,Cove Wall Clock,Furniture,Accessories,East,Virginia,New York,Ethan Brooks,3,308.49,0.048,881.05,522.71,348.94,0.3961,9.4,Credit Card,High
ORD-00364,2024-09-25,2024-09-30,CUST-00364,Customer 364,Consumer,P1016,Aero Standing Desk,Home Decor,Coolers,East,New Jersey,Washington,James Carter,3,40.19,0.027,117.31,48.55,59.36,0.506,9.4,Bank Transfer,Medium
ORD-00365,2025-05-12,2025-05-13,CUST-00365,Customer 365,Corporate,P1019,Atlas Throw Pillow,Office Supplies,Peripherals,Central,Missouri,Kansas City,Ethan Brooks,2,54.91,0.013,108.39,53.86,46.93,0.433,7.6,PayPal,Medium
ORD-00366,2024-12-11,2024-12-16,CUST-00366,Customer 366,Corporate,P1009,Cove Wall Clock,Home Decor,Peripherals,Central,Illinois,Chicago,Olivia Martin,2,92.37,0.06899999999999999,171.99,92.6,71.79,0.4174,7.6,PayPal,Critical
ORD-00367,2025-04-20,2025-04-27,CUST-00367,Customer 367,Consumer,P1017,SmartInk Pen Set,Home Decor,Paper,West,Colorado,Seattle,Liam Chen,3,590.92,0.017,1742.62,1154.64,578.58,0.332,9.4,PayPal,Medium
ORD-00368,2025-05-11,2025-05-12,CUST-00368,Customer 368,Corporate,P1006,Orbit Wireless Mouse,Home Decor,Accessories,East,New York,Philadelphia,Liam Chen,3,17.89,0.022,52.49,19.79,23.3,0.4439,9.4,Credit Card,Low
ORD-00369,2023-06-17,2023-06-19,CUST-00369,Customer 369,Corporate,P1014,Echo Web Camera,Technology,Lighting,Central,Minnesota,Kansas City,Liam Chen,2,41.52,0.014,81.88,36.98,37.3,0.4555,7.6,Bank Transfer,Low
ORD-00370,2023-01-26,2023-02-02,CUST-00370,Customer 370,Consumer,P1018,CloudDrive File Box,Furniture,Plants,West,California,Seattle,Liam Chen,4,89.67,0.013,354.02,157.26,186.56,0.527,10.2,Credit Card,Medium
ORD-00371,2023-11-21,2023-11-24,CUST-00371,Customer 371,Consumer,P1014,Pulse Keyboard,Furniture,Paper,North,British Columbia,Calgary,Sophia Singh,5,44.81,0.009,222.03,92.69,119.34,0.5375,10,PayPal,Low
ORD-00372,2023-01-14,2023-01-18,CUST-00372,Customer 372,Home Office,P1007,Trail Tote,Home Decor,Paper,South,North Carolina,Dallas,Noah Kim,3,23.84,0.028,69.52,30.38,30.74,0.4422,8.4,Credit Card,High
ORD-00373,2023-12-16,2023-12-20,CUST-00373,Customer 373,Corporate,P1010,Harbor Rug,Furniture,Textiles,Central,Missouri,Kansas City,Noah Kim,3,57.82,0.021,169.82,80.45,80.97,0.4768,8.4,Debit Card,Medium
ORD-00374,2025-12-24,2025-12-31,CUST-00374,Customer 374,Consumer,P1016,Echo Web Camera,Office Supplies,Furniture,West,Oregon,Denver,Noah Kim,4,43.53,0.019,170.81,70.23,90.38,0.5291,10.2,Credit Card,Medium
ORD-00375,2023-08-10,2023-08-11,CUST-00375,Customer 375,Consumer,P1007,SmartInk Pen Set,Furniture,Writing,East,New Jersey,Philadelphia,Olivia Martin,5,24.49,0.012,120.98,49.37,60.61,0.501,11,Cash on Delivery,Low
ORD-00376,2024-08-04,2024-08-09,CUST-00376,Customer 376,Consumer,P1020,Echo Web Camera,Home Decor,Lighting,East,New Jersey,New York,Mia Rodriguez,5,72.57,0.027,353.05,163.93,178.12,0.5045,11,Debit Card,Medium
ORD-00377,2025-09-10,2025-09-15,CUST-00377,Customer 377,Consumer,P1006,Orbit Wireless Mouse,Home Decor,Decor,North,Ontario,Toronto,Liam Chen,5,18.21,0.031,88.23,31.16,47.07,0.5335,10,Bank Transfer,Critical
ORD-00378,2023-06-26,2023-06-27,CUST-00378,Customer 378,Home Office,P1006,SmartInk Pen Set,Furniture,Coolers,West,Washington,Los Angeles,Sophia Singh,4,20.24,0.029,78.61,28.7,39.71,0.5052,10.2,Bank Transfer,Medium
ORD-00379,2025-09-20,2025-09-22,CUST-00379,Customer 379,Consumer,P1007,Northstar Lantern,Furniture,Video,East,New Jersey,Washington,Sophia Singh,3,24.43,0.041,70.29,26.83,34.06,0.4846,9.4,Credit Card,High
ORD-00380,2023-01-12,2023-01-19,CUST-00380,Customer 380,Consumer,P1017,SmartInk Pen Set,Technology,Furniture,Central,Illinois,Minneapolis,Ethan Brooks,3,528.32,0.015,1561.19,1034.88,517.91,0.3317,8.4,PayPal,Medium
ORD-00381,2023-01-09,2023-01-10,CUST-00381,Customer 381,Consumer,P1008,Tide Cooler,Office Supplies,Binders,Central,Illinois,Chicago,Ethan Brooks,4,34.39,0.015,135.5,56.41,69.89,0.5158,9.2,Cash on Delivery,Medium
ORD-00382,2025-07-15,2025-07-17,CUST-00382,Customer 382,Corporate,P1002,Echo Web Camera,Home Decor,Paper,West,Colorado,Denver,James Carter,1,84.37,0.07,78.46,39.66,31,0.3951,7.8,Debit Card,Critical
ORD-00383,2024-08-09,2024-08-12,CUST-00383,Customer 383,Consumer,P1019,Aero Standing Desk,Office Supplies,Writing,South,Florida,Atlanta,Mia Rodriguez,1,57.3,0.028,55.7,31.78,17.12,0.3074,6.8,Credit Card,Medium
ORD-00384,2025-12-07,2025-12-10,CUST-00384,Customer 384,Consumer,P1007,ErgoMesh Chair,Technology,Coolers,East,Massachusetts,Philadelphia,Olivia Martin,4,27.26,0.037,105.01,38.35,56.46,0.5377,10.2,Bank Transfer,High
ORD-00385,2025-02-26,2025-03-05,CUST-00385,Customer 385,Corporate,P1012,FlexNote Notebook,Furniture,Bags,Central,Missouri,Minneapolis,Olivia Martin,3,127.39,0.028,371.47,188.08,174.99,0.4711,8.4,PayPal,Low
ORD-00386,2025-11-24,2025-11-25,CUST-00386,Customer 386,Consumer,P1020,Orbit Wireless Mouse,Office Supplies,Peripherals,East,Virginia,Philadelphia,Mia Rodriguez,4,80.01,0.005,318.44,149.44,158.8,0.4987,10.2,Bank Transfer,Medium
ORD-00387,2023-04-12,2023-04-15,CUST-00387,Customer 387,Consumer,P1003,SmartInk Pen Set,Office Supplies,Paper,West,Washington,San Francisco,Ethan Brooks,2,151.43,0.029,294.08,156.49,128.99,0.4386,8.6,Debit Card,Medium
ORD-00388,2023-06-28,2023-07-03,CUST-00388,Customer 388,Consumer,P1004,Trail Tote,Office Supplies,Binders,West,Oregon,San Francisco,Ethan Brooks,5,669.6,0.063,3137.08,1987.64,1138.44,0.3629,11,Credit Card,High
ORD-00389,2025-05-20,2025-05-22,CUST-00389,Customer 389,Corporate,P1011,SmartInk Pen Set,Home Decor,Writing,South,Florida,Miami,Olivia Martin,2,88.62,0.062,166.25,80.71,77.94,0.4688,7.6,Debit Card,High
ORD-00390,2025-06-24,2025-06-28,CUST-00390,Customer 390,Home Office,P1012,Harbor Rug,Technology,Accessories,East,New York,Boston,Noah Kim,1,137.31,0.031,133.05,77.16,48.09,0.3614,7.8,PayPal,Critical
ORD-00391,2025-03-14,2025-03-18,CUST-00391,Customer 391,Consumer,P1019,Cove Wall Clock,Furniture,Accessories,West,California,San Francisco,Noah Kim,2,56.96,0.035,109.93,52.18,49.15,0.4471,8.6,Credit Card,Critical
ORD-00392,2024-07-22,2024-07-25,CUST-00392,Customer 392,Consumer,P1019,FlexNote Notebook,Outdoor,Lighting,South,Texas,Dallas,Noah Kim,4,57.19,0.022,223.73,101.08,113.45,0.5071,9.2,Bank Transfer,Medium
ORD-00393,2024-11-16,2024-11-18,CUST-00393,Customer 393,Consumer,P1011,Lumen Desk Lamp,Technology,Bags,Central,Missouri,Kansas City,Olivia Martin,1,98.43,0.03,95.48,52.63,36.05,0.3776,6.8,Debit Card,Medium
ORD-00394,2025-06-19,2025-06-24,CUST-00394,Customer 394,Corporate,P1013,Cove Wall Clock,Outdoor,Desks,South,Florida,Houston,Noah Kim,2,167.77,0.011,331.85,193.36,130.89,0.3944,7.6,Bank Transfer,Low
ORD-00395,2024-07-23,2024-07-27,CUST-00395,Customer 395,Corporate,P1001,CloudDrive File Box,Furniture,Paper,East,Virginia,Washington,Ethan Brooks,5,321.33,0.031,1556.84,908.82,637.02,0.4092,11,Cash on Delivery,Medium
ORD-00396,2025-11-03,2025-11-08,CUST-00396,Customer 396,Corporate,P1006,Trail Tote,Technology,Lighting,East,New York,Boston,Olivia Martin,1,20.14,0.027,19.6,15.25,-3.45,-0.176,7.8,Debit Card,Low
ORD-00397,2025-10-11,2025-10-16,CUST-00397,Customer 397,Corporate,P1016,Lumen Desk Lamp,Technology,Textiles,North,Alberta,Vancouver,Noah Kim,2,39.86,0.024,77.81,33.64,36.57,0.47,7.6,Debit Card,Low
ORD-00398,2024-07-23,2024-07-27,CUST-00398,Customer 398,Home Office,P1002,CloudDrive File Box,Outdoor,Video,North,British Columbia,Montreal,Ethan Brooks,2,81.26,0.01,160.89,82.73,70.56,0.4386,7.6,Credit Card,Medium
ORD-00399,2025-04-21,2025-04-25,CUST-00399,Customer 399,Home Office,P1014,Trail Tote,Office Supplies,Plants,East,New York,Boston,Olivia Martin,5,44.94,0.049,213.69,91.29,111.4,0.5213,11,Debit Card,High
ORD-00400,2025-12-20,2025-12-23,CUST-00400,Customer 400,Corporate,P1018,FlexNote Notebook,Outdoor,Desks,Central,Minnesota,Chicago,Liam Chen,4,92.42,0.044,353.41,162.86,181.35,0.5131,9.2,Debit Card,Critical
ORD-00401,2023-08-19,2023-08-26,CUST-00401,Customer 401,Consumer,P1017,Echo Web Camera,Office Supplies,Accessories,West,Colorado,Los Angeles,James Carter,3,596.58,0.046,1707.41,1131.34,566.67,0.3319,9.4,Credit Card,High
ORD-00402,2025-04-08,2025-04-10,CUST-00402,Customer 402,Consumer,P1020,SmartInk Pen Set,Technology,Decor,Central,Minnesota,St. Louis,Sophia Singh,2,68.52,0.047,130.6,62.95,60.05,0.4598,7.6,Credit Card,High
ORD-00403,2024-05-20,2024-05-21,CUST-00403,Customer 403,Corporate,P1018,Harbor Rug,Office Supplies,Flooring,East,New York,Washington,James Carter,5,87.07,0.034,420.55,187.37,222.18,0.5283,11,Credit Card,Medium
ORD-00404,2025-11-08,2025-11-10,CUST-00404,Customer 404,Corporate,P1019,Halo Planter,Technology,Binders,West,Oregon,San Francisco,Liam Chen,2,65.02,0.021,127.31,62,56.71,0.4454,8.6,PayPal,Medium
ORD-00405,2024-01-26,2024-01-27,CUST-00405,Customer 405,Corporate,P1015,Orbit Wireless Mouse,Furniture,Desks,South,Florida,Miami,Sophia Singh,3,66.45,0.035,192.37,85.83,98.14,0.5102,8.4,Bank Transfer,Medium
ORD-00406,2025-12-03,2025-12-07,CUST-00406,Customer 406,Consumer,P1002,Aero Standing Desk,Office Supplies,Chairs,Central,Illinois,St. Louis,Ava Patel,3,88.64,0.006,264.32,125.62,130.3,0.493,8.4,Credit Card,Low
ORD-00407,2024-03-10,2024-03-15,CUST-00407,Customer 407,Corporate,P1004,Atlas Throw Pillow,Furniture,Accessories,Central,Illinois,Minneapolis,Olivia Martin,5,575.66,0.018,2826.49,1790.5,1025.99,0.363,10,PayPal,Low
ORD-00408,2023-11-13,2023-11-15,CUST-00408,Customer 408,Consumer,P1001,SmartInk Pen Set,Office Supplies,Video,East,Virginia,Philadelphia,Ava Patel,4,326.27,0.018,1281.59,753.68,517.71,0.404,10.2,Credit Card,Low
ORD-00409,2025-06-09,2025-06-14,CUST-00409,Customer 409,Corporate,P1008,Harbor Rug,Outdoor,Accessories,North,British Columbia,Toronto,Olivia Martin,3,38.01,0.055,107.76,50.93,48.43,0.4494,8.4,Credit Card,High
ORD-00410,2023-07-06,2023-07-08,CUST-00410,Customer 410,Consumer,P1020,Aero Standing Desk,Home Decor,Coolers,South,Georgia,Houston,Ava Patel,3,73.01,0.027,213.12,100.9,103.82,0.4871,8.4,Debit Card,Medium
ORD-00411,2024-11-15,2024-11-22,CUST-00411,Customer 411,Consumer,P1014,Echo Web Camera,Furniture,Decor,South,Florida,Dallas,Sophia Singh,5,42.26,0.023,206.44,86,110.44,0.535,10,Bank Transfer,Medium
ORD-00412,2025-06-16,2025-06-22,CUST-00412,Customer 412,Consumer,P1011,Trail Tote,Outdoor,Paper,Central,Minnesota,Chicago,Mia Rodriguez,4,90.47,0.015,356.45,173.32,173.93,0.488,9.2,PayPal,Medium
ORD-00413,2025-08-05,2025-08-07,CUST-00413,Customer 413,Home Office,P1014,Lumen Desk Lamp,Home Decor,Chairs,West,Oregon,Los Angeles,Liam Chen,3,43.71,0.025,127.85,59.59,58.86,0.4604,9.4,PayPal,High
ORD-00414,2024-01-21,2024-01-26,CUST-00414,Customer 414,Consumer,P1016,FlexNote Notebook,Home Decor,Decor,West,Oregon,Los Angeles,Mia Rodriguez,5,40.96,0.084,187.6,72.53,104.07,0.5547,11,Credit Card,Critical
ORD-00415,2024-01-13,2024-01-19,CUST-00415,Customer 415,Consumer,P1010,CloudDrive File Box,Furniture,Video,North,Quebec,Montreal,Sophia Singh,2,53.85,0.017,105.87,55.22,43.05,0.4066,7.6,Credit Card,Medium
ORD-00416,2024-04-19,2024-04-22,CUST-00416,Customer 416,Consumer,P1007,Aero Standing Desk,Outdoor,Chairs,East,New York,Philadelphia,Noah Kim,4,24.03,0.024,93.81,38.72,44.89,0.4785,10.2,Debit Card,Medium
ORD-00417,2023-09-02,2023-09-09,CUST-00417,Customer 417,Corporate,P1016,Lumen Desk Lamp,Office Supplies,Lighting,Central,Illinois,Minneapolis,Mia Rodriguez,1,37.94,0.038,36.5,21.52,8.18,0.2241,6.8,Bank Transfer,Medium
ORD-00418,2024-03-06,2024-03-10,CUST-00418,Customer 418,Consumer,P1004,ProClip Binder,Outdoor,Video,Central,Kansas,Minneapolis,Olivia Martin,3,598.27,0.055,1696.1,1074.91,612.79,0.3613,8.4,Credit Card,Critical
ORD-00419,2025-02-27,2025-03-02,CUST-00419,Customer 419,Home Office,P1012,Nimbus Monitor Arm,Outdoor,Flooring,West,Washington,Seattle,Sophia Singh,1,133.99,0.012,132.38,76.15,48.43,0.3658,7.8,Debit Card,Medium
ORD-00420,2025-06-01,2025-06-04,CUST-00420,Customer 420,Corporate,P1012,Cove Wall Clock,Furniture,Bags,Central,Missouri,Kansas City,Ava Patel,3,130.67,0.034,378.68,190.37,179.91,0.4751,8.4,Cash on Delivery,Medium
ORD-00421,2025-09-15,2025-09-17,CUST-00421,Customer 421,Consumer,P1002,Orbit Wireless Mouse,Office Supplies,Plants,West,Washington,Denver,Noah Kim,2,83.6,0.019,164.02,83.13,72.29,0.4407,8.6,Debit Card,Medium
ORD-00422,2025-10-15,2025-10-19,CUST-00422,Customer 422,Corporate,P1006,Pulse Keyboard,Furniture,Textiles,South,Georgia,Miami,Ava Patel,2,18.62,0.047,35.49,18.75,9.14,0.2575,7.6,Debit Card,High
ORD-00423,2023-03-14,2023-03-21,CUST-00423,Customer 423,Consumer,P1020,FlexNote Notebook,Furniture,Lighting,West,Oregon,Seattle,Olivia Martin,4,77.76,0.012,307.31,143.3,153.81,0.5005,10.2,PayPal,Low
ORD-00424,2024-02-07,2024-02-13,CUST-00424,Customer 424,Home Office,P1015,Atlas Throw Pillow,Outdoor,Paper,East,Virginia,Washington,Mia Rodriguez,1,68.79,0.011,68.03,35.11,25.12,0.3692,7.8,PayPal,Medium
ORD-00425,2023-12-05,2023-12-07,CUST-00425,Customer 425,Consumer,P1015,Nova Laptop Stand,Technology,Lighting,Central,Illinois,Chicago,Mia Rodriguez,3,74.48,0.005,222.32,98.32,115.6,0.52,8.4,Credit Card,Medium
ORD-00426,2024-04-20,2024-04-21,CUST-00426,Customer 426,Home Office,P1016,Atlas Throw Pillow,Furniture,Binders,South,Georgia,Houston,Liam Chen,1,38.4,0.005,38.21,22.22,9.19,0.2405,6.8,Credit Card,Medium
ORD-00427,2024-11-25,2024-11-27,CUST-00427,Customer 427,Corporate,P1003,Nova Laptop Stand,Furniture,Storage,West,Washington,Seattle,Olivia Martin,3,173.6,0.025,507.78,263.48,234.9,0.4626,9.4,Credit Card,Medium
ORD-00428,2025-11-26,2025-12-02,CUST-00428,Customer 428,Home Office,P1001,Summit Patio Set,Office Supplies,Writing,Central,Kansas,Chicago,Liam Chen,3,303.13,0.009,901.21,530.73,362.08,0.4018,8.4,Cash on Delivery,Low
ORD-00429,2024-10-16,2024-10-21,CUST-00429,Customer 429,Consumer,P1012,Echo Web Camera,Outdoor,Flooring,West,Oregon,Seattle,Sophia Singh,2,143.64,0.054,271.77,137.51,125.66,0.4624,8.6,Credit Card,High
ORD-00430,2023-03-17,2023-03-24,CUST-00430,Customer 430,Consumer,P1015,Halo Planter,Office Supplies,Binders,South,Texas,Houston,Ethan Brooks,1,68.8,0.015,67.77,39.92,21.05,0.3106,6.8,Debit Card,Low
ORD-00431,2023-11-11,2023-11-18,CUST-00431,Customer 431,Corporate,P1019,Orbit Wireless Mouse,Home Decor,Accessories,Central,Kansas,Chicago,Mia Rodriguez,1,60.59,0.018,59.5,29.98,22.72,0.3818,6.8,PayPal,Low
ORD-00432,2025-10-15,2025-10-17,CUST-00432,Customer 432,Corporate,P1006,Aero Standing Desk,Home Decor,Video,West,Oregon,Seattle,Ava Patel,3,20.94,0.037,60.5,26.07,25.03,0.4137,9.4,Bank Transfer,Medium
ORD-00433,2024-08-20,2024-08-21,CUST-00433,Customer 433,Consumer,P1019,Summit Patio Set,Home Decor,Peripherals,Central,Illinois,Chicago,Liam Chen,2,60.38,0.038,116.17,57.83,50.74,0.4368,7.6,PayPal,High
ORD-00434,2023-05-16,2023-05-18,CUST-00434,Customer 434,Consumer,P1017,Tide Cooler,Outdoor,Peripherals,South,Georgia,Houston,Ava Patel,2,556.18,0.015,1095.67,733.59,354.48,0.3235,7.6,Credit Card,Medium
ORD-00435,2023-04-03,2023-04-09,CUST-00435,Customer 435,Consumer,P1009,Tide Cooler,Home Decor,Chairs,East,New Jersey,Washington,Sophia Singh,3,91.43,0.006,272.64,137.09,126.15,0.4627,9.4,Credit Card,Medium
ORD-00436,2025-03-06,2025-03-13,CUST-00436,Customer 436,Corporate,P1013,Orbit Wireless Mouse,Technology,Peripherals,East,New Jersey,Washington,Ethan Brooks,3,167.66,0.058,473.81,269.42,194.99,0.4115,9.4,Cash on Delivery,High
ORD-00437,2023-07-21,2023-07-22,CUST-00437,Customer 437,Consumer,P1015,Pulse Keyboard,Home Decor,Textiles,Central,Missouri,Minneapolis,Ava Patel,3,66.6,0.045,190.81,90.72,91.69,0.4805,8.4,Credit Card,High
ORD-00438,2025-08-23,2025-08-27,CUST-00438,Customer 438,Consumer,P1016,ErgoMesh Chair,Outdoor,Lighting,West,California,San Francisco,Ava Patel,5,42.62,0.026,207.56,79.42,117.14,0.5644,11,Cash on Delivery,High
ORD-00439,2025-06-13,2025-06-19,CUST-00439,Customer 439,Consumer,P1013,Orbit Wireless Mouse,Outdoor,Peripherals,Central,Illinois,Kansas City,Olivia Martin,3,167.54,0.025,490.05,281.25,200.4,0.4089,8.4,Credit Card,Medium
ORD-00440,2023-07-01,2023-07-08,CUST-00440,Customer 440,Consumer,P1002,Nimbus Monitor Arm,Office Supplies,Plants,East,Massachusetts,Boston,James Carter,3,83.82,0.049,239.14,111.04,118.7,0.4964,9.4,Credit Card,High
ORD-00441,2023-06-21,2023-06-23,CUST-00441,Customer 441,Consumer,P1002,ProClip Binder,Home Decor,Decor,South,Texas,Atlanta,Noah Kim,3,78.2,0.002,234.13,113.3,112.43,0.4802,8.4,Credit Card,Medium
ORD-00442,2025-09-14,2025-09-21,CUST-00442,Customer 442,Home Office,P1011,Summit Patio Set,Home Decor,Accessories,East,Massachusetts,Washington,Sophia Singh,3,85.28,0.013,252.51,120.4,122.71,0.486,9.4,Debit Card,Medium
ORD-00443,2024-12-02,2024-12-03,CUST-00443,Customer 443,Consumer,P1016,Echo Web Camera,Furniture,Desks,Central,Kansas,St. Louis,Ethan Brooks,3,42.18,0.044,120.97,51.76,60.81,0.5027,8.4,Credit Card,High
ORD-00444,2024-03-02,2024-03-08,CUST-00444,Customer 444,Home Office,P1017,Pulse Keyboard,Outdoor,Storage,Central,Minnesota,Kansas City,James Carter,4,575.76,0.023,2250.07,1495.75,745.12,0.3312,9.2,Debit Card,High
ORD-00445,2025-06-27,2025-07-01,CUST-00445,Customer 445,Consumer,P1003,Summit Patio Set,Office Supplies,Chairs,North,Ontario,Toronto,Liam Chen,4,151.67,0.044,579.99,300.13,270.66,0.4667,9.2,Debit Card,High
ORD-00446,2025-03-15,2025-03-20,CUST-00446,Customer 446,Consumer,P1001,Nimbus Monitor Arm,Office Supplies,Bags,South,Texas,Dallas,Noah Kim,1,286.49,0.044,273.88,168.52,98.56,0.3599,6.8,Bank Transfer,High
ORD-00447,2025-09-27,2025-09-30,CUST-00447,Customer 447,Consumer,P1018,Nova Laptop Stand,Outdoor,Plants,East,Massachusetts,New York,Mia Rodriguez,5,88.12,0.003,439.28,196.07,232.21,0.5286,11,PayPal,Medium
ORD-00448,2025-10-18,2025-10-19,CUST-00448,Customer 448,Corporate,P1014,Tide Cooler,Technology,Writing,Central,Minnesota,Chicago,Mia Rodriguez,4,47.44,0.042,181.79,80.5,92.09,0.5066,9.2,PayPal,Critical
ORD-00449,2024-12-09,2024-12-14,CUST-00449,Customer 449,Corporate,P1009,ProClip Binder,Technology,Video,West,Oregon,Seattle,Liam Chen,6,102.64,0.039,591.82,289.56,290.46,0.4908,11.8,PayPal,Critical
ORD-00450,2023-05-26,2023-05-30,CUST-00450,Customer 450,Consumer,P1009,Nimbus Monitor Arm,Furniture,Accessories,Central,Missouri,St. Louis,Ethan Brooks,2,86.33,0.022,168.86,87.31,73.95,0.4379,7.6,Credit Card,Medium
ORD-00451,2025-12-03,2025-12-08,CUST-00451,None,Consumer,P1012,ProClip Binder,Technology,Paper,North,British Columbia,Montreal,Olivia Martin,3,135.99,0.026,397.36,201.14,187.82,0.4727,8.4,Bank Transfer,Medium
ORD-00452,2024-02-04,2024-02-06,CUST-00452,Customer 452,Home Office,P1003,Pulse Keyboard,Home Decor,Storage,East,Virginia,Boston,Ethan Brooks,3,146.11,0.011,433.51,227.97,196.14,0.4524,9.4,Debit Card,Medium
ORD-00453,2024-08-15,2024-08-18,CUST-00453,Customer 453,Home Office,P1002,Pulse Keyboard,Technology,Peripherals,East,Massachusetts,Boston,Sophia Singh,2,86.58,0.013,170.91,81.49,80.82,0.4729,8.6,Bank Transfer,High
ORD-00454,2025-02-05,2025-02-06,CUST-00454,Customer 454,Consumer,P1001,SmartInk Pen Set,Furniture,Lighting,Central,Minnesota,Kansas City,Mia Rodriguez,3,283.77,0,851.31,504.02,338.89,0.3981,8.4,Credit Card,Medium
ORD-00455,2023-12-20,2023-12-26,CUST-00455,Customer 455,Corporate,P1009,Harbor Rug,Office Supplies,Video,Central,Minnesota,Chicago,Mia Rodriguez,5,93.26,0.053,441.59,216.59,215,0.4869,10,PayPal,High
ORD-00456,2024-08-20,2024-08-27,CUST-00456,Customer 456,Consumer,P1013,Harbor Rug,Office Supplies,Bags,South,Georgia,Dallas,Olivia Martin,3,156.17,0.004,466.64,272.33,185.91,0.3984,8.4,PayPal,Low
ORD-00457,2023-09-05,2023-09-09,CUST-00457,Customer 457,Consumer,P1016,SmartInk Pen Set,Furniture,Writing,Central,Minnesota,Minneapolis,Mia Rodriguez,2,36.4,0.026,70.91,33.79,29.52,0.4163,7.6,Credit Card,Critical
ORD-00458,2024-11-10,2024-11-13,CUST-00458,Customer 458,Consumer,P1019,Cove Wall Clock,Office Supplies,Decor,North,British Columbia,Vancouver,Sophia Singh,2,61.96,0.044,118.47,55.96,54.91,0.4635,7.6,Credit Card,High
ORD-00459,2023-03-16,2023-03-20,CUST-00459,Customer 459,Consumer,P1010,Lumen Desk Lamp,Home Decor,Lighting,South,Georgia,Atlanta,Mia Rodriguez,3,55.02,0.04,158.46,74.82,75.24,0.4748,8.4,Cash on Delivery,High
ORD-00460,2023-01-25,2023-02-01,CUST-00460,Customer 460,Home Office,P1005,Nimbus Monitor Arm,Office Supplies,Video,South,Georgia,Miami,Olivia Martin,2,11.97,0.042,22.93,18.32,-2.99,-0.1304,7.6,Credit Card,High
ORD-00461,2023-11-12,2023-11-17,CUST-00461,Customer 461,Consumer,P1014,Aero Standing Desk,Furniture,Accessories,South,Texas,Dallas,Liam Chen,2,45.01,0.012,88.94,46.04,35.3,0.3969,7.6,Debit Card,Low
ORD-00462,2024-05-25,2024-05-29,CUST-00462,Customer 462,Corporate,P1015,CloudDrive File Box,Home Decor,Video,East,New York,Boston,Olivia Martin,3,70.47,0.021,206.97,96.75,100.82,0.4871,9.4,Bank Transfer,Low
ORD-00463,2025-03-14,2025-03-18,CUST-00463,Customer 463,Home Office,P1003,ErgoMesh Chair,Office Supplies,Binders,West,Oregon,Los Angeles,James Carter,1,157.7,0.025,153.76,89.09,56.87,0.3699,7.8,PayPal,Medium
ORD-00464,2024-07-22,2024-07-27,CUST-00464,Customer 464,Consumer,P1009,Nova Laptop Stand,Home Decor,Binders,South,Florida,Dallas,Liam Chen,4,89.14,0.05,338.73,166.68,162.85,0.4808,9.2,PayPal,High
ORD-00465,2025-08-11,2025-08-16,CUST-00465,Customer 465,Consumer,P1001,Summit Patio Set,Office Supplies,Lighting,South,Georgia,Miami,Liam Chen,4,298.06,0.046,1137.4,666,462.2,0.4064,9.2,PayPal,High
ORD-00466,2024-01-28,2024-02-04,CUST-00466,Customer 466,Corporate,P1001,Tide Cooler,Office Supplies,Bags,East,Massachusetts,Washington,Noah Kim,4,290.78,0.018,1142.18,672.06,459.92,0.4027,10.2,Credit Card,Medium
ORD-00467,2023-05-19,2023-05-22,CUST-00467,Customer 467,Consumer,P1019,SmartInk Pen Set,Technology,Binders,North,Ontario,Vancouver,Liam Chen,3,56.6,0.01,168.1,78.07,81.63,0.4856,8.4,Bank Transfer,Medium
ORD-00468,2025-01-06,2025-01-07,CUST-00468,Customer 468,Consumer,P1006,Nimbus Monitor Arm,Home Decor,Furniture,Central,Kansas,Minneapolis,Ava Patel,3,17.22,0.001,51.61,21.89,21.32,0.4131,8.4,Credit Card,Low
ORD-00469,2023-06-10,2023-06-15,CUST-00469,Customer 469,Consumer,P1011,Atlas Throw Pillow,Technology,Furniture,East,Massachusetts,Boston,Mia Rodriguez,4,88.02,0.071,327.08,158.51,158.37,0.4842,10.2,Debit Card,Critical
ORD-00470,2025-12-20,2025-12-23,CUST-00470,Customer 470,Consumer,P1018,CloudDrive File Box,Furniture,Furniture,West,California,Los Angeles,Olivia Martin,2,101.31,0.012,200.19,94.27,97.32,0.4861,8.6,Cash on Delivery,Medium
ORD-00471,2023-12-03,2023-12-10,CUST-00471,Customer 471,Home Office,P1014,FlexNote Notebook,Outdoor,Peripherals,North,Alberta,Toronto,Liam Chen,3,45.43,0.019,133.7,58.03,67.27,0.5031,8.4,Debit Card,Medium
ORD-00472,2025-09-22,2025-09-26,CUST-00472,Customer 472,Corporate,P1016,Summit Patio Set,Technology,Peripherals,West,California,Seattle,Olivia Martin,3,39.08,0.024,114.43,52.56,52.47,0.4585,9.4,Credit Card,Medium
ORD-00473,2023-03-15,2023-03-19,CUST-00473,Customer 473,Consumer,P1001,Northstar Lantern,Furniture,Storage,South,Texas,Houston,Ethan Brooks,2,272.93,0.009,540.95,320.46,212.89,0.3935,7.6,Credit Card,Low
ORD-00474,2025-12-11,2025-12-17,CUST-00474,Customer 474,Corporate,P1010,Tide Cooler,Furniture,Decor,East,Virginia,Washington,Olivia Martin,4,60.16,0.05,228.61,103.42,114.99,0.503,10.2,Cash on Delivery,Critical
ORD-00475,2024-07-22,2024-07-24,CUST-00475,Customer 475,Home Office,P1010,FlexNote Notebook,Office Supplies,Lighting,West,California,Los Angeles,Ethan Brooks,3,60.96,0.034,176.66,76.54,90.72,0.5135,9.4,Bank Transfer,Medium
ORD-00476,2025-03-02,2025-03-07,CUST-00476,Customer 476,Consumer,P1013,SmartInk Pen Set,Home Decor,Coolers,Central,Illinois,Chicago,Ethan Brooks,3,159.16,0.019,468.41,273.59,186.42,0.398,8.4,Credit Card,Medium
ORD-00477,2023-12-25,2024-01-01,CUST-00477,Customer 477,Consumer,P1001,Tide Cooler,Office Supplies,Plants,South,Texas,Miami,Ethan Brooks,2,317.02,0.01,627.7,373.58,246.52,0.3927,7.6,Cash on Delivery,Low
ORD-00478,2024-10-24,2024-10-27,CUST-00478,Customer 478,Home Office,P1003,Harbor Rug,Furniture,Coolers,Central,Missouri,Chicago,Sophia Singh,2,163.78,0.014,322.97,173.46,141.91,0.4394,7.6,Credit Card,Medium
ORD-00479,2025-10-06,2025-10-12,CUST-00479,Customer 479,Home Office,P1014,Pulse Keyboard,Outdoor,Bags,East,Virginia,Washington,Ethan Brooks,4,44.65,0.023,174.49,75.37,88.92,0.5096,10.2,Cash on Delivery,Medium
ORD-00480,2024-10-17,2024-10-20,CUST-00480,Customer 480,Consumer,P1016,FlexNote Notebook,Furniture,Furniture,South,Florida,Miami,Sophia Singh,2,41.04,0.023,80.19,33.71,38.88,0.4848,7.6,Bank Transfer,Medium
ORD-00481,2024-04-28,2024-04-29,CUST-00481,Customer 481,Consumer,P1020,Halo Planter,Outdoor,Paper,West,Colorado,Los Angeles,Sophia Singh,6,75.46,0.01,448.23,212.1,224.33,0.5005,11.8,Cash on Delivery,Low
ORD-00482,2025-04-18,2025-04-24,CUST-00482,Customer 482,Consumer,P1006,SmartInk Pen Set,Office Supplies,Desks,Central,Minnesota,Kansas City,Noah Kim,4,18.13,0.011,71.72,26.76,35.76,0.4986,9.2,Credit Card,Medium
ORD-00483,2024-10-04,2024-10-11,CUST-00483,Customer 483,Consumer,P1001,FlexNote Notebook,Outdoor,Peripherals,North,Quebec,Montreal,Ethan Brooks,2,316.28,0.022,618.64,366.22,244.82,0.3957,7.6,Credit Card,High
ORD-00484,2024-04-23,2024-04-26,CUST-00484,Customer 484,Corporate,P1020,SmartInk Pen Set,Home Decor,Textiles,South,Texas,Atlanta,Sophia Singh,1,70.95,0.048,67.54,35.75,24.99,0.37,6.8,Bank Transfer,High
ORD-00485,2024-06-09,2024-06-14,CUST-00485,Customer 485,Consumer,P1005,Summit Patio Set,Office Supplies,Writing,East,New York,Philadelphia,Noah Kim,2,13.06,0.017,25.68,18.06,-0.98,-0.0382,8.6,Debit Card,Medium
ORD-00486,2025-11-10,2025-11-13,CUST-00486,Customer 486,Consumer,P1008,Nova Laptop Stand,Furniture,Textiles,West,Colorado,Denver,Mia Rodriguez,2,38.18,0.045,72.92,37.25,27.07,0.3712,8.6,Credit Card,High
ORD-00487,2023-11-21,2023-11-23,CUST-00487,Customer 487,Consumer,P1012,ProClip Binder,Technology,Binders,West,Oregon,Denver,Ava Patel,2,142.57,0.021,279.15,148.57,121.98,0.437,8.6,PayPal,High
ORD-00488,2023-07-26,2023-07-30,CUST-00488,Customer 488,Home Office,P1001,Nova Laptop Stand,Home Decor,Bags,Central,Minnesota,Minneapolis,Sophia Singh,1,298.04,0.01,295.06,180.82,107.44,0.3641,6.8,Bank Transfer,Low
ORD-00489,2025-11-02,2025-11-06,CUST-00489,Customer 489,Consumer,P1013,Summit Patio Set,Furniture,Peripherals,West,Washington,Seattle,Sophia Singh,4,181.34,0.027,705.78,407.22,288.36,0.4086,10.2,Credit Card,Critical
ORD-00490,2025-11-11,2025-11-17,CUST-00490,Customer 490,Consumer,P1009,Lumen Desk Lamp,Outdoor,Peripherals,West,Colorado,Los Angeles,Noah Kim,6,104.27,0.017,614.98,293.46,309.72,0.5036,11.8,Credit Card,Medium
ORD-00491,2024-09-11,2024-09-14,CUST-00491,Customer 491,Home Office,P1020,Trail Tote,Technology,Plants,South,Florida,Houston,Noah Kim,2,72.47,0.021,141.9,74.71,59.59,0.4199,7.6,PayPal,High
ORD-00492,2024-04-11,2024-04-14,CUST-00492,Customer 492,Corporate,P1008,Harbor Rug,Home Decor,Video,South,Florida,Houston,Ava Patel,1,33.47,0.025,32.63,17.52,8.31,0.2547,6.8,Debit Card,High
ORD-00493,2023-05-01,2023-05-04,CUST-00493,Customer 493,Consumer,P1013,Summit Patio Set,Technology,Textiles,Central,Illinois,Minneapolis,Liam Chen,5,151.72,0.022,741.91,419.65,312.26,0.4209,10,Bank Transfer,High
ORD-00494,2023-05-26,2023-05-29,CUST-00494,Customer 494,Consumer,P1002,Trail Tote,Outdoor,Coolers,North,Ontario,Montreal,Noah Kim,2,80.72,0.03,156.6,79.8,69.2,0.4419,7.6,Credit Card,Critical
ORD-00495,2024-03-14,2024-03-16,CUST-00495,Customer 495,Consumer,P1015,ProClip Binder,Furniture,Writing,Central,Kansas,Chicago,James Carter,1,67.24,0.051,63.81,33.75,23.26,0.3645,6.8,PayPal,High
ORD-00496,2024-05-01,2024-05-06,CUST-00496,Customer 496,Corporate,P1014,Northstar Lantern,Office Supplies,Decor,South,Georgia,Miami,Olivia Martin,2,42.64,0.024,83.23,41.66,33.97,0.4081,7.6,Credit Card,High
ORD-00497,2024-04-21,2024-04-23,CUST-00497,Customer 497,Consumer,P1019,ProClip Binder,Furniture,Accessories,South,Texas,Dallas,Olivia Martin,1,56.03,0.011,55.41,33.77,14.84,0.2678,6.8,Credit Card,Medium
ORD-00498,2023-07-23,2023-07-30,CUST-00498,Customer 498,Consumer,P1009,Lumen Desk Lamp,Office Supplies,Binders,Central,Minnesota,Minneapolis,Ava Patel,4,94.52,0.022,369.76,182.69,177.87,0.481,9.2,Debit Card,Medium
ORD-00499,2025-12-25,2026-01-01,CUST-00499,Customer 499,Consumer,P1019,Harbor Rug,Home Decor,Peripherals,West,Colorado,Los Angeles,Mia Rodriguez,1,66.38,0.038,63.86,32.21,23.85,0.3735,7.8,Credit Card,High
ORD-00500,2025-02-09,2025-02-11,CUST-00500,Customer 500,Consumer,P1014,Trail Tote,Technology,Flooring,Central,Illinois,Kansas City,Ethan Brooks,3,43.26,0.005,129.13,57.32,63.41,0.4911,8.4,Credit Card,Medium
ORD-00501,2025-10-24,2025-10-26,CUST-00501,Customer 501,Corporate,P1008,Orbit Wireless Mouse,Outdoor,Coolers,South,Texas,Miami,Sophia Singh,3,38.31,0.022,112.4,51.12,52.88,0.4705,8.4,Bank Transfer,Medium
ORD-00502,2024-10-01,2024-10-05,CUST-00502,Customer 502,Consumer,P1005,Nova Laptop Stand,Technology,Video,East,New York,Boston,Sophia Singh,4,13.21,0.004,52.63,27.38,15.05,0.286,10.2,Credit Card,Low
ORD-00503,2024-02-21,2024-02-28,CUST-00503,Customer 503,Consumer,P1007,Harbor Rug,Outdoor,Binders,Central,Illinois,Chicago,James Carter,3,24.91,0.055,70.62,28.02,34.2,0.4843,8.4,Debit Card,High
ORD-00504,2025-12-22,2025-12-24,CUST-00504,Customer 504,Home Office,P1004,SmartInk Pen Set,Office Supplies,Accessories,South,Texas,Houston,Ava Patel,1,628.36,0.05,596.94,380.93,209.21,0.3505,6.8,Cash on Delivery,High
ORD-00505,2025-08-22,2025-08-25,CUST-00505,Customer 505,Corporate,P1008,Tide Cooler,Home Decor,Coolers,East,Massachusetts,Philadelphia,Olivia Martin,3,36.18,0.055,102.57,45.97,47.2,0.4602,9.4,Bank Transfer,High
ORD-00506,2023-06-04,2023-06-06,CUST-00506,Customer 506,Consumer,P1004,Cove Wall Clock,Outdoor,Plants,West,California,Denver,Ava Patel,5,647.88,0.007,3216.72,2038.52,1167.2,0.3629,11,Debit Card,Medium
ORD-00507,2025-10-01,2025-10-04,CUST-00507,Customer 507,Corporate,P1001,Aero Standing Desk,Office Supplies,Accessories,West,Oregon,Seattle,Sophia Singh,2,332.03,0.05,630.86,370.56,251.7,0.399,8.6,Credit Card,High
ORD-00508,2025-04-19,2025-04-25,CUST-00508,Customer 508,Consumer,P1008,CloudDrive File Box,Outdoor,Peripherals,South,North Carolina,Houston,Olivia Martin,2,34.18,0.001,68.29,32.7,27.99,0.4099,7.6,Cash on Delivery,Medium
ORD-00509,2025-10-10,2025-10-17,CUST-00509,Customer 509,Corporate,P1007,Echo Web Camera,Furniture,Lighting,South,Texas,Dallas,Noah Kim,4,25.42,0.033,98.32,42.14,46.98,0.4778,9.2,Bank Transfer,Medium
ORD-00510,2025-01-15,2025-01-20,CUST-00510,Customer 510,Corporate,P1011,CloudDrive File Box,Technology,Decor,East,New York,Washington,Liam Chen,4,86.71,0.017,340.94,164.99,165.75,0.4862,10.2,Credit Card,Low
ORD-00511,2024-11-20,2024-11-24,CUST-00511,Customer 511,Corporate,P1016,Atlas Throw Pillow,Home Decor,Peripherals,East,Massachusetts,Philadelphia,Mia Rodriguez,2,42.85,0.027,83.39,35.82,38.97,0.4673,8.6,Cash on Delivery,Low
ORD-00512,2024-07-04,2024-07-09,CUST-00512,Customer 512,Corporate,P1017,ErgoMesh Chair,Outdoor,Flooring,Central,Kansas,Kansas City,Liam Chen,4,552.55,0.067,2062.12,1366.06,686.86,0.3331,9.2,Credit Card,High
ORD-00513,2025-09-20,2025-09-26,CUST-00513,Customer 513,Consumer,P1005,Orbit Wireless Mouse,Technology,Lighting,North,Quebec,Vancouver,Liam Chen,1,12.24,0.016,12.04,12.31,-7.07,-0.5872,6.8,PayPal,High
ORD-00514,2025-04-14,2025-04-19,CUST-00514,Customer 514,Corporate,P1007,SmartInk Pen Set,Furniture,Writing,North,Quebec,Montreal,Liam Chen,3,24.79,0.022,72.73,30.99,33.34,0.4584,8.4,Debit Card,Medium
ORD-00515,2023-09-05,2023-09-09,CUST-00515,Customer 515,Consumer,P1010,Cove Wall Clock,Outdoor,Plants,South,Georgia,Houston,Sophia Singh,4,53.07,0.032,205.49,89.31,106.98,0.5206,9.2,Cash on Delivery,High
ORD-00516,2023-10-15,2023-10-18,CUST-00516,Customer 516,Consumer,P1013,Summit Patio Set,Home Decor,Writing,South,Texas,Dallas,Liam Chen,4,161.54,0.003,644.22,368.37,266.65,0.4139,9.2,Cash on Delivery,Medium
ORD-00517,2024-07-15,2024-07-21,CUST-00517,Customer 517,Home Office,P1020,Northstar Lantern,Technology,Video,North,Quebec,Vancouver,Noah Kim,2,77.49,0.033,149.87,76.41,65.86,0.4394,7.6,PayPal,High
ORD-00518,2025-09-27,2025-10-03,CUST-00518,Customer 518,Corporate,P1015,FlexNote Notebook,Furniture,Writing,South,Texas,Atlanta,Noah Kim,3,68.55,0.018,201.95,92.47,101.08,0.5005,8.4,Bank Transfer,Medium
ORD-00519,2025-07-25,2025-07-28,CUST-00519,Customer 519,Home Office,P1006,Northstar Lantern,Home Decor,Paper,West,Colorado,Seattle,Noah Kim,2,19.55,0.024,38.16,17.39,12.17,0.3189,8.6,Bank Transfer,Low
ORD-00520,2023-12-16,2023-12-19,CUST-00520,Customer 520,Consumer,P1002,Nimbus Monitor Arm,Home Decor,Plants,South,North Carolina,Atlanta,Ava Patel,3,80.48,0.019,236.85,110.84,117.61,0.4966,8.4,Bank Transfer,Medium
ORD-00521,2024-07-16,2024-07-20,CUST-00521,Customer 521,Consumer,P1004,ErgoMesh Chair,Furniture,Writing,West,Washington,San Francisco,Mia Rodriguez,1,629.93,0.059,592.76,380.88,204.08,0.3443,7.8,PayPal,High
ORD-00522,2024-11-04,2024-11-11,CUST-00522,Customer 522,Consumer,P1014,CloudDrive File Box,Technology,Lighting,Central,Minnesota,Chicago,Noah Kim,6,46.55,0.009,276.79,118.81,147.18,0.5317,10.8,Credit Card,Medium
ORD-00523,2025-11-25,2025-11-27,CUST-00523,Customer 523,Corporate,P1015,Nova Laptop Stand,Furniture,Lighting,Central,Missouri,Kansas City,Liam Chen,3,74.04,0.012,219.45,101.78,109.27,0.4979,8.4,Credit Card,Medium
ORD-00524,2025-06-09,2025-06-16,CUST-00524,Customer 524,Consumer,P1014,FlexNote Notebook,Outdoor,Lighting,North,Ontario,Calgary,Ava Patel,1,45.12,0.051,42.82,22.06,13.96,0.326,6.8,PayPal,High
ORD-00525,2025-04-01,2025-04-02,CUST-00525,Customer 525,Consumer,P1004,ErgoMesh Chair,Outdoor,Accessories,East,Massachusetts,Boston,Sophia Singh,3,625.95,0.005,1868.46,1181.29,677.77,0.3627,9.4,PayPal,Medium
ORD-00526,2024-06-05,2024-06-07,CUST-00526,Customer 526,Consumer,P1006,Summit Patio Set,Technology,Lighting,South,Florida,Miami,Noah Kim,1,17.48,0.055,16.52,15.71,-5.99,-0.3626,6.8,Debit Card,High
ORD-00527,2024-11-09,2024-11-16,CUST-00527,Customer 527,Corporate,P1007,Cove Wall Clock,Office Supplies,Decor,Central,Minnesota,Chicago,Liam Chen,1,25.95,0.032,25.12,15.78,2.54,0.1011,6.8,Bank Transfer,High
ORD-00528,2023-04-20,2023-04-22,CUST-00528,Customer 528,Consumer,P1013,Summit Patio Set,Furniture,Plants,West,Oregon,San Francisco,Liam Chen,2,168.12,0.028,326.83,187.32,130.91,0.4005,8.6,Debit Card,Critical
ORD-00529,2023-07-05,2023-07-10,CUST-00529,Customer 529,Home Office,P1017,Nova Laptop Stand,Technology,Video,South,Florida,Atlanta,James Carter,2,543.7,0.01,1076.53,720.46,348.47,0.3237,7.6,PayPal,High
ORD-00530,2025-11-04,2025-11-05,CUST-00530,Customer 530,Consumer,P1017,Nimbus Monitor Arm,Home Decor,Lighting,Central,Minnesota,Kansas City,Ethan Brooks,2,580.25,0.025,1131.49,757.22,366.67,0.3241,7.6,Credit Card,Medium
ORD-00531,2025-06-16,2025-06-19,CUST-00531,Customer 531,Consumer,P1004,Nimbus Monitor Arm,Outdoor,Plants,West,Washington,Seattle,Sophia Singh,3,682.79,0.03,1986.92,1256,721.52,0.3631,9.4,Debit Card,Medium
ORD-00532,2025-09-02,2025-09-04,CUST-00532,Customer 532,Consumer,P1019,Harbor Rug,Office Supplies,Binders,West,Oregon,Los Angeles,Ava Patel,3,59.04,0.038,170.39,79.81,81.18,0.4764,9.4,Debit Card,High
ORD-00533,2025-04-26,2025-05-03,CUST-00533,Customer 533,Home Office,P1020,Trail Tote,Furniture,Peripherals,East,Massachusetts,Boston,James Carter,3,72.99,0.004,218.09,109.12,99.57,0.4566,9.4,Credit Card,Low
ORD-00534,2024-02-16,2024-02-20,CUST-00534,Customer 534,Consumer,P1013,FlexNote Notebook,Home Decor,Peripherals,Central,Kansas,Kansas City,Liam Chen,2,151.3,0.005,301.09,177.68,115.81,0.3846,7.6,Credit Card,Medium
ORD-00535,2025-11-18,2025-11-20,CUST-00535,Customer 535,Consumer,P1009,ProClip Binder,Furniture,Accessories,Central,Illinois,Kansas City,Mia Rodriguez,3,100.16,0.014,296.27,148.71,139.16,0.4697,8.4,Credit Card,Low
ORD-00536,2025-02-02,2025-02-05,CUST-00536,Customer 536,Corporate,P1002,Cove Wall Clock,Technology,Accessories,Central,Missouri,Kansas City,Noah Kim,2,75.5,0.03,146.47,75.64,63.23,0.4317,7.6,Bank Transfer,Medium
ORD-00537,2025-05-16,2025-05-23,CUST-00537,Customer 537,Consumer,P1020,ProClip Binder,Home Decor,Paper,West,Washington,Denver,Ava Patel,3,75.3,0.016,222.29,105.4,107.49,0.4836,9.4,Credit Card,High
ORD-00538,2023-11-01,2023-11-03,CUST-00538,Customer 538,Corporate,P1018,Summit Patio Set,Technology,Writing,South,Texas,Atlanta,Noah Kim,5,97.6,0.025,475.8,215.78,250.02,0.5255,10,Bank Transfer,Medium
ORD-00539,2024-05-16,2024-05-22,CUST-00539,Customer 539,Consumer,P1020,Nova Laptop Stand,Home Decor,Lighting,East,New Jersey,Washington,Noah Kim,3,70.94,0.003,212.18,106.14,96.64,0.4555,9.4,Bank Transfer,Medium
ORD-00540,2023-12-03,2023-12-08,CUST-00540,Customer 540,Consumer,P1017,Aero Standing Desk,Outdoor,Peripherals,West,California,Denver,Sophia Singh,3,616.95,0.021,1811.98,1206.68,595.9,0.3289,9.4,PayPal,High
ORD-00541,2025-12-15,2025-12-20,CUST-00541,Customer 541,Consumer,P1007,Halo Planter,Home Decor,Peripherals,West,Washington,Seattle,Mia Rodriguez,4,27.18,0.035,104.91,41.95,52.76,0.5029,10.2,PayPal,Medium
ORD-00542,2024-05-11,2024-05-13,CUST-00542,Customer 542,Consumer,P1017,Tide Cooler,Furniture,Binders,East,New Jersey,Washington,James Carter,3,547.73,0.023,1605.4,1065.91,530.09,0.3302,9.4,Cash on Delivery,High
ORD-00543,2023-01-10,2023-01-15,CUST-00543,Customer 543,Corporate,P1010,Halo Planter,Office Supplies,Lighting,East,New York,New York,Mia Rodriguez,1,57.49,0.071,53.41,28.2,17.41,0.326,7.8,PayPal,Critical
ORD-00544,2025-10-17,2025-10-21,CUST-00544,Customer 544,Corporate,P1014,Tide Cooler,Technology,Writing,Central,Missouri,Minneapolis,Olivia Martin,3,43.72,0.041,125.78,60.16,57.22,0.4549,8.4,PayPal,High
ORD-00545,2024-07-04,2024-07-05,CUST-00545,Customer 545,Corporate,P1012,SmartInk Pen Set,Furniture,Textiles,North,Quebec,Calgary,Sophia Singh,3,136.29,0.024,399.06,200.24,190.42,0.4772,8.4,Debit Card,High
ORD-00546,2024-02-17,2024-02-19,CUST-00546,Customer 546,Home Office,P1012,Halo Planter,Office Supplies,Video,West,Colorado,Seattle,James Carter,5,131.52,0.014,648.39,329.03,308.36,0.4756,11,Bank Transfer,Low
ORD-00547,2023-10-04,2023-10-08,CUST-00547,Customer 547,Consumer,P1017,FlexNote Notebook,Technology,Coolers,East,New York,New York,Noah Kim,1,612.74,0.017,602.32,402.69,191.83,0.3185,7.8,Credit Card,Medium
ORD-00548,2025-01-19,2025-01-25,CUST-00548,Customer 548,Consumer,P1019,Pulse Keyboard,Furniture,Decor,North,Quebec,Montreal,Mia Rodriguez,3,54.52,0.039,157.18,67.68,81.1,0.516,8.4,Credit Card,Critical
ORD-00549,2024-11-25,2024-11-29,CUST-00549,Customer 549,Corporate,P1014,Cove Wall Clock,Outdoor,Textiles,North,Alberta,Toronto,Noah Kim,3,45.23,0.029,131.75,56.48,66.87,0.5076,8.4,Credit Card,Medium
ORD-00550,2025-03-01,2025-03-05,CUST-00550,Customer 550,Corporate,P1017,CloudDrive File Box,Furniture,Binders,South,North Carolina,Dallas,Olivia Martin,3,524.17,0.011,1555.21,1037.78,509.03,0.3273,8.4,Debit Card,Low
ORD-00551,2024-03-14,2024-03-20,CUST-00551,Customer 551,Consumer,P1015,Aero Standing Desk,Office Supplies,Chairs,West,Washington,San Francisco,Ava Patel,1,72.76,0.019,71.38,36.31,27.27,0.382,7.8,Debit Card,Low
ORD-00552,2025-03-24,2025-03-27,CUST-00552,Customer 552,Corporate,P1006,Orbit Wireless Mouse,Furniture,Flooring,East,Virginia,New York,Sophia Singh,2,17.92,0.078,33.04,14.39,10.05,0.3042,8.6,Cash on Delivery,Critical
ORD-00553,2024-12-11,2024-12-13,CUST-00553,Customer 553,Consumer,P1019,SmartInk Pen Set,Office Supplies,Binders,North,Ontario,Toronto,Sophia Singh,2,58.88,0.022,115.17,57.81,49.76,0.4321,7.6,Cash on Delivery,Medium
ORD-00554,2024-10-25,2024-10-27,CUST-00554,Customer 554,Corporate,P1020,ErgoMesh Chair,Outdoor,Binders,North,Ontario,Calgary,Mia Rodriguez,3,81.5,0.011,241.81,116.1,117.31,0.4851,8.4,PayPal,Medium
ORD-00555,2025-11-28,2025-11-30,CUST-00555,Customer 555,Home Office,P1006,Trail Tote,Office Supplies,Binders,Central,Missouri,Kansas City,James Carter,4,19.26,0.021,75.42,27.64,38.58,0.5115,9.2,Credit Card,Medium
ORD-00556,2024-06-07,2024-06-08,CUST-00556,Customer 556,Corporate,P1006,Echo Web Camera,Furniture,Video,North,Alberta,Vancouver,James Carter,2,18.92,0.053,35.83,15.43,12.8,0.3572,7.6,PayPal,High
ORD-00557,2023-05-17,2023-05-21,CUST-00557,Customer 557,Consumer,P1004,Harbor Rug,Outdoor,Accessories,East,New Jersey,Boston,Ethan Brooks,4,597.59,0.034,2309.09,1466.44,832.45,0.3605,10.2,Credit Card,High
ORD-00558,2023-04-04,2023-04-06,CUST-00558,Customer 558,Corporate,P1001,Atlas Throw Pillow,Technology,Bags,East,Massachusetts,Washington,Ethan Brooks,3,305.36,0.022,895.93,526.23,360.3,0.4022,9.4,Debit Card,Medium
ORD-00559,2025-07-10,2025-07-15,CUST-00559,Customer 559,Corporate,P1019,Cove Wall Clock,Furniture,Writing,East,New Jersey,New York,Ava Patel,2,60.65,0.034,117.18,56.48,52.1,0.4446,8.6,Credit Card,High
ORD-00560,2024-08-17,2024-08-20,CUST-00560,Customer 560,Consumer,P1011,Harbor Rug,Technology,Accessories,East,New York,New York,Noah Kim,2,87.82,0.005,174.76,90.61,75.55,0.4323,8.6,PayPal,Medium
ORD-00561,2025-09-04,2025-09-10,CUST-00561,Customer 561,Consumer,P1007,FlexNote Notebook,Home Decor,Plants,Central,Kansas,Minneapolis,Mia Rodriguez,2,23.35,0.01,46.23,19.81,18.82,0.4071,7.6,Credit Card,Medium
ORD-00562,2023-04-19,2023-04-25,CUST-00562,Customer 562,Home Office,P1002,Cove Wall Clock,Furniture,Lighting,North,Quebec,Montreal,Olivia Martin,3,79.9,0.042,229.63,112.77,108.46,0.4723,8.4,Bank Transfer,High
ORD-00563,2023-12-18,2023-12-19,CUST-00563,Customer 563,Consumer,P1004,Harbor Rug,Technology,Coolers,East,Virginia,Philadelphia,Olivia Martin,3,652.23,0.015,1927.34,1225.46,692.48,0.3593,9.4,Bank Transfer,Medium
ORD-00564,2023-03-17,2023-03-24,CUST-00564,Customer 564,Consumer,P1006,Cove Wall Clock,Outdoor,Chairs,West,California,Los Angeles,Noah Kim,5,18.75,0.007,93.09,37.06,45.03,0.4837,11,Credit Card,Medium
ORD-00565,2024-12-06,2024-12-12,CUST-00565,Customer 565,Consumer,P1005,Echo Web Camera,Furniture,Chairs,West,Washington,Seattle,James Carter,2,14.42,0.031,27.95,15.56,3.79,0.1356,8.6,Credit Card,High
ORD-00566,2024-01-28,2024-01-31,CUST-00566,Customer 566,Corporate,P1009,Trail Tote,Furniture,Peripherals,East,Virginia,New York,Ava Patel,2,90.09,0.038,173.33,87.16,77.57,0.4475,8.6,Cash on Delivery,High
ORD-00567,2024-07-07,2024-07-14,CUST-00567,Customer 567,Home Office,P1011,Halo Planter,Outdoor,Accessories,Central,Missouri,Chicago,Liam Chen,1,94.41,0.003,94.13,48.6,38.73,0.4115,6.8,PayPal,Medium
ORD-00568,2024-05-06,2024-05-10,CUST-00568,Customer 568,Corporate,P1018,Northstar Lantern,Home Decor,Peripherals,South,Georgia,Miami,James Carter,2,84,0.064,157.25,78.42,71.23,0.453,7.6,Cash on Delivery,High
ORD-00569,2025-07-25,2025-07-31,CUST-00569,Customer 569,Consumer,P1020,Pulse Keyboard,Outdoor,Video,South,Texas,Atlanta,Mia Rodriguez,2,74.71,0.023,145.98,72.34,66.04,0.4524,7.6,Debit Card,Medium
ORD-00570,2024-08-12,2024-08-19,CUST-00570,Customer 570,Corporate,P1017,Halo Planter,Outdoor,Binders,West,Colorado,San Francisco,James Carter,3,569.7,0.037,1645.86,1095.72,540.74,0.3285,9.4,Credit Card,High
ORD-00571,2024-06-09,2024-06-16,CUST-00571,Customer 571,Corporate,P1013,Echo Web Camera,Outdoor,Writing,South,Florida,Atlanta,Ethan Brooks,3,164.17,0.015,485.12,280.54,196.18,0.4044,8.4,Debit Card,Low
ORD-00572,2025-06-18,2025-06-24,CUST-00572,Customer 572,Corporate,P1017,Northstar Lantern,Office Supplies,Furniture,Central,Kansas,St. Louis,Ethan Brooks,3,582.73,0.015,1721.97,1142.82,570.75,0.3315,8.4,Cash on Delivery,Medium
ORD-00573,2024-10-02,2024-10-07,CUST-00573,Customer 573,Consumer,P1010,Atlas Throw Pillow,Office Supplies,Furniture,West,Oregon,Seattle,Mia Rodriguez,2,58.33,0.061,109.54,49.52,51.42,0.4694,8.6,Credit Card,High
ORD-00574,2024-10-25,2024-10-29,CUST-00574,Customer 574,Corporate,P1018,Aero Standing Desk,Furniture,Desks,East,New York,Philadelphia,Sophia Singh,3,95.53,0.029,278.28,127.22,141.66,0.5091,9.4,Bank Transfer,High
ORD-00575,2025-11-17,2025-11-19,CUST-00575,Customer 575,Consumer,P1017,Tide Cooler,Technology,Chairs,South,Texas,Miami,Liam Chen,4,567.49,0.036,2188.24,1453.38,725.66,0.3316,9.2,Debit Card,High
ORD-00576,2025-04-21,2025-04-24,CUST-00576,Customer 576,Consumer,P1012,Nova Laptop Stand,Office Supplies,Chairs,South,Texas,Atlanta,Ethan Brooks,2,131.45,0.017,258.43,137.34,113.49,0.4392,7.6,Credit Card,High
ORD-00577,2023-09-01,2023-09-07,CUST-00577,Customer 577,Corporate,P1015,Atlas Throw Pillow,Home Decor,Furniture,East,Massachusetts,New York,Ethan Brooks,2,67.86,0.039,130.43,63.62,58.21,0.4463,8.6,Debit Card,Critical
ORD-00578,2025-08-23,2025-08-28,CUST-00578,Customer 578,Home Office,P1019,SmartInk Pen Set,Technology,Peripherals,East,New Jersey,Philadelphia,Ethan Brooks,2,59.12,0.003,117.89,54.94,54.35,0.461,8.6,Credit Card,Low
ORD-00579,2024-06-09,2024-06-12,CUST-00579,Customer 579,Consumer,P1015,Northstar Lantern,Office Supplies,Accessories,East,New York,New York,Ethan Brooks,1,74.16,0.037,71.42,37.47,26.15,0.3661,7.8,PayPal,Critical
ORD-00580,2023-07-06,2023-07-13,CUST-00580,Customer 580,Home Office,P1013,Pulse Keyboard,Office Supplies,Peripherals,North,Alberta,Montreal,James Carter,4,167.98,0.022,657.14,378.28,269.66,0.4104,9.2,Credit Card,Medium
ORD-00581,2024-05-02,2024-05-03,CUST-00581,Customer 581,Consumer,P1007,Summit Patio Set,Outdoor,Lighting,East,New Jersey,New York,Mia Rodriguez,2,25.59,0.047,48.77,20.07,20.1,0.4121,8.6,Cash on Delivery,High
ORD-00582,2025-03-06,2025-03-11,CUST-00582,Customer 582,Corporate,P1011,FlexNote Notebook,Home Decor,Textiles,East,New York,Washington,Noah Kim,2,85.09,0.022,166.44,83.37,74.47,0.4474,8.6,Credit Card,Medium
ORD-00583,2024-04-09,2024-04-16,CUST-00583,Customer 583,Consumer,P1008,Echo Web Camera,Technology,Textiles,Central,Illinois,Kansas City,Ava Patel,2,33.63,0.009,66.65,34.82,24.23,0.3635,7.6,PayPal,Medium
ORD-00584,2024-02-03,2024-02-04,CUST-00584,Customer 584,Consumer,P1020,Northstar Lantern,Furniture,Storage,Central,Illinois,Kansas City,Liam Chen,1,75.38,0.01,74.63,42.14,25.69,0.3442,6.8,Bank Transfer,High
ORD-00585,2024-10-16,2024-10-22,CUST-00585,Customer 585,Corporate,P1016,Lumen Desk Lamp,Office Supplies,Writing,West,California,Seattle,Sophia Singh,4,42.12,0.03299999999999999,162.92,67.14,85.58,0.5253,10.2,PayPal,Medium
ORD-00586,2023-09-25,2023-09-30,CUST-00586,Customer 586,Corporate,P1011,ErgoMesh Chair,Furniture,Peripherals,Central,Illinois,Chicago,Sophia Singh,3,90.25,0.025,263.98,132.11,123.47,0.4677,8.4,PayPal,High
ORD-00587,2023-12-24,2023-12-26,CUST-00587,Customer 587,Corporate,P1005,Aero Standing Desk,Home Decor,Desks,West,Washington,Seattle,Olivia Martin,3,13.55,0.042,38.94,22.88,6.66,0.171,9.4,Debit Card,Medium
ORD-00588,2023-10-15,2023-10-22,CUST-00588,Customer 588,Corporate,P1007,Pulse Keyboard,Home Decor,Accessories,East,New York,New York,Noah Kim,3,26.49,0.033,76.85,33.65,33.8,0.4398,9.4,Credit Card,Medium
ORD-00589,2023-01-12,2023-01-15,CUST-00589,Customer 589,Corporate,P1016,Tide Cooler,Furniture,Paper,West,California,San Francisco,Ava Patel,4,39.88,0.029,154.89,63.23,81.46,0.5259,10.2,Credit Card,Medium
ORD-00590,2023-12-23,2023-12-26,CUST-00590,Customer 590,Home Office,P1016,Atlas Throw Pillow,Office Supplies,Writing,West,Washington,Denver,Sophia Singh,3,44.43,0.024,130.09,54.14,66.55,0.5116,9.4,Bank Transfer,Low
ORD-00591,2023-11-08,2023-11-15,CUST-00591,Customer 591,Consumer,P1020,Orbit Wireless Mouse,Office Supplies,Desks,East,New York,Washington,Sophia Singh,5,79.82,0.005,397.1,185.14,200.96,0.5061,11,Bank Transfer,Medium
ORD-00592,2024-07-26,2024-08-02,CUST-00592,Customer 592,Consumer,P1017,Echo Web Camera,Technology,Chairs,East,New Jersey,Philadelphia,Ava Patel,2,600.3,0.053,1136.97,754.74,373.63,0.3286,8.6,Bank Transfer,High
ORD-00593,2023-08-06,2023-08-10,CUST-00593,Customer 593,Consumer,P1019,Lumen Desk Lamp,Technology,Video,Central,Kansas,Kansas City,Liam Chen,4,58.57,0.01,231.94,102.65,120.09,0.5178,9.2,Debit Card,Low
ORD-00594,2024-12-03,2024-12-08,CUST-00594,Customer 594,Consumer,P1015,ErgoMesh Chair,Technology,Textiles,West,California,San Francisco,Mia Rodriguez,3,73.92,0.033,214.44,95.72,109.32,0.5098,9.4,Cash on Delivery,Medium
ORD-00595,2025-08-23,2025-08-28,CUST-00595,Customer 595,Corporate,P1015,Orbit Wireless Mouse,Furniture,Textiles,West,Colorado,Los Angeles,Mia Rodriguez,4,71.31,0.03,276.68,126.64,139.84,0.5054,10.2,PayPal,Medium
ORD-00596,2024-12-04,2024-12-11,CUST-00596,Customer 596,Consumer,P1020,Orbit Wireless Mouse,Office Supplies,Storage,Central,Illinois,Chicago,Olivia Martin,4,76.4,0.014,301.32,140.49,151.63,0.5032,9.2,Credit Card,High
ORD-00597,2025-02-27,2025-02-28,CUST-00597,Customer 597,Consumer,P1015,Orbit Wireless Mouse,Home Decor,Flooring,East,Virginia,Boston,Ava Patel,1,67.85,0.051,64.39,31.16,25.43,0.3949,7.8,Credit Card,High
ORD-00598,2023-04-10,2023-04-15,CUST-00598,Customer 598,Consumer,P1003,Lumen Desk Lamp,Outdoor,Accessories,East,New Jersey,Philadelphia,Ava Patel,4,149.18,0.02,584.79,307.4,267.19,0.4569,10.2,Debit Card,High
ORD-00599,2023-06-14,2023-06-17,CUST-00599,Customer 599,Corporate,P1012,Trail Tote,Outdoor,Peripherals,Central,Illinois,Minneapolis,Ethan Brooks,2,139.45,0.026,271.65,137.91,126.14,0.4643,7.6,Bank Transfer,Low
ORD-00600,2023-08-21,2023-08-26,CUST-00600,Customer 600,Consumer,P1006,Nimbus Monitor Arm,Office Supplies,Storage,West,Oregon,Los Angeles,Ava Patel,3,18.91,0.009000000000000001,56.22,24.35,22.47,0.3997,9.4,Credit Card,Low
ORD-00601,2023-11-24,2023-11-28,CUST-00601,Customer 601,Consumer,P1020,ErgoMesh Chair,Outdoor,Chairs,South,North Carolina,Dallas,Noah Kim,1,74.12,0.032,71.75,38.27,26.68,0.3718,6.8,None,High
ORD-00602,2023-12-15,2023-12-19,CUST-00602,Customer 602,Corporate,P1005,Tide Cooler,Outdoor,Accessories,Central,Minnesota,Chicago,Noah Kim,4,13.04,0.021,51.06,25.34,16.52,0.3235,9.2,PayPal,Low
ORD-00603,2023-06-07,2023-06-14,CUST-00603,Customer 603,Corporate,P1011,Pulse Keyboard,Outdoor,Paper,East,Virginia,Boston,Ava Patel,3,89.83,0.016,265.18,128.41,127.37,0.4803,9.4,Cash on Delivery,Medium
ORD-00604,2023-01-07,2023-01-10,CUST-00604,Customer 604,Consumer,P1012,Echo Web Camera,Outdoor,Writing,West,Oregon,Los Angeles,Noah Kim,5,136.55,0.028,663.63,331.61,321.02,0.4837,11,Bank Transfer,Medium
ORD-00605,2023-11-08,2023-11-11,CUST-00605,Customer 605,Corporate,P1007,ErgoMesh Chair,Home Decor,Textiles,South,Texas,Atlanta,James Carter,2,26.37,0.036,50.84,23.49,19.75,0.3885,7.6,Credit Card,Medium
ORD-00606,2024-08-10,2024-08-13,CUST-00606,Customer 606,Consumer,P1009,ProClip Binder,Outdoor,Storage,Central,Minnesota,Kansas City,Mia Rodriguez,3,95.63,0.018,281.73,144.07,129.26,0.4588,8.4,Credit Card,High
ORD-00607,2023-04-19,2023-04-24,CUST-00607,Customer 607,Home Office,P1018,Atlas Throw Pillow,Furniture,Chairs,South,Georgia,Atlanta,Ava Patel,3,84.36,0.036,243.97,114.8,120.77,0.495,8.4,Bank Transfer,High
ORD-00608,2024-07-19,2024-07-24,CUST-00608,Customer 608,Consumer,P1014,Trail Tote,Furniture,Accessories,East,Massachusetts,Washington,Mia Rodriguez,4,43.7,0.007,173.58,78.24,85.14,0.4905,10.2,Bank Transfer,Low
ORD-00609,2024-10-02,2024-10-04,CUST-00609,Customer 609,Home Office,P1004,Nimbus Monitor Arm,Office Supplies,Binders,West,Colorado,Los Angeles,James Carter,3,691.99,0.026,2021.99,1279.86,732.73,0.3624,9.4,Debit Card,Medium
ORD-00610,2025-10-15,2025-10-21,CUST-00610,Customer 610,Home Office,P1008,Summit Patio Set,Home Decor,Video,West,Oregon,Denver,Mia Rodriguez,3,41.08,0.059,115.97,49.63,56.94,0.491,9.4,Credit Card,High
ORD-00611,2023-07-01,2023-07-08,CUST-00611,Customer 611,Corporate,P1016,Atlas Throw Pillow,Furniture,Plants,Central,Minnesota,Chicago,Noah Kim,5,39.3,0.03,190.6,79.81,100.79,0.5288,10,Bank Transfer,Medium
ORD-00612,2025-05-10,2025-05-16,CUST-00612,Customer 612,Consumer,P1004,Pulse Keyboard,Technology,Furniture,West,California,Los Angeles,Olivia Martin,2,617.52,0.016,1215.28,775.82,430.86,0.3545,8.6,Debit Card,Medium
ORD-00613,2024-12-06,2024-12-07,CUST-00613,Customer 613,Corporate,P1019,Atlas Throw Pillow,Furniture,Coolers,North,Ontario,Montreal,Sophia Singh,3,60.42,0.039,174.19,80.97,84.82,0.4869,8.4,Bank Transfer,High
ORD-00614,2023-09-22,2023-09-27,CUST-00614,Customer 614,Consumer,P1006,Echo Web Camera,Technology,Furniture,West,Oregon,San Francisco,James Carter,3,18.22,0.033,52.86,24.21,19.25,0.3642,9.4,Credit Card,Medium
ORD-00615,2025-06-13,2025-06-15,CUST-00615,Customer 615,Home Office,P1019,ErgoMesh Chair,Furniture,Video,East,New York,Philadelphia,Sophia Singh,1,59.25,0.057,55.87,32.4,15.67,0.2805,7.8,Debit Card,High
ORD-00616,2025-05-10,2025-05-12,CUST-00616,Customer 616,Corporate,P1015,Pulse Keyboard,Technology,Textiles,South,Florida,Dallas,Liam Chen,3,65.23,0.04500000000000001,186.88,88.61,89.87,0.4809,8.4,Debit Card,High
ORD-00617,2023-10-12,2023-10-16,CUST-00617,Customer 617,Home Office,P1012,ProClip Binder,Furniture,Video,West,Oregon,Seattle,James Carter,2,143.27,0.069,266.77,142.51,115.66,0.4336,8.6,Debit Card,Critical
ORD-00618,2023-04-24,2023-04-29,CUST-00618,Customer 618,Corporate,P1012,Northstar Lantern,Outdoor,Desks,South,Texas,Atlanta,Olivia Martin,3,130.41,0.028,380.28,193.38,178.5,0.4694,8.4,Cash on Delivery,Medium
ORD-00619,2025-03-06,2025-03-08,CUST-00619,Customer 619,Corporate,P1002,Echo Web Camera,Outdoor,Accessories,North,Alberta,Montreal,Liam Chen,3,78.4,0.02,230.5,109.42,112.68,0.4889,8.4,Bank Transfer,Medium
ORD-00620,2025-08-06,2025-08-10,CUST-00620,Customer 620,Corporate,P1009,Lumen Desk Lamp,Home Decor,Plants,North,British Columbia,Calgary,Sophia Singh,4,90.05,0.021,352.64,174.8,168.64,0.4782,9.2,Bank Transfer,High
ORD-00621,2023-05-01,2023-05-02,CUST-00621,Customer 621,Consumer,P1003,Orbit Wireless Mouse,Office Supplies,Paper,East,New York,New York,Ava Patel,2,152.33,0.02,298.57,160.81,129.16,0.4326,8.6,Credit Card,High
ORD-00622,2023-09-12,2023-09-16,CUST-00622,Customer 622,Consumer,P1001,Northstar Lantern,Furniture,Peripherals,East,New York,Washington,Sophia Singh,1,298.04,0.02,292.08,173.43,110.85,0.3795,7.8,Debit Card,Medium
ORD-00623,2024-03-23,2024-03-24,CUST-00623,Customer 623,Corporate,P1014,Halo Planter,Outdoor,Coolers,North,Quebec,Vancouver,Ethan Brooks,3,43.38,0.025,126.89,56.53,61.96,0.4883,8.4,Credit Card,Low
ORD-00624,2024-09-23,2024-09-29,CUST-00624,Customer 624,Home Office,P1013,CloudDrive File Box,Office Supplies,Chairs,Central,Illinois,St. Louis,Noah Kim,3,161.39,0.03,469.64,271.1,190.14,0.4049,8.4,Cash on Delivery,Medium
ORD-00625,2024-05-10,2024-05-16,CUST-00625,Customer 625,Corporate,P1005,Pulse Keyboard,Technology,Textiles,West,California,Seattle,James Carter,1,13.68,0.027,13.31,13.65,-8.14,-0.6116,7.8,Credit Card,Medium
ORD-00626,2024-01-25,2024-01-28,CUST-00626,Customer 626,Home Office,P1007,Atlas Throw Pillow,Office Supplies,Coolers,Central,Missouri,Minneapolis,Sophia Singh,3,23.91,0.009,71.08,28.34,34.34,0.4831,8.4,Credit Card,Low
ORD-00627,2024-03-14,2024-03-17,CUST-00627,Customer 627,Home Office,P1014,Harbor Rug,Furniture,Flooring,Central,Missouri,St. Louis,Ava Patel,2,43.86,0.014,86.49,40.35,38.54,0.4456,7.6,Credit Card,Medium
ORD-00628,2025-12-15,2025-12-22,CUST-00628,Customer 628,Corporate,P1016,Harbor Rug,Technology,Bags,West,Washington,San Francisco,Ava Patel,3,43,0.042,123.58,55.44,58.74,0.4753,9.4,PayPal,Medium
ORD-00629,2023-11-28,2023-12-02,CUST-00629,Customer 629,Consumer,P1018,FlexNote Notebook,Technology,Textiles,North,British Columbia,Toronto,Liam Chen,2,95.85,0.069,178.47,87.42,83.45,0.4676,7.6,Credit Card,Critical
ORD-00630,2023-04-23,2023-04-30,CUST-00630,Customer 630,Corporate,P1014,Echo Web Camera,Home Decor,Textiles,West,Colorado,Los Angeles,Liam Chen,3,42.79,0.027,124.9,60.35,55.15,0.4416,9.4,Credit Card,Medium
ORD-00631,2025-11-24,2025-11-27,CUST-00631,Customer 631,Consumer,P1001,Orbit Wireless Mouse,Technology,Accessories,West,California,Denver,Ava Patel,4,322.31,0.039,1238.96,726.91,501.85,0.4051,10.2,Debit Card,Critical
ORD-00632,2025-09-04,2025-09-09,CUST-00632,Customer 632,Consumer,P1006,Northstar Lantern,Home Decor,Coolers,South,Texas,Dallas,Mia Rodriguez,4,18.2,0.031,70.54,26.46,34.88,0.4945,9.2,PayPal,High
ORD-00633,2024-12-25,2024-12-29,CUST-00633,Customer 633,Consumer,P1010,Summit Patio Set,Technology,Peripherals,East,Massachusetts,Boston,James Carter,3,60.38,0.005,180.23,82.46,88.37,0.4903,9.4,PayPal,Medium
ORD-00634,2024-06-01,2024-06-03,CUST-00634,Customer 634,Home Office,P1006,ErgoMesh Chair,Technology,Flooring,South,Florida,Dallas,Ethan Brooks,3,18.98,0.04,54.66,26.18,20.08,0.3674,8.4,Credit Card,High
ORD-00635,2023-09-08,2023-09-13,CUST-00635,Customer 635,Consumer,P1002,Halo Planter,Office Supplies,Lighting,Central,Minnesota,Chicago,James Carter,4,82.8,0.024,323.25,151.02,163.03,0.5043,9.2,Bank Transfer,Medium
ORD-00636,2024-02-03,2024-02-10,CUST-00636,Customer 636,Corporate,P1007,Atlas Throw Pillow,Outdoor,Accessories,East,Massachusetts,Washington,Liam Chen,3,24.04,0.039,69.31,28.81,31.1,0.4487,9.4,Credit Card,Medium
ORD-00637,2024-06-14,2024-06-18,CUST-00637,Customer 637,Home Office,P1017,Trail Tote,Outdoor,Chairs,West,California,Denver,Olivia Martin,3,616.75,0.024,1805.84,1202,594.44,0.3292,9.4,Cash on Delivery,Medium
ORD-00638,2023-12-17,2023-12-24,CUST-00638,Customer 638,Corporate,P1014,Orbit Wireless Mouse,Technology,Chairs,South,Georgia,Atlanta,Ethan Brooks,4,45.06,0.08099999999999999,165.64,74.41,82.03,0.4952,9.2,Credit Card,Critical
ORD-00639,2023-08-02,2023-08-08,CUST-00639,Customer 639,Corporate,P1007,Orbit Wireless Mouse,Office Supplies,Plants,North,Alberta,Montreal,Noah Kim,4,25.87,0.02,101.41,39.32,52.89,0.5215,9.2,Debit Card,Low
ORD-00640,2024-05-15,2024-05-16,CUST-00640,Customer 640,Corporate,P1009,Summit Patio Set,Furniture,Accessories,Central,Missouri,Chicago,Mia Rodriguez,3,92.09,0.019,271.02,133.39,129.23,0.4768,8.4,Credit Card,Medium
ORD-00641,2023-03-06,2023-03-13,CUST-00641,Customer 641,Consumer,P1019,Summit Patio Set,Office Supplies,Desks,East,Massachusetts,Washington,Olivia Martin,2,58.04,0.004,115.62,57.19,49.83,0.431,8.6,Debit Card,Low
ORD-00642,2024-10-05,2024-10-08,CUST-00642,Customer 642,Consumer,P1011,Lumen Desk Lamp,Office Supplies,Video,South,Florida,Miami,Olivia Martin,3,94.75,0.004,283.11,134.35,140.36,0.4958,8.4,Credit Card,Medium
ORD-00643,2023-09-14,2023-09-17,CUST-00643,Customer 643,Home Office,P1003,Nova Laptop Stand,Outdoor,Video,East,Massachusetts,Philadelphia,Olivia Martin,1,154.67,0.002,154.36,86.5,60.06,0.3891,7.8,Bank Transfer,Low
ORD-00644,2024-06-19,2024-06-22,CUST-00644,Customer 644,Consumer,P1004,Aero Standing Desk,Outdoor,Decor,West,Colorado,Seattle,Noah Kim,3,644.8,0.028,1880.24,1195.62,675.22,0.3591,9.4,Debit Card,Critical
ORD-00645,2023-12-09,2023-12-13,CUST-00645,Customer 645,Corporate,P1005,SmartInk Pen Set,Furniture,Peripherals,South,Georgia,Dallas,Olivia Martin,3,12.62,0.02,37.1,19.59,9.11,0.2456,8.4,Debit Card,Medium
ORD-00646,2025-01-08,2025-01-13,CUST-00646,Customer 646,Corporate,P1004,FlexNote Notebook,Home Decor,Binders,East,Virginia,Washington,Noah Kim,3,585.68,0.058,1655.13,1054.53,591.2,0.3572,9.4,Cash on Delivery,High
ORD-00647,2024-05-03,2024-05-04,CUST-00647,Customer 647,Consumer,P1013,Northstar Lantern,Technology,Decor,Central,Illinois,Kansas City,Ethan Brooks,4,151.43,0.022,592.39,336.75,246.44,0.416,9.2,Debit Card,High
ORD-00648,2025-12-18,2025-12-21,CUST-00648,Customer 648,Home Office,P1009,Aero Standing Desk,Technology,Lighting,Central,Minnesota,Minneapolis,James Carter,2,94.69,0.018,185.97,98.72,79.65,0.4283,7.6,Credit Card,Low
ORD-00649,2025-05-08,2025-05-13,CUST-00649,Customer 649,Corporate,P1014,Tide Cooler,Outdoor,Accessories,West,Colorado,Seattle,Ava Patel,3,44.56,0.034,129.13,55.05,64.68,0.5009,9.4,Credit Card,Low
ORD-00650,2024-04-16,2024-04-23,CUST-00650,Customer 650,Consumer,P1016,Nimbus Monitor Arm,Technology,Coolers,West,Colorado,Seattle,Mia Rodriguez,3,38.1,0.018,112.24,48.51,54.33,0.4841,9.4,Bank Transfer,Medium
ORD-00651,2023-08-15,2023-08-17,CUST-00651,Customer 651,Home Office,P1006,Aero Standing Desk,Office Supplies,Storage,Central,Missouri,Kansas City,James Carter,2,19.37,0.006,38.51,18.7,12.21,0.3171,7.6,Credit Card,Medium
ORD-00652,2024-11-21,2024-11-27,CUST-00652,Customer 652,Corporate,P1010,Cove Wall Clock,Furniture,Lighting,East,New York,New York,Liam Chen,2,60.02,0.027,116.8,58.19,50.01,0.4282,8.6,PayPal,Medium
ORD-00653,2024-02-15,2024-02-17,CUST-00653,Customer 653,Consumer,P1013,Cove Wall Clock,Home Decor,Bags,East,New Jersey,Washington,Ava Patel,3,167.31,0.027,488.38,282.04,196.94,0.4033,9.4,Cash on Delivery,High
ORD-00654,2025-12-16,2025-12-17,CUST-00654,Customer 654,Corporate,P1003,Summit Patio Set,Furniture,Textiles,West,Washington,Los Angeles,Sophia Singh,2,168.59,0.02,330.44,178.01,143.83,0.4353,8.6,Debit Card,Medium
ORD-00655,2024-11-25,2024-11-28,CUST-00655,Customer 655,Consumer,P1011,Nova Laptop Stand,Office Supplies,Decor,West,Washington,Denver,Liam Chen,4,99.66,0.053,377.51,184.71,182.6,0.4837,10.2,Credit Card,High
ORD-00656,2023-03-01,2023-03-03,CUST-00656,Customer 656,Corporate,P1003,Northstar Lantern,Home Decor,Lighting,North,Ontario,Calgary,Sophia Singh,6,156.43,0.028,912.3,469.69,431.81,0.4733,10.8,Bank Transfer,Medium
ORD-00657,2023-10-10,2023-10-16,CUST-00657,Customer 657,Consumer,P1007,Nimbus Monitor Arm,Furniture,Bags,East,New Jersey,Philadelphia,Ava Patel,2,27.17,0.018,53.36,24.22,20.54,0.3849,8.6,Debit Card,Medium
ORD-00658,2024-06-19,2024-06-24,CUST-00658,Customer 658,Corporate,P1010,Halo Planter,Home Decor,Desks,West,Washington,San Francisco,Noah Kim,3,56.08,0.047,160.33,77.52,73.41,0.4579,9.4,Credit Card,High
ORD-00659,2024-06-05,2024-06-10,CUST-00659,Customer 659,Corporate,P1001,ErgoMesh Chair,Outdoor,Binders,Central,Illinois,Minneapolis,Olivia Martin,1,297.32,0.043,284.54,171.42,106.32,0.3737,6.8,PayPal,High
ORD-00660,2024-11-18,2024-11-20,CUST-00660,Customer 660,Home Office,P1004,Northstar Lantern,Home Decor,Video,Central,Missouri,Minneapolis,Noah Kim,2,623.19,0.045,1190.29,757.49,425.2,0.3572,7.6,PayPal,High
ORD-00661,2024-12-03,2024-12-10,CUST-00661,Customer 661,Corporate,P1008,Aero Standing Desk,Outdoor,Peripherals,South,Texas,Houston,Mia Rodriguez,4,37.37,0.028,145.29,60.65,75.44,0.5192,9.2,PayPal,Medium
ORD-00662,2025-03-04,2025-03-11,CUST-00662,Customer 662,Consumer,P1020,Cove Wall Clock,Office Supplies,Accessories,West,Washington,Denver,James Carter,2,78.61,0.007,156.12,82.06,65.46,0.4193,8.6,Bank Transfer,Low
ORD-00663,2024-06-04,2024-06-07,CUST-00663,Customer 663,Home Office,P1017,Tide Cooler,Furniture,Accessories,East,New York,New York,Liam Chen,4,589.53,0.017,2318.03,1533.99,773.84,0.3338,10.2,PayPal,Medium
ORD-00664,2023-07-11,2023-07-17,CUST-00664,Customer 664,Corporate,P1005,Echo Web Camera,Furniture,Chairs,North,Ontario,Montreal,Olivia Martin,3,13.52,0.023,39.63,21.49,9.74,0.2458,8.4,Credit Card,High
ORD-00665,2023-06-09,2023-06-10,CUST-00665,Customer 665,Corporate,P1017,ProClip Binder,Outdoor,Decor,West,California,San Francisco,Sophia Singh,3,617.07,0.031,1793.82,1188.57,595.85,0.3322,9.4,Bank Transfer,Low
ORD-00666,2023-06-01,2023-06-04,CUST-00666,Customer 666,Consumer,P1009,Orbit Wireless Mouse,Outdoor,Storage,Central,Minnesota,Kansas City,Sophia Singh,2,94.6,0.024,184.66,98.59,78.47,0.4249,7.6,Cash on Delivery,High
ORD-00667,2023-01-28,2023-02-01,CUST-00667,Customer 667,Home Office,P1008,Aero Standing Desk,Office Supplies,Coolers,Central,Kansas,Minneapolis,James Carter,3,36.46,0.062,102.6,44.03,50.17,0.489,8.4,Credit Card,Critical
ORD-00668,2023-10-25,2023-10-27,CUST-00668,Customer 668,Home Office,P1007,Atlas Throw Pillow,Technology,Video,West,Oregon,San Francisco,Mia Rodriguez,2,27.01,0.018,53.05,25.61,18.84,0.3551,8.6,Credit Card,Medium
ORD-00669,2023-06-16,2023-06-20,CUST-00669,Customer 669,Corporate,P1005,ErgoMesh Chair,Furniture,Video,Central,Illinois,St. Louis,Ethan Brooks,2,12.46,0.035,24.05,19,-2.55,-0.106,7.6,Debit Card,Medium
ORD-00670,2023-04-09,2023-04-11,CUST-00670,Customer 670,Home Office,P1004,Nimbus Monitor Arm,Technology,Peripherals,West,California,Seattle,Ethan Brooks,1,611.33,0.011,604.61,390.79,206.02,0.3407,7.8,Cash on Delivery,Low
ORD-00671,2023-11-11,2023-11-12,CUST-00671,Customer 671,Consumer,P1003,SmartInk Pen Set,Home Decor,Desks,Central,Missouri,Chicago,Olivia Martin,6,160.07,0.04,922,474.49,436.71,0.4737,10.8,Credit Card,High
ORD-00672,2025-11-06,2025-11-09,CUST-00672,Customer 672,Home Office,P1008,Nimbus Monitor Arm,Technology,Bags,South,Texas,Miami,Liam Chen,2,35.41,0.004,70.54,38.66,24.28,0.3442,7.6,Debit Card,Low
ORD-00673,2023-07-27,2023-08-02,CUST-00673,Customer 673,Consumer,P1005,Halo Planter,Technology,Paper,East,Massachusetts,New York,Noah Kim,4,13.77,0.002,54.97,28.58,16.19,0.2945,10.2,Credit Card,Low
ORD-00674,2024-05-17,2024-05-24,CUST-00674,Customer 674,Consumer,P1005,ProClip Binder,Home Decor,Storage,Central,Illinois,Kansas City,Ethan Brooks,2,12.79,0.003,25.5,18.68,-0.78,-0.0306,7.6,Debit Card,Medium
ORD-00675,2024-09-27,2024-10-04,CUST-00675,Customer 675,Corporate,P1017,Atlas Throw Pillow,Furniture,Lighting,North,Ontario,Montreal,Ava Patel,3,540.73,0.029,1575.15,1044.4,522.35,0.3316,8.4,Debit Card,Medium
ORD-00676,2025-05-12,2025-05-15,CUST-00676,Customer 676,Corporate,P1015,Summit Patio Set,Furniture,Binders,South,North Carolina,Houston,Mia Rodriguez,4,66.01,0.077,243.71,113.31,121.2,0.4973,9.2,PayPal,Critical
ORD-00677,2023-04-22,2023-04-24,CUST-00677,Customer 677,Consumer,P1008,Lumen Desk Lamp,Technology,Textiles,Central,Missouri,Kansas City,Olivia Martin,3,36.67,0.023,107.48,48.06,51.02,0.4747,8.4,Credit Card,Medium
ORD-00678,2024-10-08,2024-10-15,CUST-00678,Customer 678,Consumer,P1007,Orbit Wireless Mouse,Furniture,Accessories,Central,Illinois,St. Louis,Ava Patel,1,25.76,0.047,24.55,14.17,3.58,0.1458,6.8,Bank Transfer,High
ORD-00679,2025-01-16,2025-01-21,CUST-00679,Customer 679,Consumer,P1017,Pulse Keyboard,Outdoor,Peripherals,Central,Illinois,St. Louis,Ava Patel,2,552.45,0.057,1041.92,699.19,335.13,0.3216,7.6,Bank Transfer,Critical
ORD-00680,2025-02-05,2025-02-09,CUST-00680,Customer 680,Consumer,P1012,ProClip Binder,Furniture,Accessories,West,Colorado,Denver,Olivia Martin,4,135.9,0.009000000000000001,538.71,274.02,254.49,0.4724,10.2,Cash on Delivery,Low
ORD-00681,2025-01-21,2025-01-27,CUST-00681,Customer 681,Consumer,P1004,Tide Cooler,Furniture,Decor,Central,Illinois,Minneapolis,Mia Rodriguez,3,607.26,0.005,1812.67,1150.63,653.64,0.3606,8.4,Credit Card,Medium
ORD-00682,2023-03-01,2023-03-07,CUST-00682,Customer 682,Consumer,P1020,Halo Planter,Furniture,Paper,South,Florida,Miami,Sophia Singh,3,72.96,0.055,206.84,98.84,99.6,0.4815,8.4,Bank Transfer,Critical
ORD-00683,2023-02-17,2023-02-24,CUST-00683,Customer 683,Consumer,P1018,Atlas Throw Pillow,Office Supplies,Binders,West,Colorado,Denver,Liam Chen,1,89.17,0.025,86.94,44.38,34.76,0.3998,7.8,PayPal,Medium
ORD-00684,2025-12-24,2025-12-27,CUST-00684,Customer 684,Home Office,P1004,Harbor Rug,Office Supplies,Chairs,East,Massachusetts,Philadelphia,James Carter,3,685.9,0.024,2008.32,1271.36,727.56,0.3623,9.4,Credit Card,Medium
ORD-00685,2025-05-21,2025-05-24,CUST-00685,Customer 685,Corporate,P1010,Atlas Throw Pillow,Outdoor,Flooring,North,British Columbia,Vancouver,Sophia Singh,3,54.04,0.038,155.96,71.73,75.83,0.4862,8.4,Credit Card,Medium
ORD-00686,2024-03-08,2024-03-10,CUST-00686,Customer 686,Consumer,P1003,Lumen Desk Lamp,Furniture,Accessories,West,Colorado,Los Angeles,Noah Kim,3,152.28,0.017,449.07,233.49,206.18,0.4591,9.4,Credit Card,High
ORD-00687,2024-04-10,2024-04-15,CUST-00687,Customer 687,Home Office,P1005,Trail Tote,Furniture,Accessories,East,Virginia,Boston,Liam Chen,2,12.9,0.015,25.41,17.31,-0.5,-0.0197,8.6,Credit Card,High
ORD-00688,2023-12-18,2023-12-22,CUST-00688,Customer 688,Corporate,P1012,Echo Web Camera,Office Supplies,Binders,East,New York,Boston,Olivia Martin,4,135.22,0.075,500.31,250.56,239.55,0.4788,10.2,Bank Transfer,Critical
ORD-00689,2025-07-15,2025-07-20,CUST-00689,Customer 689,Consumer,P1005,Cove Wall Clock,Technology,Bags,East,Virginia,Boston,Mia Rodriguez,3,12.75,0.02,37.48,17.55,10.53,0.2809,9.4,Credit Card,Critical
ORD-00690,2023-06-20,2023-06-26,CUST-00690,Customer 690,Consumer,P1005,CloudDrive File Box,Home Decor,Storage,East,Massachusetts,Philadelphia,Olivia Martin,3,13.79,0.011,40.91,18.41,13.1,0.3202,9.4,Cash on Delivery,High
ORD-00691,2024-11-13,2024-11-18,CUST-00691,Customer 691,Consumer,P1004,ProClip Binder,Office Supplies,Desks,West,Colorado,Los Angeles,Mia Rodriguez,2,711.4,0.024,1388.65,882.6,497.45,0.3582,8.6,Debit Card,High
ORD-00692,2024-06-27,2024-07-04,CUST-00692,Customer 692,Consumer,P1006,Cove Wall Clock,Technology,Binders,Central,Kansas,Kansas City,Mia Rodriguez,2,19.38,0.019,38.02,21.08,9.34,0.2457,7.6,Bank Transfer,Low
ORD-00693,2024-05-10,2024-05-12,CUST-00693,Customer 693,Consumer,P1010,Halo Planter,Home Decor,Video,East,Virginia,New York,Ava Patel,3,53.7,0.019,158.04,72.92,75.72,0.4791,9.4,PayPal,High
ORD-00694,2023-04-09,2023-04-14,CUST-00694,Customer 694,Corporate,P1006,Trail Tote,Home Decor,Video,North,Alberta,Toronto,Olivia Martin,3,18.49,0.018,54.47,21.16,24.91,0.4573,8.4,PayPal,Medium
ORD-00695,2023-06-13,2023-06-17,CUST-00695,Customer 695,Corporate,P1001,Nimbus Monitor Arm,Outdoor,Writing,East,Virginia,Boston,James Carter,3,314.57,0.024,921.06,543.17,368.49,0.4001,9.4,Debit Card,High
ORD-00696,2024-05-03,2024-05-09,CUST-00696,Customer 696,Corporate,P1016,SmartInk Pen Set,Office Supplies,Textiles,Central,Illinois,St. Louis,Mia Rodriguez,2,36.12,0.043,69.13,31.28,30.25,0.4376,7.6,Debit Card,Critical
ORD-00697,2023-09-22,2023-09-23,CUST-00697,Customer 697,Consumer,P1011,Atlas Throw Pillow,Furniture,Writing,Central,Missouri,Kansas City,Noah Kim,4,88.55,0.013,349.6,170,170.4,0.4874,9.2,Cash on Delivery,Medium
ORD-00698,2024-05-27,2024-06-02,CUST-00698,Customer 698,Corporate,P1006,Lumen Desk Lamp,Furniture,Accessories,Central,Kansas,Kansas City,Noah Kim,2,17.41,0.061,32.7,19.27,5.83,0.1783,7.6,PayPal,Critical
ORD-00699,2023-08-23,2023-08-24,CUST-00699,Customer 699,Corporate,P1020,Summit Patio Set,Outdoor,Flooring,West,Washington,Seattle,Mia Rodriguez,3,77.47,0.062,218,107.35,101.25,0.4644,9.4,PayPal,High
ORD-00700,2024-02-03,2024-02-07,CUST-00700,Customer 700,Home Office,P1018,Pulse Keyboard,Outdoor,Bags,Central,Illinois,Minneapolis,Olivia Martin,5,85.13,0.01,421.39,186.78,224.61,0.533,10,Debit Card,Medium
ORD-00701,2024-04-01,2024-04-07,CUST-00701,Customer 701,Consumer,P1006,Nimbus Monitor Arm,Office Supplies,Accessories,West,Oregon,Denver,Liam Chen,3,18.32,0.025,53.59,24.71,19.48,0.3635,9.4,Credit Card,Low
ORD-00702,2023-06-02,2023-06-08,CUST-00702,Customer 702,Home Office,P1017,CloudDrive File Box,Office Supplies,Peripherals,East,New York,Philadelphia,Olivia Martin,2,583.58,0.014,1150.82,766.67,375.55,0.3263,8.6,Credit Card,High
ORD-00703,2024-12-11,2024-12-17,CUST-00703,Customer 703,Home Office,P1012,Northstar Lantern,Home Decor,Writing,East,Virginia,Washington,Noah Kim,2,135.68,0.012,268.1,137.37,122.13,0.4555,8.6,Cash on Delivery,High
ORD-00704,2023-06-14,2023-06-20,CUST-00704,Customer 704,Corporate,P1017,Tide Cooler,Outdoor,Plants,East,Massachusetts,New York,Liam Chen,4,607.11,0.018,2384.73,1585.57,788.96,0.3308,10.2,Bank Transfer,Medium
ORD-00705,2023-09-10,2023-09-12,CUST-00705,Customer 705,Corporate,P1018,SmartInk Pen Set,Home Decor,Chairs,West,Washington,Denver,James Carter,3,92.43,0.018,272.3,128.73,134.17,0.4927,9.4,Cash on Delivery,Medium
ORD-00706,2025-04-07,2025-04-10,CUST-00706,Customer 706,Consumer,P1010,Atlas Throw Pillow,Furniture,Lighting,Central,Minnesota,Chicago,Liam Chen,3,51.32,0.024,150.26,70.03,71.83,0.478,8.4,Bank Transfer,Medium
ORD-00707,2024-03-23,2024-03-29,CUST-00707,Customer 707,Home Office,P1020,Cove Wall Clock,Technology,Chairs,North,British Columbia,Calgary,James Carter,3,74.18,0.043,212.97,105.29,99.28,0.4662,8.4,Credit Card,High
ORD-00708,2025-02-28,2025-03-02,CUST-00708,Customer 708,Consumer,P1012,CloudDrive File Box,Office Supplies,Plants,East,Massachusetts,New York,Olivia Martin,3,135,0.018,397.71,201.93,186.38,0.4686,9.4,Debit Card,Low
ORD-00709,2023-05-01,2023-05-05,CUST-00709,Customer 709,Corporate,P1004,Harbor Rug,Outdoor,Desks,West,Oregon,San Francisco,Liam Chen,5,659.5,0.03299999999999999,3188.68,2016.25,1161.43,0.3642,11,Credit Card,Medium
ORD-00710,2025-03-26,2025-04-01,CUST-00710,Customer 710,Consumer,P1010,Nimbus Monitor Arm,Outdoor,Desks,East,Massachusetts,Philadelphia,James Carter,5,56.39,0.011,278.85,118.71,149.14,0.5348,11,Bank Transfer,Medium
ORD-00711,2025-03-07,2025-03-12,CUST-00711,Customer 711,Consumer,P1005,Lumen Desk Lamp,Technology,Decor,Central,Illinois,Minneapolis,Mia Rodriguez,1,12.48,0.01,12.36,11.1,-5.54,-0.4482,6.8,Credit Card,Low
ORD-00712,2024-10-15,2024-10-21,CUST-00712,Customer 712,Corporate,P1004,Harbor Rug,Office Supplies,Paper,North,Ontario,Montreal,Ethan Brooks,3,632.78,0.04,1822.41,1155.15,658.86,0.3615,8.4,PayPal,High
ORD-00713,2024-01-26,2024-02-02,CUST-00713,Customer 713,Home Office,P1016,Nimbus Monitor Arm,Technology,Chairs,East,New Jersey,Philadelphia,Ava Patel,3,40.58,0.006,121.01,52.64,58.97,0.4873,9.4,PayPal,Medium
ORD-00714,2024-08-11,2024-08-17,CUST-00714,Customer 714,Consumer,P1005,ErgoMesh Chair,Outdoor,Plants,North,Ontario,Calgary,Olivia Martin,5,12.82,0.031,62.11,28.5,23.61,0.3801,10,PayPal,High
ORD-00715,2024-06-06,2024-06-07,CUST-00715,Customer 715,Home Office,P1019,Lumen Desk Lamp,Outdoor,Writing,West,Colorado,Los Angeles,James Carter,1,61.06,0.024,59.59,29.49,22.3,0.3742,7.8,Bank Transfer,High
ORD-00716,2025-07-27,2025-08-01,CUST-00716,Customer 716,Corporate,P1006,Orbit Wireless Mouse,Outdoor,Textiles,East,New Jersey,Philadelphia,Mia Rodriguez,4,19.92,0.039,76.57,26.29,40.08,0.5234,10.2,Bank Transfer,High
ORD-00717,2025-08-22,2025-08-28,CUST-00717,Customer 717,Consumer,P1007,Pulse Keyboard,Furniture,Decor,East,Massachusetts,Washington,Noah Kim,3,26.2,0.031,76.16,32.57,34.19,0.4489,9.4,Credit Card,High
ORD-00718,2025-05-07,2025-05-13,CUST-00718,Customer 718,Consumer,P1010,Nimbus Monitor Arm,Furniture,Plants,East,New Jersey,Washington,Noah Kim,4,57.77,0.014,227.84,101.17,116.47,0.5112,10.2,Credit Card,Medium
ORD-00719,2023-05-07,2023-05-13,CUST-00719,Customer 719,Corporate,P1007,CloudDrive File Box,Technology,Plants,East,New Jersey,New York,Noah Kim,2,25.08,0.078,46.25,23.29,14.36,0.3105,8.6,Credit Card,Critical
ORD-00720,2025-10-01,2025-10-03,CUST-00720,Customer 720,Consumer,P1014,Halo Planter,Technology,Bags,West,Oregon,Los Angeles,Noah Kim,4,46.16,0.082,169.5,71.32,87.98,0.5191,10.2,Cash on Delivery,Critical
ORD-00721,2025-11-10,2025-11-14,CUST-00721,Customer 721,Consumer,P1010,FlexNote Notebook,Technology,Chairs,South,Georgia,Miami,Ethan Brooks,2,57.03,0.027,110.98,55.18,48.2,0.4343,7.6,Credit Card,Medium
ORD-00722,2023-04-21,2023-04-22,CUST-00722,Customer 722,Consumer,P1020,CloudDrive File Box,Furniture,Lighting,East,Massachusetts,Washington,Ava Patel,3,71.24,0.057,201.54,95.04,97.1,0.4818,9.4,Debit Card,High
ORD-00723,2023-02-15,2023-02-21,CUST-00723,Customer 723,Consumer,P1011,Tide Cooler,Office Supplies,Writing,East,New Jersey,Washington,Olivia Martin,4,86.24,0.025,336.34,160.99,165.15,0.491,10.2,Debit Card,Critical
ORD-00724,2025-12-08,2025-12-12,CUST-00724,Customer 724,Corporate,P1014,Tide Cooler,Office Supplies,Coolers,East,Virginia,Washington,James Carter,4,47.94,0.03,186.01,82.73,93.08,0.5004,10.2,Debit Card,Medium
ORD-00725,2024-06-24,2024-06-25,CUST-00725,Customer 725,Consumer,P1012,Echo Web Camera,Technology,Plants,Central,Illinois,St. Louis,Ethan Brooks,3,127.53,0.043,366.14,186.49,171.25,0.4677,8.4,PayPal,High
ORD-00726,2025-08-19,2025-08-20,CUST-00726,Customer 726,Consumer,P1004,Aero Standing Desk,Technology,Flooring,East,Massachusetts,Washington,Liam Chen,3,607.01,0.005,1811.92,1151.25,651.27,0.3594,9.4,Bank Transfer,Medium
ORD-00727,2023-06-03,2023-06-10,CUST-00727,Customer 727,Consumer,P1013,CloudDrive File Box,Outdoor,Lighting,East,Virginia,Philadelphia,James Carter,2,168.63,0.006,335.24,197.63,129.01,0.3848,8.6,Credit Card,Medium
ORD-00728,2025-03-23,2025-03-24,CUST-00728,Customer 728,Consumer,P1003,Lumen Desk Lamp,Home Decor,Coolers,East,Virginia,Washington,Mia Rodriguez,1,155.46,0.069,144.73,78.3,58.63,0.4051,7.8,Credit Card,Critical
ORD-00729,2023-08-15,2023-08-21,CUST-00729,Customer 729,Consumer,P1013,Trail Tote,Furniture,Desks,East,Virginia,Philadelphia,Noah Kim,1,162.3,0.016,159.7,100,51.9,0.325,7.8,Bank Transfer,Low
ORD-00730,2023-07-04,2023-07-06,CUST-00730,Customer 730,Corporate,P1020,Nimbus Monitor Arm,Technology,Coolers,South,Texas,Miami,Liam Chen,3,70.68,0.032,205.25,103.48,93.37,0.4549,8.4,Debit Card,Medium
ORD-00731,2023-04-06,2023-04-12,CUST-00731,Customer 731,Corporate,P1019,CloudDrive File Box,Office Supplies,Desks,East,Massachusetts,Boston,Mia Rodriguez,1,56.14,0.024,54.79,29.17,17.82,0.3252,7.8,Credit Card,Low
ORD-00732,2025-07-25,2025-07-31,CUST-00732,Customer 732,Consumer,P1015,Echo Web Camera,Furniture,Textiles,East,New Jersey,New York,Ava Patel,1,72.65,0.014,71.63,40.68,23.15,0.3232,7.8,PayPal,Medium
ORD-00733,2025-11-10,2025-11-14,CUST-00733,Customer 733,Consumer,P1019,Lumen Desk Lamp,Outdoor,Decor,Central,Minnesota,Kansas City,Sophia Singh,2,63.18,0.037,121.68,57.94,56.14,0.4614,7.6,Credit Card,High
ORD-00734,2024-08-18,2024-08-21,CUST-00734,Customer 734,Consumer,P1020,Summit Patio Set,Technology,Decor,North,Ontario,Vancouver,Ava Patel,3,77.69,0.041,223.51,108.43,106.68,0.4773,8.4,Credit Card,High
ORD-00735,2024-02-16,2024-02-19,CUST-00735,Customer 735,Consumer,P1004,Cove Wall Clock,Technology,Writing,Central,Illinois,Chicago,Sophia Singh,3,592.74,0.017,1747.99,1107.47,632.12,0.3616,8.4,Credit Card,High
ORD-00736,2025-08-18,2025-08-25,CUST-00736,Customer 736,Corporate,P1006,Cove Wall Clock,Home Decor,Flooring,North,British Columbia,Calgary,Noah Kim,3,18.36,0.029,53.48,24.95,20.13,0.3764,8.4,Credit Card,Low
ORD-00737,2024-10-06,2024-10-09,CUST-00737,Customer 737,Consumer,P1015,ProClip Binder,Home Decor,Decor,South,Georgia,Houston,Liam Chen,3,67.84,0.009,201.69,92.73,100.56,0.4986,8.4,Bank Transfer,Low
ORD-00738,2025-11-19,2025-11-23,CUST-00738,Customer 738,Consumer,P1004,CloudDrive File Box,Office Supplies,Peripherals,North,Alberta,Vancouver,Ethan Brooks,3,623.68,0.028,1818.65,1154.54,655.71,0.3605,8.4,Credit Card,Medium
ORD-00739,2024-09-17,2024-09-22,CUST-00739,Customer 739,Corporate,P1006,Orbit Wireless Mouse,Home Decor,Flooring,West,Washington,Seattle,Liam Chen,4,18.63,0.035,71.91,29.08,32.63,0.4538,10.2,Bank Transfer,Medium
ORD-00740,2024-03-18,2024-03-25,CUST-00740,Customer 740,Consumer,P1002,Tide Cooler,Office Supplies,Binders,Central,Minnesota,Chicago,Mia Rodriguez,2,79.45,0.016,156.36,74.39,74.37,0.4756,7.6,PayPal,Medium
ORD-00741,2024-10-13,2024-10-17,CUST-00741,Customer 741,Corporate,P1004,ErgoMesh Chair,Outdoor,Peripherals,North,Ontario,Calgary,Sophia Singh,3,634.51,0.04,1827.39,1161.05,657.94,0.36,8.4,Credit Card,Critical
ORD-00742,2024-09-07,2024-09-08,CUST-00742,Customer 742,Corporate,P1018,SmartInk Pen Set,Technology,Binders,Central,Missouri,Kansas City,Olivia Martin,3,89.55,0.027,261.4,118.41,134.59,0.5149,8.4,Credit Card,Medium
ORD-00743,2025-01-20,2025-01-26,CUST-00743,Customer 743,Consumer,P1015,SmartInk Pen Set,Furniture,Peripherals,North,British Columbia,Toronto,Sophia Singh,3,68.99,0.011,204.69,94.44,101.85,0.4976,8.4,Credit Card,High
ORD-00744,2024-06-12,2024-06-17,CUST-00744,Customer 744,Corporate,P1012,Harbor Rug,Office Supplies,Lighting,West,California,Los Angeles,Mia Rodriguez,3,135.43,0.045,388.01,196.49,182.12,0.4694,9.4,Debit Card,High
ORD-00745,2023-05-02,2023-05-03,CUST-00745,Customer 745,Corporate,P1008,Atlas Throw Pillow,Home Decor,Furniture,West,Colorado,Denver,Liam Chen,4,37.71,0.044,144.2,62.78,71.22,0.4939,10.2,Cash on Delivery,Medium
ORD-00746,2025-09-27,2025-10-04,CUST-00746,Customer 746,Consumer,P1012,Echo Web Camera,Outdoor,Accessories,West,Oregon,Seattle,Ethan Brooks,4,135.77,0.033,525.16,262.96,252,0.4799,10.2,Credit Card,High
ORD-00747,2024-04-12,2024-04-18,CUST-00747,Customer 747,Corporate,P1009,Northstar Lantern,Technology,Chairs,West,Washington,Los Angeles,Liam Chen,2,94.24,0.07300000000000001,174.72,91.05,75.07,0.4297,8.6,Credit Card,Critical
ORD-00748,2024-08-12,2024-08-18,CUST-00748,Customer 748,Home Office,P1007,ProClip Binder,Home Decor,Textiles,Central,Illinois,St. Louis,Mia Rodriguez,3,24.52,0.025,71.72,29.83,33.49,0.467,8.4,Bank Transfer,Medium
ORD-00749,2025-12-24,2025-12-31,CUST-00749,Customer 749,Home Office,P1008,SmartInk Pen Set,Technology,Video,Central,Kansas,Kansas City,James Carter,2,37.56,0.022,73.47,38.82,27.05,0.3682,7.6,Bank Transfer,High
ORD-00750,2024-11-04,2024-11-05,CUST-00750,Customer 750,Corporate,P1020,Summit Patio Set,Home Decor,Decor,South,Texas,Dallas,Ethan Brooks,4,79.97,0.011,316.36,150.78,156.38,0.4943,9.2,Bank Transfer,Medium
ORD-00751,2023-12-04,2023-12-08,CUST-00751,Customer 751,Home Office,P1010,Northstar Lantern,Furniture,Coolers,East,New York,Washington,Ethan Brooks,4,58.2,0.005,231.64,101.23,120.21,0.519,10.2,Debit Card,Low
ORD-00752,2025-12-18,2025-12-21,CUST-00752,Customer 752,Consumer,P1011,FlexNote Notebook,Furniture,Accessories,East,New Jersey,New York,Sophia Singh,4,93.72,0.003,373.76,183.54,180.02,0.4816,10.2,PayPal,Low
ORD-00753,2024-01-16,2024-01-21,CUST-00753,Customer 753,Corporate,P1002,Nimbus Monitor Arm,Outdoor,Storage,South,Georgia,Houston,Olivia Martin,3,75.77,0.03,220.49,107.33,104.76,0.4751,8.4,Debit Card,Medium
ORD-00754,2024-09-14,2024-09-21,CUST-00754,Customer 754,Consumer,P1004,Tide Cooler,Office Supplies,Coolers,South,Texas,Miami,Olivia Martin,1,571.46,0.011,565.17,364.14,194.23,0.3437,6.8,Bank Transfer,Low
ORD-00755,2023-06-17,2023-06-24,CUST-00755,Customer 755,Consumer,P1009,Summit Patio Set,Home Decor,Textiles,West,Oregon,Los Angeles,Ethan Brooks,4,92.63,0.063,347.18,172.9,164.08,0.4726,10.2,Debit Card,High
ORD-00756,2025-11-17,2025-11-23,CUST-00756,Customer 756,Corporate,P1008,Pulse Keyboard,Home Decor,Plants,East,New York,New York,Noah Kim,4,40,0.027,155.68,65.98,79.5,0.5107,10.2,Bank Transfer,Medium
ORD-00757,2024-04-03,2024-04-05,CUST-00757,Customer 757,Corporate,P1005,Nova Laptop Stand,Office Supplies,Lighting,Central,Kansas,Minneapolis,Mia Rodriguez,3,12.14,0.036,35.11,22.83,3.88,0.1105,8.4,PayPal,Medium
ORD-00758,2024-12-06,2024-12-12,CUST-00758,Customer 758,Consumer,P1014,Summit Patio Set,Furniture,Textiles,Central,Kansas,Kansas City,James Carter,4,47,0.004,187.25,83.86,94.19,0.503,9.2,Debit Card,Low
ORD-00759,2025-09-23,2025-09-26,CUST-00759,Customer 759,Corporate,P1002,Northstar Lantern,Home Decor,Peripherals,West,Oregon,San Francisco,James Carter,3,82.24,0.035,238.08,114.34,114.34,0.4803,9.4,PayPal,Low
ORD-00760,2025-11-13,2025-11-19,CUST-00760,Customer 760,Consumer,P1017,Harbor Rug,Office Supplies,Peripherals,West,Colorado,Seattle,Liam Chen,6,605.57,0.027,3535.32,2341.69,1181.83,0.3343,11.8,Credit Card,Medium
ORD-00761,2023-02-09,2023-02-11,CUST-00761,Customer 761,Consumer,P1008,ProClip Binder,Technology,Lighting,Central,Kansas,St. Louis,Noah Kim,4,34.07,0.004,135.73,57.41,69.12,0.5092,9.2,Debit Card,Medium
ORD-00762,2024-03-21,2024-03-28,CUST-00762,Customer 762,Consumer,P1002,Aero Standing Desk,Office Supplies,Lighting,West,Washington,Denver,Olivia Martin,2,86.8,0.028,168.74,83.67,76.47,0.4532,8.6,Bank Transfer,High
ORD-00763,2023-10-09,2023-10-13,CUST-00763,Customer 763,Consumer,P1015,Tide Cooler,Home Decor,Peripherals,North,Ontario,Toronto,Noah Kim,3,72.41,0.008,215.49,97.27,109.82,0.5096,8.4,Debit Card,Medium
ORD-00764,2025-01-08,2025-01-14,CUST-00764,Customer 764,Consumer,P1002,Echo Web Camera,Outdoor,Furniture,East,Virginia,Washington,Sophia Singh,2,84.39,0.027,164.22,83.24,72.38,0.4408,8.6,PayPal,High
ORD-00765,2023-11-17,2023-11-22,CUST-00765,Customer 765,Corporate,P1011,Aero Standing Desk,Office Supplies,Chairs,Central,Kansas,St. Louis,Olivia Martin,2,94.08,0.066,175.74,86.59,81.55,0.464,7.6,PayPal,High
ORD-00766,2024-01-16,2024-01-20,CUST-00766,Customer 766,Consumer,P1014,FlexNote Notebook,Outdoor,Writing,West,Washington,Seattle,Ethan Brooks,3,46.08,0.031,133.95,60.56,63.99,0.4777,9.4,Bank Transfer,Medium
ORD-00767,2025-09-16,2025-09-18,CUST-00767,Customer 767,Consumer,P1010,Echo Web Camera,Office Supplies,Textiles,South,Florida,Houston,Olivia Martin,2,53.16,0.07,98.88,49.99,41.29,0.4176,7.6,Debit Card,Critical
ORD-00768,2025-06-27,2025-06-28,CUST-00768,Customer 768,Corporate,P1007,Tide Cooler,Technology,Peripherals,West,Colorado,Los Angeles,Mia Rodriguez,5,25.54,0.07300000000000001,118.38,43.08,64.3,0.5432,11,Cash on Delivery,Critical
ORD-00769,2024-09-28,2024-10-04,CUST-00769,Customer 769,Corporate,P1014,Summit Patio Set,Outdoor,Coolers,North,Alberta,Montreal,Noah Kim,1,41.91,0.016,41.24,27.23,7.21,0.1748,6.8,Cash on Delivery,Medium
ORD-00770,2025-10-19,2025-10-26,CUST-00770,Customer 770,Consumer,P1013,Orbit Wireless Mouse,Furniture,Chairs,East,Massachusetts,New York,Ava Patel,1,172.34,0.033,166.65,98.67,60.18,0.3611,7.8,Credit Card,Critical
ORD-00771,2023-05-24,2023-05-31,CUST-00771,Customer 771,Consumer,P1002,ProClip Binder,Outdoor,Lighting,South,Florida,Houston,James Carter,5,81.14,0.043,388.25,178.74,199.51,0.5139,10,Bank Transfer,Critical
ORD-00772,2025-02-16,2025-02-20,CUST-00772,Customer 772,Consumer,P1010,Summit Patio Set,Office Supplies,Lighting,North,Quebec,Toronto,James Carter,2,55.59,0.009,110.18,49.81,52.77,0.4789,7.6,PayPal,Low
ORD-00773,2023-02-25,2023-03-03,CUST-00773,Customer 773,Corporate,P1001,CloudDrive File Box,Technology,Binders,West,Colorado,San Francisco,Noah Kim,1,305.03,0.024,297.71,183.4,106.51,0.3578,7.8,Debit Card,Low
ORD-00774,2024-08-14,2024-08-19,CUST-00774,Customer 774,Home Office,P1001,Lumen Desk Lamp,Technology,Storage,Central,Minnesota,Chicago,Noah Kim,3,291.92,0.008,868.75,513.38,346.97,0.3994,8.4,Credit Card,Low
ORD-00775,2025-07-20,2025-07-26,CUST-00775,Customer 775,Corporate,P1003,Echo Web Camera,Technology,Bags,North,British Columbia,Calgary,Noah Kim,2,158.27,0.016,311.48,162.99,140.89,0.4523,7.6,Credit Card,Medium
ORD-00776,2023-10-14,2023-10-18,CUST-00776,Customer 776,Consumer,P1011,Nimbus Monitor Arm,Office Supplies,Decor,East,Virginia,Washington,Mia Rodriguez,1,95.15,0.041,91.25,47.53,35.92,0.3936,7.8,PayPal,High
ORD-00777,2023-07-14,2023-07-17,CUST-00777,Customer 777,Corporate,P1019,Trail Tote,Furniture,Bags,West,Washington,Seattle,Sophia Singh,3,59.46,0.031,172.85,74.18,89.27,0.5165,9.4,Credit Card,Medium
ORD-00778,2025-06-14,2025-06-18,CUST-00778,Customer 778,Consumer,P1009,SmartInk Pen Set,Furniture,Storage,South,Florida,Atlanta,Sophia Singh,1,94.3,0.003,94.02,53.78,33.44,0.3557,6.8,PayPal,Medium
ORD-00779,2025-06-12,2025-06-14,CUST-00779,Customer 779,Consumer,P1013,ErgoMesh Chair,Outdoor,Furniture,Central,Minnesota,Kansas City,Ava Patel,4,166.8,0.016,656.52,375.93,271.39,0.4134,9.2,Credit Card,Low
ORD-00780,2024-01-06,2024-01-10,CUST-00780,Customer 780,Consumer,P1004,Summit Patio Set,Furniture,Paper,East,New York,New York,Ethan Brooks,2,581.67,0,1163.34,743.47,411.27,0.3535,8.6,Credit Card,Medium
ORD-00781,2025-05-20,2025-05-27,CUST-00781,Customer 781,Corporate,P1020,CloudDrive File Box,Technology,Accessories,South,Georgia,Miami,Ava Patel,2,70.24,0.02,137.67,70.2,59.87,0.4349,7.6,Bank Transfer,Low
ORD-00782,2024-12-13,2024-12-18,CUST-00782,Customer 782,Corporate,P1006,Orbit Wireless Mouse,Office Supplies,Coolers,East,New Jersey,Philadelphia,Olivia Martin,4,20.48,0.03,79.46,31.13,38.13,0.4799,10.2,Credit Card,Low
ORD-00783,2023-11-16,2023-11-20,CUST-00783,Customer 783,Corporate,P1002,Summit Patio Set,Furniture,Peripherals,Central,Minnesota,Minneapolis,Noah Kim,4,88.96,0.053,336.98,157.38,170.4,0.5057,9.2,Credit Card,High
ORD-00784,2024-05-09,2024-05-13,CUST-00784,Customer 784,Corporate,P1009,Atlas Throw Pillow,Home Decor,Desks,West,Washington,Seattle,James Carter,1,93.35,0.055,88.22,52.01,28.41,0.322,7.8,PayPal,High
ORD-00785,2023-08-02,2023-08-07,CUST-00785,Customer 785,Consumer,P1018,Orbit Wireless Mouse,Home Decor,Peripherals,West,Oregon,Denver,Olivia Martin,2,100.81,0.03,195.57,92.47,94.5,0.4832,8.6,Bank Transfer,Critical
ORD-00786,2025-11-22,2025-11-26,CUST-00786,Customer 786,Consumer,P1004,Halo Planter,Furniture,Coolers,Central,Minnesota,Chicago,Noah Kim,3,666.58,0.039,1921.75,1216.89,696.46,0.3624,8.4,Credit Card,High
ORD-00787,2024-06-27,2024-07-04,CUST-00787,Customer 787,Corporate,P1001,Atlas Throw Pillow,Office Supplies,Flooring,Central,Minnesota,Kansas City,Noah Kim,3,313.52,0.059,885.07,521.6,355.07,0.4012,8.4,Debit Card,High
ORD-00788,2024-01-03,2024-01-08,CUST-00788,Customer 788,Corporate,P1001,Tide Cooler,Technology,Furniture,West,Washington,Denver,Ava Patel,1,289.21,0.03299999999999999,279.67,172.22,99.65,0.3563,7.8,PayPal,Low
ORD-00789,2024-02-10,2024-02-17,CUST-00789,Customer 789,Corporate,P1020,Aero Standing Desk,Technology,Decor,South,Texas,Atlanta,Sophia Singh,2,70.82,0.055,133.85,69.37,56.88,0.425,7.6,Bank Transfer,High
ORD-00790,2025-07-20,2025-07-27,CUST-00790,Customer 790,Consumer,P1017,SmartInk Pen Set,Office Supplies,Lighting,South,Texas,Miami,Ava Patel,4,570.99,0.035,2204.02,1459.33,735.49,0.3337,9.2,Cash on Delivery,High
ORD-00791,2023-12-02,2023-12-09,CUST-00791,Customer 791,Corporate,P1019,Echo Web Camera,Home Decor,Coolers,Central,Minnesota,Kansas City,Ethan Brooks,4,59.59,0.076,220.24,96.99,114.05,0.5178,9.2,Credit Card,Critical
ORD-00792,2024-10-27,2024-10-29,CUST-00792,Customer 792,Consumer,P1003,Echo Web Camera,Office Supplies,Storage,Central,Minnesota,Chicago,Sophia Singh,2,168.38,0.032,325.98,177.07,141.31,0.4335,7.6,Bank Transfer,High
ORD-00793,2024-02-24,2024-02-29,CUST-00793,Customer 793,Corporate,P1017,ErgoMesh Chair,Office Supplies,Coolers,West,Oregon,Denver,Ava Patel,2,559.82,0.054,1059.18,704.75,345.83,0.3265,8.6,Cash on Delivery,High
ORD-00794,2024-04-10,2024-04-12,CUST-00794,Customer 794,Consumer,P1003,Echo Web Camera,Furniture,Textiles,South,Texas,Miami,Sophia Singh,3,141.68,0.01,420.79,226.46,185.93,0.4419,8.4,Bank Transfer,Medium
ORD-00795,2023-10-08,2023-10-10,CUST-00795,Customer 795,Home Office,P1004,SmartInk Pen Set,Furniture,Peripherals,East,New Jersey,Boston,Ava Patel,1,632.5,0.001,631.87,403.99,220.08,0.3483,7.8,Cash on Delivery,Low
ORD-00796,2025-11-17,2025-11-22,CUST-00796,Customer 796,Consumer,P1013,Halo Planter,Office Supplies,Furniture,North,British Columbia,Calgary,Sophia Singh,2,165.53,0.013,326.76,193.42,125.74,0.3848,7.6,Credit Card,Medium
ORD-00797,2025-09-26,2025-09-30,CUST-00797,Customer 797,Corporate,P1015,Lumen Desk Lamp,Furniture,Coolers,Central,Missouri,St. Louis,Olivia Martin,2,64.36,0.034,124.34,58.84,57.9,0.4657,7.6,Cash on Delivery,Medium
ORD-00798,2024-09-22,2024-09-28,CUST-00798,Customer 798,Corporate,P1012,ErgoMesh Chair,Technology,Lighting,West,California,Denver,Mia Rodriguez,2,139.26,0.045,265.99,134.49,122.9,0.462,8.6,Bank Transfer,High
ORD-00799,2025-01-01,2025-01-04,CUST-00799,Customer 799,Consumer,P1003,Aero Standing Desk,Office Supplies,Coolers,West,Washington,San Francisco,Mia Rodriguez,2,162.5,0.009000000000000001,322.07,173.67,139.8,0.4341,8.6,Credit Card,Medium
ORD-00800,2025-11-06,2025-11-12,CUST-00800,Customer 800,Consumer,P1008,CloudDrive File Box,Outdoor,Decor,East,New Jersey,Boston,James Carter,3,38.68,0.025,113.14,53.28,50.46,0.446,9.4,PayPal,Medium
ORD-00801,2025-11-07,2025-11-14,CUST-00801,Customer 801,Corporate,P1001,Summit Patio Set,Technology,Furniture,West,Colorado,San Francisco,James Carter,3,316.85,0.038,914.43,540.34,364.69,0.3988,9.4,Bank Transfer,High
ORD-00802,2023-04-15,2023-04-20,CUST-00802,Customer 802,Consumer,P1018,Tide Cooler,Home Decor,Storage,South,North Carolina,Dallas,Liam Chen,4,89.02,0.009,352.88,156.6,187.08,0.5302,9.2,PayPal,Low
ORD-00803,2024-10-18,2024-10-22,CUST-00803,Customer 803,Consumer,P1013,FlexNote Notebook,Furniture,Plants,North,Ontario,Toronto,James Carter,4,169.63,0.051,643.92,365.91,268.81,0.4175,9.2,Bank Transfer,Critical
ORD-00804,2024-04-09,2024-04-11,CUST-00804,Customer 804,Home Office,P1007,ProClip Binder,Outdoor,Furniture,South,Texas,Atlanta,Ethan Brooks,3,24.61,0.022,72.21,34.26,29.55,0.4092,8.4,Bank Transfer,Medium
ORD-00805,2024-01-08,2024-01-09,CUST-00805,Customer 805,Corporate,P1013,Echo Web Camera,Furniture,Peripherals,South,Georgia,Houston,Olivia Martin,2,159.58,0.026,310.86,185.67,117.59,0.3783,7.6,Credit Card,Medium
ORD-00806,2025-04-25,2025-04-28,CUST-00806,Customer 806,Consumer,P1017,Atlas Throw Pillow,Home Decor,Binders,Central,Minnesota,Chicago,Sophia Singh,4,563.5,0,2254,1498.11,746.69,0.3313,9.2,Credit Card,Medium
ORD-00807,2025-03-10,2025-03-16,CUST-00807,Customer 807,Corporate,P1013,Nova Laptop Stand,Outdoor,Lighting,South,Texas,Dallas,Sophia Singh,1,149.34,0.032,144.56,89.13,48.63,0.3364,6.8,Debit Card,Medium
ORD-00808,2025-05-04,2025-05-08,CUST-00808,Customer 808,Corporate,P1013,Halo Planter,Office Supplies,Textiles,East,New Jersey,Washington,Ethan Brooks,3,166.3,0.023,487.43,282.16,195.87,0.4018,9.4,Debit Card,Medium
ORD-00809,2024-06-20,2024-06-27,CUST-00809,Customer 809,Home Office,P1011,CloudDrive File Box,Furniture,Video,Central,Illinois,Minneapolis,Ethan Brooks,1,85.99,0.025,83.84,47.04,30,0.3578,6.8,PayPal,Medium
ORD-00810,2023-07-28,2023-07-31,CUST-00810,Customer 810,Corporate,P1014,Echo Web Camera,Outdoor,Plants,West,Washington,Denver,Sophia Singh,3,47.93,0.07200000000000001,133.44,56.53,67.51,0.5059,9.4,Credit Card,High
ORD-00811,2025-07-08,2025-07-15,CUST-00811,Customer 811,Home Office,P1010,Cove Wall Clock,Technology,Peripherals,North,Quebec,Calgary,Liam Chen,5,57.31,0.014,282.54,127.43,145.11,0.5136,10,Debit Card,Low
ORD-00812,2025-05-01,2025-05-02,CUST-00812,Customer 812,Consumer,P1008,Summit Patio Set,Outdoor,Writing,West,California,Denver,Ava Patel,2,35.81,0.014,70.62,36.71,25.31,0.3584,8.6,Credit Card,Medium
ORD-00813,2023-01-08,2023-01-09,CUST-00813,Customer 813,Corporate,P1006,Cove Wall Clock,Outdoor,Peripherals,South,Georgia,Dallas,Olivia Martin,1,17.02,0.067,15.88,15.05,-5.97,-0.3759,6.8,Credit Card,High
ORD-00814,2025-09-23,2025-09-24,CUST-00814,Customer 814,Consumer,P1019,Trail Tote,Technology,Lighting,West,Oregon,Los Angeles,Ethan Brooks,2,59.27,0.051,112.49,56.06,47.83,0.4252,8.6,Bank Transfer,High
ORD-00815,2025-06-12,2025-06-18,CUST-00815,Customer 815,Consumer,P1019,FlexNote Notebook,Outdoor,Paper,East,Massachusetts,Boston,Mia Rodriguez,3,60.63,0.012,179.71,83.54,86.77,0.4828,9.4,Credit Card,Low
ORD-00816,2024-05-23,2024-05-30,CUST-00816,Customer 816,Corporate,P1012,Harbor Rug,Technology,Furniture,North,Ontario,Toronto,Liam Chen,4,126.75,0.036,488.75,244.76,234.79,0.4804,9.2,Bank Transfer,Critical
ORD-00817,2024-11-25,2024-11-30,CUST-00817,Customer 817,Consumer,P1007,ProClip Binder,Outdoor,Lighting,South,Florida,Houston,Olivia Martin,1,25.84,0.015,25.45,14.31,4.34,0.1705,6.8,PayPal,Low
ORD-00818,2024-10-15,2024-10-18,CUST-00818,Customer 818,Corporate,P1018,Cove Wall Clock,Office Supplies,Desks,West,California,Denver,Mia Rodriguez,1,102.75,0.018,100.9,54.27,38.83,0.3848,7.8,Debit Card,Low
ORD-00819,2023-11-13,2023-11-18,CUST-00819,Customer 819,Home Office,P1020,ProClip Binder,Technology,Chairs,East,New Jersey,Philadelphia,Noah Kim,3,79,0.021,232.02,109.57,113.05,0.4872,9.4,Debit Card,High
ORD-00820,2024-07-16,2024-07-23,CUST-00820,Customer 820,Consumer,P1018,Nimbus Monitor Arm,Technology,Decor,North,Alberta,Toronto,James Carter,1,95.15,0.026,92.68,51.07,34.81,0.3756,6.8,PayPal,High
ORD-00821,2025-03-26,2025-03-27,CUST-00821,Customer 821,Consumer,P1003,Atlas Throw Pillow,Home Decor,Furniture,Central,Minnesota,Kansas City,Liam Chen,5,149.35,0.052,707.92,372.06,325.86,0.4603,10,Bank Transfer,High
ORD-00822,2023-10-23,2023-10-27,CUST-00822,Customer 822,Corporate,P1009,Echo Web Camera,Office Supplies,Decor,West,Oregon,Los Angeles,Liam Chen,3,101.78,0.036,294.35,146.9,138.05,0.469,9.4,Bank Transfer,Medium
ORD-00823,2024-04-18,2024-04-19,CUST-00823,Customer 823,Home Office,P1006,Cove Wall Clock,Home Decor,Binders,East,New York,Boston,Olivia Martin,2,18.54,0.01,36.71,20.68,7.43,0.2024,8.6,Credit Card,Medium
ORD-00824,2024-06-01,2024-06-06,CUST-00824,Customer 824,Corporate,P1001,Lumen Desk Lamp,Outdoor,Paper,East,Virginia,Washington,Mia Rodriguez,6,311.1,0.056,1762.07,1030.46,719.81,0.4085,11.8,Bank Transfer,High
ORD-00825,2024-02-17,2024-02-18,CUST-00825,Customer 825,Corporate,P1010,Tide Cooler,Technology,Accessories,East,New Jersey,Boston,Sophia Singh,3,55.51,0.061,156.37,68.75,78.22,0.5002,9.4,Bank Transfer,High
ORD-00826,2025-11-16,2025-11-23,CUST-00826,Customer 826,Consumer,P1008,SmartInk Pen Set,Technology,Plants,South,Florida,Houston,Noah Kim,3,35.59,0.059,100.47,44.41,47.66,0.4744,8.4,Bank Transfer,Critical
ORD-00827,2024-03-23,2024-03-24,CUST-00827,Customer 827,Consumer,P1017,FlexNote Notebook,Furniture,Writing,Central,Kansas,Minneapolis,Mia Rodriguez,2,543.28,0.012,1073.52,719.35,346.57,0.3228,7.6,Credit Card,Medium
ORD-00828,2024-12-05,2024-12-10,CUST-00828,Customer 828,Corporate,P1003,Echo Web Camera,Office Supplies,Peripherals,West,Oregon,Seattle,Liam Chen,2,161,0.03,312.34,167.82,135.92,0.4352,8.6,Credit Card,Medium
ORD-00829,2025-11-20,2025-11-25,CUST-00829,Customer 829,Consumer,P1003,Summit Patio Set,Office Supplies,Peripherals,West,California,Seattle,Sophia Singh,2,170.56,0.044,326.11,176.23,141.28,0.4332,8.6,PayPal,High
ORD-00830,2024-07-21,2024-07-28,CUST-00830,Customer 830,Home Office,P1003,Echo Web Camera,Office Supplies,Decor,West,Washington,Los Angeles,Noah Kim,4,162.2,0.035,626.09,330.15,285.74,0.4564,10.2,Cash on Delivery,Critical
ORD-00831,2023-10-10,2023-10-14,CUST-00831,Customer 831,Consumer,P1007,Pulse Keyboard,Home Decor,Accessories,East,Virginia,New York,Sophia Singh,4,27.71,0.028,107.74,45.01,52.53,0.4876,10.2,Credit Card,High
ORD-00832,2024-09-26,2024-10-01,CUST-00832,Customer 832,Corporate,P1011,ErgoMesh Chair,Outdoor,Decor,East,New York,Boston,Mia Rodriguez,2,91.98,0.038,176.97,90.76,77.61,0.4385,8.6,Bank Transfer,Medium
ORD-00833,2023-11-06,2023-11-13,CUST-00833,Customer 833,Corporate,P1018,Nova Laptop Stand,Furniture,Furniture,South,Texas,Miami,Sophia Singh,4,90.37,0.053,342.32,154.4,178.72,0.5221,9.2,Credit Card,Critical
ORD-00834,2023-06-12,2023-06-16,CUST-00834,Customer 834,Corporate,P1005,CloudDrive File Box,Technology,Desks,West,Colorado,Seattle,Liam Chen,2,13.73,0.03,26.64,15.07,2.97,0.1115,8.6,Cash on Delivery,Low
ORD-00835,2024-11-10,2024-11-12,CUST-00835,Customer 835,Corporate,P1002,Cove Wall Clock,Furniture,Binders,South,Texas,Houston,Liam Chen,2,86.33,0.01,170.93,85.93,77.4,0.4528,7.6,Bank Transfer,Medium
ORD-00836,2024-07-22,2024-07-29,CUST-00836,Customer 836,Home Office,P1014,Aero Standing Desk,Furniture,Bags,East,New Jersey,Washington,Olivia Martin,2,42.4,0.05,80.56,41.73,30.23,0.3752,8.6,Credit Card,High
ORD-00837,2025-12-17,2025-12-19,CUST-00837,Customer 837,Home Office,P1001,Pulse Keyboard,Office Supplies,Paper,Central,Kansas,Minneapolis,Ava Patel,3,298.75,0.028,871.15,516.51,346.24,0.3975,8.4,Credit Card,Medium
ORD-00838,2024-07-02,2024-07-07,CUST-00838,Customer 838,Home Office,P1004,Summit Patio Set,Home Decor,Peripherals,Central,Missouri,Chicago,Olivia Martin,4,645.02,0.009,2556.86,1616.06,931.6,0.3644,9.2,Debit Card,Medium
ORD-00839,2024-07-19,2024-07-20,CUST-00839,Customer 839,Home Office,P1014,CloudDrive File Box,Outdoor,Writing,South,Georgia,Miami,Noah Kim,3,43.14,0.038,124.5,56.69,59.41,0.4772,8.4,Debit Card,Critical
ORD-00840,2024-11-20,2024-11-23,CUST-00840,Customer 840,Corporate,P1015,ErgoMesh Chair,Home Decor,Plants,South,Florida,Atlanta,Mia Rodriguez,3,69.72,0.033,202.26,89.27,104.59,0.5171,8.4,Debit Card,Medium
ORD-00841,2023-11-06,2023-11-07,CUST-00841,Customer 841,Corporate,P1020,Tide Cooler,Technology,Coolers,West,Washington,San Francisco,Olivia Martin,1,80.11,0.078,73.86,43.61,22.45,0.304,7.8,Bank Transfer,Critical
ORD-00842,2025-08-28,2025-09-02,CUST-00842,Customer 842,Consumer,P1020,FlexNote Notebook,Office Supplies,Chairs,South,Georgia,Miami,James Carter,3,72.15,0.008,214.72,103.8,102.52,0.4775,8.4,Cash on Delivery,Medium
ORD-00843,2023-03-28,2023-04-01,CUST-00843,Customer 843,Consumer,P1017,CloudDrive File Box,Office Supplies,Desks,Central,Missouri,Kansas City,Sophia Singh,3,554.19,0.02,1629.32,1082.38,538.54,0.3305,8.4,Debit Card,Medium
ORD-00844,2025-07-27,2025-08-03,CUST-00844,Customer 844,Consumer,P1003,CloudDrive File Box,Furniture,Peripherals,Central,Illinois,Minneapolis,Ethan Brooks,1,154.02,0.011,152.33,82.17,63.36,0.4159,6.8,Credit Card,Medium
ORD-00845,2023-12-13,2023-12-14,CUST-00845,Customer 845,Consumer,P1004,Nova Laptop Stand,Office Supplies,Peripherals,West,Oregon,Los Angeles,Liam Chen,5,673.49,0.022,3293.37,2083.18,1199.19,0.3641,11,Debit Card,Medium
ORD-00846,2024-10-09,2024-10-11,CUST-00846,Customer 846,Consumer,P1018,Tide Cooler,Outdoor,Flooring,East,Massachusetts,Philadelphia,Ava Patel,1,94.33,0.046,89.99,45.43,36.76,0.4085,7.8,Bank Transfer,High
ORD-00847,2023-11-12,2023-11-18,CUST-00847,Customer 847,Consumer,P1001,SmartInk Pen Set,Office Supplies,Lighting,West,California,San Francisco,Mia Rodriguez,3,326.19,0.055,924.75,541.95,373.4,0.4038,9.4,PayPal,Critical
ORD-00848,2025-01-18,2025-01-23,CUST-00848,Customer 848,Home Office,P1005,Orbit Wireless Mouse,Outdoor,Peripherals,East,New York,Washington,Liam Chen,3,13.07,0.005,39.01,20.13,9.48,0.243,9.4,Credit Card,Medium
ORD-00849,2024-07-08,2024-07-09,CUST-00849,Customer 849,Home Office,P1018,Atlas Throw Pillow,Outdoor,Coolers,West,Washington,Denver,Mia Rodriguez,4,93.36,0.014,368.21,170.13,187.88,0.5103,10.2,Credit Card,Low
ORD-00850,2024-09-25,2024-10-01,CUST-00850,Customer 850,Consumer,P1013,Nimbus Monitor Arm,Office Supplies,Accessories,West,California,Seattle,James Carter,3,174.15,0.007,518.79,302.06,207.33,0.3996,9.4,PayPal,Low
ORD-00851,2023-11-18,2023-11-19,CUST-00851,Customer 851,Consumer,P1014,Orbit Wireless Mouse,Office Supplies,Accessories,Central,Missouri,Kansas City,Liam Chen,3,44.37,0.017,130.85,59.84,62.61,0.4785,8.4,PayPal,Low
ORD-00852,2025-01-25,2025-01-29,CUST-00852,Customer 852,Home Office,P1020,CloudDrive File Box,Office Supplies,Bags,South,Florida,Miami,Olivia Martin,3,70.81,0.042,203.51,95.72,99.39,0.4884,8.4,PayPal,High
ORD-00853,2023-11-23,2023-11-27,CUST-00853,Customer 853,Home Office,P1003,Tide Cooler,Office Supplies,Video,East,Massachusetts,New York,Mia Rodriguez,4,161.89,0.014,638.49,330.5,297.79,0.4664,10.2,Credit Card,Medium
ORD-00854,2025-08-25,2025-08-29,CUST-00854,Customer 854,Home Office,P1006,Aero Standing Desk,Technology,Decor,East,New York,Philadelphia,Olivia Martin,4,20.02,0.047,76.32,33.56,32.56,0.4266,10.2,Credit Card,High
ORD-00855,2023-04-22,2023-04-28,CUST-00855,Customer 855,Home Office,P1011,Echo Web Camera,Outdoor,Lighting,South,Texas,Miami,Liam Chen,2,84.26,0.059,158.58,82.86,68.12,0.4296,7.6,Credit Card,Critical
ORD-00856,2023-05-02,2023-05-05,CUST-00856,Customer 856,Home Office,P1009,FlexNote Notebook,Technology,Peripherals,South,Florida,Atlanta,Olivia Martin,5,85.89,0.017,422.15,207.84,204.31,0.484,10,Bank Transfer,High
ORD-00857,2023-05-08,2023-05-14,CUST-00857,Customer 857,Consumer,P1020,Aero Standing Desk,Home Decor,Coolers,Central,Illinois,St. Louis,Ethan Brooks,4,69.4,0.042,265.94,123.77,132.97,0.5,9.2,Debit Card,High
ORD-00858,2024-08-10,2024-08-15,CUST-00858,Customer 858,Consumer,P1019,Northstar Lantern,Technology,Binders,North,Quebec,Toronto,Ethan Brooks,1,59.65,0.018,58.58,32.61,19.17,0.3272,6.8,Debit Card,Medium
ORD-00859,2024-01-09,2024-01-14,CUST-00859,Customer 859,Corporate,P1007,Northstar Lantern,Home Decor,Lighting,Central,Missouri,St. Louis,Ethan Brooks,2,23.36,0.026,45.51,25.66,12.25,0.2692,7.6,Credit Card,Medium
ORD-00860,2023-03-28,2023-03-30,CUST-00860,Customer 860,Consumer,P1010,FlexNote Notebook,Office Supplies,Furniture,South,Georgia,Houston,Ethan Brooks,4,54.07,0.059,203.52,91.84,102.48,0.5035,9.2,Debit Card,High
ORD-00861,2025-11-24,2025-11-26,CUST-00861,Customer 861,Home Office,P1007,Halo Planter,Home Decor,Coolers,West,California,Denver,Sophia Singh,3,27.89,0.022,81.83,29.63,42.8,0.523,9.4,Debit Card,High
ORD-00862,2024-03-18,2024-03-23,CUST-00862,Customer 862,Corporate,P1005,Echo Web Camera,Home Decor,Coolers,Central,Kansas,Kansas City,Noah Kim,2,12.92,0.012,25.53,17.41,0.52,0.0204,7.6,Bank Transfer,Medium
ORD-00863,2024-04-08,2024-04-09,CUST-00863,Customer 863,Corporate,P1004,Harbor Rug,Outdoor,Decor,North,Ontario,Montreal,James Carter,2,605.05,0.014,1193.16,760.55,425.01,0.3562,7.6,Cash on Delivery,Medium
ORD-00864,2024-07-19,2024-07-24,CUST-00864,Customer 864,Consumer,P1017,ProClip Binder,Furniture,Peripherals,West,Oregon,Seattle,Liam Chen,1,591.75,0.018,581.1,393.73,179.57,0.309,7.8,Bank Transfer,High
ORD-00865,2024-07-03,2024-07-10,CUST-00865,Customer 865,Corporate,P1005,Summit Patio Set,Home Decor,Lighting,South,North Carolina,Houston,Mia Rodriguez,2,12.84,0.03,24.91,17.78,-0.47,-0.0189,7.6,Debit Card,Medium
ORD-00866,2024-10-09,2024-10-12,CUST-00866,Customer 866,Corporate,P1017,Trail Tote,Technology,Textiles,East,Massachusetts,Boston,Liam Chen,4,591.14,0.019,2319.63,1541.45,767.98,0.3311,10.2,PayPal,Medium
ORD-00867,2023-07-13,2023-07-15,CUST-00867,Customer 867,Home Office,P1017,Orbit Wireless Mouse,Technology,Storage,Central,Kansas,Kansas City,Olivia Martin,2,570.2,0.019,1118.73,746.49,364.64,0.3259,7.6,Bank Transfer,Medium
ORD-00868,2023-11-09,2023-11-11,CUST-00868,Customer 868,Consumer,P1017,Cove Wall Clock,Office Supplies,Coolers,Central,Missouri,Minneapolis,Ava Patel,3,613.02,0.007,1826.19,1212.05,605.74,0.3317,8.4,Credit Card,Low
ORD-00869,2025-09-25,2025-10-02,CUST-00869,Customer 869,Home Office,P1001,Halo Planter,Outdoor,Accessories,West,Washington,San Francisco,James Carter,1,311.05,0.025,303.27,184.05,111.42,0.3674,7.8,Debit Card,High
ORD-00870,2025-02-20,2025-02-27,CUST-00870,Customer 870,Home Office,P1002,Orbit Wireless Mouse,Office Supplies,Desks,Central,Missouri,Minneapolis,Ethan Brooks,3,75.83,0.005,226.35,105.06,112.89,0.4987,8.4,Debit Card,Medium
ORD-00871,2024-03-12,2024-03-18,CUST-00871,Customer 871,Corporate,P1019,ProClip Binder,Office Supplies,Paper,North,Quebec,Toronto,Sophia Singh,2,59.08,0.074,109.42,51.41,50.41,0.4607,7.6,Debit Card,Critical
ORD-00872,2023-06-23,2023-06-30,CUST-00872,Customer 872,Corporate,P1009,Atlas Throw Pillow,Outdoor,Desks,West,Oregon,Los Angeles,Ethan Brooks,2,93.45,0.036,180.17,93.88,77.69,0.4312,8.6,Debit Card,Critical
ORD-00873,2024-06-13,2024-06-15,CUST-00873,Customer 873,Corporate,P1020,Lumen Desk Lamp,Office Supplies,Writing,East,Massachusetts,Washington,Ethan Brooks,4,77.08,0.015,303.7,145.37,148.13,0.4878,10.2,PayPal,Medium
ORD-00874,2024-10-08,2024-10-13,CUST-00874,Customer 874,Consumer,P1015,Orbit Wireless Mouse,Office Supplies,Bags,Central,Minnesota,Minneapolis,Ava Patel,4,69.04,0.054,261.25,120.34,131.71,0.5042,9.2,Debit Card,High
ORD-00875,2023-08-15,2023-08-17,CUST-00875,Customer 875,Consumer,P1019,FlexNote Notebook,Furniture,Binders,South,Florida,Houston,Olivia Martin,2,59.44,0.049,113.05,51.42,54.03,0.4779,7.6,Credit Card,High
ORD-00876,2023-06-13,2023-06-20,CUST-00876,Customer 876,Home Office,P1005,Nova Laptop Stand,Furniture,Furniture,Central,Kansas,St. Louis,Olivia Martin,3,12.85,0.059,36.28,21.92,5.96,0.1643,8.4,PayPal,High
ORD-00877,2025-03-21,2025-03-28,CUST-00877,Customer 877,Corporate,P1013,Northstar Lantern,Office Supplies,Decor,West,Washington,Denver,Mia Rodriguez,2,165.21,0.035,318.86,188.87,121.39,0.3807,8.6,Debit Card,Medium
ORD-00878,2025-04-13,2025-04-20,CUST-00878,Customer 878,Consumer,P1004,Northstar Lantern,Outdoor,Paper,South,Georgia,Dallas,Liam Chen,1,601.13,0.014,592.71,379.69,206.22,0.3479,6.8,Credit Card,Medium
ORD-00879,2023-08-17,2023-08-19,CUST-00879,Customer 879,Corporate,P1013,Nova Laptop Stand,Outdoor,Plants,South,Texas,Atlanta,Olivia Martin,3,167.31,0.02,491.89,282.88,200.61,0.4078,8.4,Debit Card,Medium
ORD-00880,2023-06-15,2023-06-22,CUST-00880,Customer 880,Consumer,P1006,Atlas Throw Pillow,Outdoor,Peripherals,East,New York,Boston,Olivia Martin,3,18.42,0.015,54.43,23.87,21.16,0.3888,9.4,Credit Card,Low
ORD-00881,2023-07-25,2023-07-31,CUST-00881,Customer 881,Consumer,P1012,Northstar Lantern,Home Decor,Lighting,North,Ontario,Vancouver,Liam Chen,2,133.42,0.022,260.97,134.9,118.47,0.454,7.6,Credit Card,Medium
ORD-00882,2025-03-22,2025-03-27,CUST-00882,Customer 882,Corporate,P1009,Trail Tote,Outdoor,Video,South,Georgia,Atlanta,Ava Patel,5,83.78,0.03,406.33,198.4,197.93,0.4871,10,Bank Transfer,Low
ORD-00883,2023-09-19,2023-09-20,CUST-00883,Customer 883,Consumer,P1015,Aero Standing Desk,Outdoor,Peripherals,South,Texas,Atlanta,Noah Kim,3,66.44,0.018,195.73,89.4,97.93,0.5003,8.4,PayPal,High
ORD-00884,2023-11-03,2023-11-10,CUST-00884,Customer 884,Consumer,P1015,FlexNote Notebook,Outdoor,Writing,West,Colorado,Seattle,Olivia Martin,2,75.41,0.044,144.18,67.52,68.06,0.472,8.6,Debit Card,High
ORD-00885,2025-04-14,2025-04-16,CUST-00885,Customer 885,Consumer,P1017,Tide Cooler,Office Supplies,Writing,South,North Carolina,Dallas,Sophia Singh,4,512.13,0.008,2032.13,1348.38,674.55,0.3319,9.2,Cash on Delivery,Low
ORD-00886,2023-07-10,2023-07-12,CUST-00886,Customer 886,Corporate,P1005,CloudDrive File Box,Technology,Lighting,Central,Kansas,Kansas City,Liam Chen,2,12.36,0.026,24.08,13.13,3.35,0.1391,7.6,Debit Card,Medium
ORD-00887,2025-12-17,2025-12-24,CUST-00887,Customer 887,Consumer,P1005,Harbor Rug,Office Supplies,Writing,Central,Minnesota,St. Louis,Liam Chen,1,13.29,0.001,13.28,9.84,-3.36,-0.253,6.8,Credit Card,Medium
ORD-00888,2023-05-08,2023-05-10,CUST-00888,Customer 888,Consumer,P1005,Nova Laptop Stand,Office Supplies,Decor,North,Quebec,Vancouver,Mia Rodriguez,1,12.29,0.018,12.07,8.46,-3.19,-0.2643,6.8,Debit Card,Medium
ORD-00889,2023-08-18,2023-08-25,CUST-00889,Customer 889,Consumer,P1014,Orbit Wireless Mouse,Furniture,Video,East,New Jersey,New York,Olivia Martin,2,45.96,0.006,91.37,44.47,38.3,0.4192,8.6,Cash on Delivery,Low
ORD-00890,2023-02-12,2023-02-15,CUST-00890,Customer 890,Consumer,P1002,Aero Standing Desk,Office Supplies,Peripherals,East,New Jersey,Boston,Ava Patel,2,82.9,0.052,157.18,76.66,71.92,0.4576,8.6,PayPal,High
ORD-00891,2025-09-17,2025-09-22,CUST-00891,Customer 891,Consumer,P1009,Northstar Lantern,Home Decor,Paper,Central,Kansas,Kansas City,Mia Rodriguez,2,88.88,0.001,177.58,91.44,78.54,0.4423,7.6,Bank Transfer,Low
ORD-00892,2025-02-23,2025-03-02,CUST-00892,Customer 892,Consumer,P1014,Aero Standing Desk,Outdoor,Writing,Central,Minnesota,Chicago,Sophia Singh,4,43.33,0.037,166.91,69.9,87.81,0.5261,9.2,Credit Card,High
ORD-00893,2025-12-11,2025-12-13,CUST-00893,Customer 893,Consumer,P1015,Harbor Rug,Furniture,Binders,South,Georgia,Dallas,Liam Chen,2,72.56,0.002,144.83,68.75,68.48,0.4728,7.6,Credit Card,Low
ORD-00894,2024-10-09,2024-10-12,CUST-00894,Customer 894,Home Office,P1004,Summit Patio Set,Office Supplies,Bags,East,New York,New York,Ava Patel,3,688.3,0.016,2031.86,1286.03,736.43,0.3624,9.4,Debit Card,Low
ORD-00895,2025-11-22,2025-11-23,CUST-00895,Customer 895,Consumer,P1006,Pulse Keyboard,Office Supplies,Lighting,South,North Carolina,Miami,Ethan Brooks,5,18.92,0.015,93.18,33.98,49.2,0.528,10,Credit Card,Medium
ORD-00896,2023-10-24,2023-10-25,CUST-00896,Customer 896,Consumer,P1014,Lumen Desk Lamp,Home Decor,Flooring,Central,Illinois,Chicago,Olivia Martin,3,47.58,0.003,142.31,60.17,73.74,0.5182,8.4,Credit Card,Medium
ORD-00897,2023-08-24,2023-08-30,CUST-00897,Customer 897,Consumer,P1005,FlexNote Notebook,Office Supplies,Textiles,East,New York,Philadelphia,James Carter,3,12.96,0.011,38.45,23.27,5.78,0.1503,9.4,Bank Transfer,Low
ORD-00898,2025-07-25,2025-08-01,CUST-00898,Customer 898,Consumer,P1011,Harbor Rug,Outdoor,Storage,East,New York,Boston,Ava Patel,4,92.31,0.052,350.04,165.19,174.65,0.4989,10.2,Credit Card,High
ORD-00899,2023-11-23,2023-11-29,CUST-00899,Customer 899,Corporate,P1014,Nimbus Monitor Arm,Technology,Flooring,West,California,San Francisco,James Carter,2,48.32,0.048,92,43.92,39.48,0.4291,8.6,Credit Card,High
ORD-00900,2023-12-25,2023-12-31,CUST-00900,Customer 900,Consumer,P1007,Northstar Lantern,Office Supplies,Decor,East,Massachusetts,New York,Ava Patel,2,27.33,0.015,53.84,22.38,22.86,0.4246,8.6,Credit Card,Medium
ORD-00901,2023-07-15,2023-07-18,CUST-00901,Customer 901,Consumer,P1014,Northstar Lantern,Furniture,Paper,East,None,Washington,Sophia Singh,4,46.76,0.015,184.23,80.11,93.92,0.5098,10.2,Debit Card,Low
ORD-00902,2023-12-09,2023-12-10,CUST-00902,Customer 902,Consumer,P1013,Atlas Throw Pillow,Home Decor,Accessories,East,Massachusetts,Boston,Noah Kim,1,168.33,0.022,164.63,103.55,53.28,0.3236,7.8,Debit Card,Medium
ORD-00903,2023-08-12,2023-08-18,CUST-00903,Customer 903,Corporate,P1018,Atlas Throw Pillow,Outdoor,Decor,South,Texas,Dallas,James Carter,3,92.27,0.023,270.44,122.43,139.61,0.5162,8.4,Debit Card,Low
ORD-00904,2024-08-11,2024-08-15,CUST-00904,Customer 904,Consumer,P1002,Nimbus Monitor Arm,Technology,Flooring,East,Massachusetts,Washington,Olivia Martin,2,86.58,0.063,162.25,83.31,70.34,0.4335,8.6,Bank Transfer,Critical
ORD-00905,2024-07-17,2024-07-23,CUST-00905,Customer 905,Corporate,P1009,Nova Laptop Stand,Technology,Furniture,South,North Carolina,Miami,Noah Kim,6,89.33,0.036,516.68,247.05,258.83,0.5009,10.8,Credit Card,Medium
ORD-00906,2025-04-06,2025-04-07,CUST-00906,Customer 906,Consumer,P1011,Northstar Lantern,Home Decor,Accessories,West,Washington,Denver,Noah Kim,2,95.68,0.016,188.3,93.08,86.62,0.46,8.6,PayPal,Low
ORD-00907,2025-01-28,2025-02-01,CUST-00907,Customer 907,Consumer,P1020,ErgoMesh Chair,Home Decor,Writing,West,California,Los Angeles,Mia Rodriguez,3,74.44,0.009000000000000001,221.31,108.22,103.69,0.4685,9.4,Debit Card,Medium
ORD-00908,2024-04-08,2024-04-11,CUST-00908,Customer 908,Corporate,P1011,Cove Wall Clock,Office Supplies,Coolers,North,Alberta,Toronto,James Carter,2,84.17,0.051,159.75,80.46,71.69,0.4488,7.6,Debit Card,High
ORD-00909,2023-07-10,2023-07-17,CUST-00909,Customer 909,Corporate,P1006,Pulse Keyboard,Office Supplies,Peripherals,Central,Minnesota,Kansas City,James Carter,6,18.97,0.046,108.58,36.85,60.93,0.5612,10.8,Cash on Delivery,Critical
ORD-00910,2024-06-25,2024-07-02,CUST-00910,Customer 910,Corporate,P1001,Tide Cooler,Technology,Textiles,West,Washington,Seattle,Mia Rodriguez,2,312.47,0.034,603.69,361.94,233.15,0.3862,8.6,PayPal,Medium
ORD-00911,2024-07-15,2024-07-19,CUST-00911,Customer 911,Consumer,P1005,Trail Tote,Furniture,Coolers,West,Oregon,San Francisco,James Carter,5,13.8,0.009000000000000001,68.38,34.74,22.64,0.3311,11,Debit Card,Medium
ORD-00912,2023-12-04,2023-12-05,CUST-00912,Customer 912,Corporate,P1014,SmartInk Pen Set,Home Decor,Writing,East,New Jersey,New York,Sophia Singh,3,47.25,0.063,132.82,60.31,63.11,0.4752,9.4,Credit Card,Critical
ORD-00913,2024-06-18,2024-06-20,CUST-00913,Customer 913,Consumer,P1016,ProClip Binder,Technology,Desks,Central,Kansas,Chicago,Ava Patel,3,37.72,0.001,113.05,46.23,58.42,0.5168,8.4,Credit Card,Low
ORD-00914,2024-07-11,2024-07-15,CUST-00914,Customer 914,Corporate,P1009,Echo Web Camera,Outdoor,Lighting,East,New Jersey,Philadelphia,James Carter,4,90.23,0.02,353.7,174.31,169.19,0.4783,10.2,Credit Card,Low
ORD-00915,2024-03-09,2024-03-10,CUST-00915,Customer 915,Corporate,P1019,Lumen Desk Lamp,Furniture,Peripherals,East,New York,Boston,Noah Kim,1,58.76,0.038,56.53,34.2,14.53,0.257,7.8,PayPal,Medium
ORD-00916,2024-01-09,2024-01-15,CUST-00916,Customer 916,Consumer,P1020,Harbor Rug,Outdoor,Flooring,South,Florida,Dallas,James Carter,3,72.26,0.044,207.24,98.2,100.64,0.4856,8.4,Credit Card,High
ORD-00917,2023-11-28,2023-11-30,CUST-00917,Customer 917,Corporate,P1008,Trail Tote,Technology,Binders,East,New Jersey,Philadelphia,Liam Chen,2,37.23,0.032,72.08,32.69,30.79,0.4272,8.6,Debit Card,Medium
ORD-00918,2025-08-08,2025-08-11,CUST-00918,Customer 918,Corporate,P1008,ErgoMesh Chair,Office Supplies,Flooring,South,North Carolina,Miami,Noah Kim,2,34.15,0.019,67,32.45,26.95,0.4022,7.6,Debit Card,Medium
ORD-00919,2025-10-03,2025-10-10,CUST-00919,Customer 919,Consumer,P1016,Halo Planter,Home Decor,Lighting,East,New York,Boston,Sophia Singh,4,41.07,0.052,155.74,66.66,78.88,0.5065,10.2,Cash on Delivery,Critical
ORD-00920,2023-03-21,2023-03-24,CUST-00920,Customer 920,Home Office,P1018,Trail Tote,Technology,Decor,East,New York,Boston,Noah Kim,6,85.93,0.02,505.27,223.74,269.73,0.5338,11.8,Debit Card,High
ORD-00921,2025-08-18,2025-08-23,CUST-00921,Customer 921,Home Office,P1008,CloudDrive File Box,Home Decor,Flooring,Central,Kansas,Minneapolis,Liam Chen,6,36.04,0.049,205.64,88.42,106.42,0.5175,10.8,Bank Transfer,Critical
ORD-00922,2024-04-14,2024-04-17,CUST-00922,Customer 922,Consumer,P1009,Tide Cooler,Office Supplies,Paper,South,Florida,Atlanta,Olivia Martin,4,87.98,0.012,347.7,169.01,169.49,0.4875,9.2,PayPal,Low
ORD-00923,2025-04-03,2025-04-08,CUST-00923,Customer 923,Home Office,P1005,Halo Planter,Home Decor,Accessories,East,New Jersey,Washington,Liam Chen,5,12.53,0.023,61.21,31.64,18.57,0.3034,11,Debit Card,Medium
ORD-00924,2025-01-17,2025-01-20,CUST-00924,Customer 924,Consumer,P1002,CloudDrive File Box,Office Supplies,Desks,East,New York,Washington,Liam Chen,5,77.82,0.056,367.31,168.72,187.59,0.5107,11,Debit Card,High
ORD-00925,2024-03-04,2024-03-07,CUST-00925,Customer 925,Corporate,P1014,Lumen Desk Lamp,Outdoor,Decor,East,New Jersey,Washington,Sophia Singh,2,43.38,0.06,81.55,36.05,36.9,0.4525,8.6,Credit Card,High
ORD-00926,2023-05-21,2023-05-24,CUST-00926,Customer 926,Home Office,P1018,Pulse Keyboard,Furniture,Coolers,Central,Illinois,Kansas City,Noah Kim,1,88.94,0.011,87.96,48.14,33.02,0.3754,6.8,Bank Transfer,Medium
ORD-00927,2023-03-28,2023-04-02,CUST-00927,Customer 927,Corporate,P1013,CloudDrive File Box,Office Supplies,Peripherals,South,Georgia,Dallas,Sophia Singh,1,154.1,0.042,147.63,90.6,50.23,0.3402,6.8,PayPal,High
ORD-00928,2024-12-18,2024-12-24,CUST-00928,Customer 928,Consumer,P1012,Harbor Rug,Home Decor,Lighting,South,Texas,Dallas,Ethan Brooks,2,133.78,0.005,266.22,135.35,123.27,0.463,7.6,Debit Card,Low
ORD-00929,2024-05-15,2024-05-20,CUST-00929,Customer 929,Home Office,P1015,ErgoMesh Chair,Furniture,Lighting,East,Massachusetts,Boston,Liam Chen,4,68.12,0.013,268.94,122.28,136.46,0.5074,10.2,Bank Transfer,Low
ORD-00930,2023-03-19,2023-03-23,CUST-00930,Customer 930,Consumer,P1015,Tide Cooler,Home Decor,Lighting,South,Georgia,Atlanta,Noah Kim,5,66.44,0.029,322.57,147.34,165.23,0.5122,10,Debit Card,Medium
ORD-00931,2023-04-28,2023-04-29,CUST-00931,Customer 931,Consumer,P1001,FlexNote Notebook,Furniture,Accessories,East,Massachusetts,New York,Mia Rodriguez,2,306.99,0.017,603.54,356.28,238.66,0.3954,8.6,Debit Card,High
ORD-00932,2025-08-22,2025-08-23,CUST-00932,Customer 932,Consumer,P1007,ErgoMesh Chair,Technology,Textiles,South,Texas,Atlanta,Sophia Singh,1,23.56,0.072,21.86,14.29,0.77,0.0352,6.8,Debit Card,Critical
ORD-00933,2025-02-06,2025-02-12,CUST-00933,Customer 933,Home Office,P1013,Echo Web Camera,Office Supplies,Chairs,South,Florida,Dallas,Mia Rodriguez,2,159.19,0.01,315.2,181.46,126.14,0.4002,7.6,Cash on Delivery,Medium
ORD-00934,2024-11-15,2024-11-16,CUST-00934,Customer 934,Home Office,P1018,FlexNote Notebook,Technology,Peripherals,Central,Missouri,St. Louis,Ethan Brooks,4,96.98,0.026,377.83,174.06,194.57,0.515,9.2,Bank Transfer,High
ORD-00935,2023-12-07,2023-12-10,CUST-00935,Customer 935,Consumer,P1001,Atlas Throw Pillow,Furniture,Binders,Central,Kansas,Chicago,Mia Rodriguez,5,312.89,0.024,1526.9,895.98,620.92,0.4067,10,Cash on Delivery,Medium
ORD-00936,2023-04-12,2023-04-18,CUST-00936,Customer 936,Home Office,P1011,Tide Cooler,Office Supplies,Furniture,East,Massachusetts,Boston,Ava Patel,3,92.75,0.055,262.95,132.16,121.39,0.4616,9.4,Debit Card,Critical
ORD-00937,2023-07-16,2023-07-17,CUST-00937,Customer 937,Consumer,P1013,Lumen Desk Lamp,Home Decor,Lighting,North,Ontario,Calgary,Liam Chen,2,171.39,0.034,331.13,196.24,127.29,0.3844,7.6,Debit Card,Critical
ORD-00938,2025-01-09,2025-01-14,CUST-00938,Customer 938,Home Office,P1020,Halo Planter,Home Decor,Video,East,Virginia,New York,Ethan Brooks,3,75.1,0.026,219.44,110.37,99.67,0.4542,9.4,Credit Card,High
ORD-00939,2023-09-20,2023-09-24,CUST-00939,Customer 939,Corporate,P1009,Pulse Keyboard,Furniture,Bags,West,Washington,San Francisco,Mia Rodriguez,2,93.7,0.027,182.34,93.98,79.76,0.4374,8.6,Credit Card,Medium
ORD-00940,2024-06-05,2024-06-07,CUST-00940,Customer 940,Consumer,P1016,Orbit Wireless Mouse,Furniture,Textiles,East,Virginia,Boston,James Carter,4,40.33,0.004,160.67,63.69,86.78,0.5401,10.2,Credit Card,Medium
ORD-00941,2023-05-11,2023-05-15,CUST-00941,Customer 941,Consumer,P1011,Nimbus Monitor Arm,Technology,Lighting,Central,Illinois,Kansas City,James Carter,3,86.73,0.015,256.29,129.35,118.54,0.4625,8.4,Cash on Delivery,Medium
ORD-00942,2024-04-02,2024-04-03,CUST-00942,Customer 942,Consumer,P1003,Harbor Rug,Home Decor,Plants,South,North Carolina,Miami,Sophia Singh,6,146.78,0.011,870.99,451.77,408.42,0.4689,10.8,Debit Card,Low
ORD-00943,2025-09-22,2025-09-28,CUST-00943,Customer 943,Consumer,P1017,Harbor Rug,Furniture,Lighting,East,Virginia,Philadelphia,James Carter,5,563.72,0.025,2748.14,1824.65,912.49,0.332,11,Credit Card,Medium
ORD-00944,2025-06-16,2025-06-23,CUST-00944,Customer 944,Corporate,P1002,Nimbus Monitor Arm,Outdoor,Chairs,East,Massachusetts,New York,Liam Chen,3,87.47,0.058,247.19,116.64,121.15,0.4901,9.4,Debit Card,High
ORD-00945,2023-03-04,2023-03-05,CUST-00945,Customer 945,Consumer,P1009,Orbit Wireless Mouse,Technology,Binders,East,Virginia,Washington,Ethan Brooks,3,88.33,0.025,258.37,129.88,119.09,0.4609,9.4,Bank Transfer,Medium
ORD-00946,2023-10-05,2023-10-10,CUST-00946,Customer 946,Home Office,P1009,Aero Standing Desk,Home Decor,Coolers,North,Quebec,Vancouver,Olivia Martin,1,97.77,0.063,91.61,49.28,35.53,0.3878,6.8,Debit Card,Critical
ORD-00947,2023-08-07,2023-08-11,CUST-00947,Customer 947,Corporate,P1016,Cove Wall Clock,Furniture,Lighting,South,North Carolina,Atlanta,Liam Chen,2,40.31,0.029,78.28,37.18,33.5,0.428,7.6,Cash on Delivery,Low
ORD-00948,2025-11-06,2025-11-13,CUST-00948,Customer 948,Corporate,P1001,Summit Patio Set,Furniture,Accessories,East,Virginia,Philadelphia,Ethan Brooks,4,304.16,0.022,1189.87,696.85,482.82,0.4058,10.2,Bank Transfer,Medium
ORD-00949,2025-03-24,2025-03-29,CUST-00949,Customer 949,Consumer,P1017,ErgoMesh Chair,Technology,Paper,Central,Minnesota,Minneapolis,Sophia Singh,2,561.04,0.028,1090.66,730.16,352.9,0.3236,7.6,Debit Card,High
ORD-00950,2024-11-22,2024-11-27,CUST-00950,Customer 950,Home Office,P1010,Halo Planter,Technology,Accessories,East,Massachusetts,Philadelphia,Noah Kim,3,59.76,0.006,178.2,84.72,84.08,0.4718,9.4,Credit Card,Low
ORD-00951,2024-09-10,2024-09-12,CUST-00951,Customer 951,Corporate,P1020,Lumen Desk Lamp,Outdoor,Writing,South,Florida,Atlanta,James Carter,4,68.62,0.04,263.5,122.66,131.64,0.4996,9.2,Bank Transfer,Medium
ORD-00952,2025-02-14,2025-02-19,CUST-00952,Customer 952,Home Office,P1005,Tide Cooler,Furniture,Writing,West,California,San Francisco,James Carter,3,13.37,0.009000000000000001,39.75,17.93,12.42,0.3125,9.4,Debit Card,Low
ORD-00953,2023-10-08,2023-10-15,CUST-00953,Customer 953,Home Office,P1008,SmartInk Pen Set,Outdoor,Chairs,West,California,Seattle,Sophia Singh,4,41.38,0.017,162.71,67.2,85.31,0.5243,10.2,Bank Transfer,Low
ORD-00954,2025-06-14,2025-06-19,CUST-00954,Customer 954,Consumer,P1013,Harbor Rug,Technology,Flooring,West,Washington,Seattle,James Carter,1,164.99,0.047,157.24,98.2,51.24,0.3259,7.8,Credit Card,Critical
ORD-00955,2024-12-14,2024-12-16,CUST-00955,Customer 955,Consumer,P1005,Nimbus Monitor Arm,Furniture,Flooring,South,Georgia,Dallas,Olivia Martin,3,13.37,0.009,39.75,18.3,13.05,0.3283,8.4,Credit Card,Medium
ORD-00956,2024-03-20,2024-03-23,CUST-00956,Customer 956,Home Office,P1004,Nimbus Monitor Arm,Office Supplies,Plants,North,British Columbia,Toronto,Noah Kim,1,607.91,0.05,577.51,375.58,195.13,0.3379,6.8,Debit Card,High
ORD-00957,2024-09-28,2024-10-05,CUST-00957,Customer 957,Home Office,P1008,Harbor Rug,Outdoor,Lighting,Central,Missouri,St. Louis,Liam Chen,4,33.73,0.02,132.22,56.11,66.91,0.5061,9.2,Credit Card,Low
ORD-00958,2023-06-23,2023-06-26,CUST-00958,Customer 958,Corporate,P1007,Aero Standing Desk,Furniture,Writing,South,Georgia,Dallas,Sophia Singh,3,25.28,0.017,74.55,32.8,33.35,0.4474,8.4,Credit Card,Medium
ORD-00959,2023-12-03,2023-12-10,CUST-00959,Customer 959,Consumer,P1005,Atlas Throw Pillow,Home Decor,Furniture,Central,Minnesota,St. Louis,Mia Rodriguez,3,13.5,0.01,40.09,19.46,12.23,0.3051,8.4,Bank Transfer,Low
ORD-00960,2025-05-01,2025-05-07,CUST-00960,Customer 960,Corporate,P1010,CloudDrive File Box,Technology,Peripherals,South,North Carolina,Atlanta,Sophia Singh,2,51.34,0.018,100.83,50.11,43.12,0.4277,7.6,Cash on Delivery,Medium
ORD-00961,2023-12-09,2023-12-11,CUST-00961,Customer 961,Consumer,P1017,CloudDrive File Box,Technology,Lighting,East,New Jersey,Boston,Mia Rodriguez,5,602.59,0.029,2925.57,1939.63,974.94,0.3332,11,Credit Card,Medium
ORD-00962,2024-12-09,2024-12-15,CUST-00962,Customer 962,Consumer,P1006,Atlas Throw Pillow,Outdoor,Coolers,North,Alberta,Toronto,Mia Rodriguez,3,20.03,0.029,58.35,21.78,28.17,0.4828,8.4,Bank Transfer,Medium
ORD-00963,2023-05-22,2023-05-28,CUST-00963,Customer 963,Consumer,P1010,Lumen Desk Lamp,Home Decor,Storage,South,Georgia,Dallas,Liam Chen,2,53.9,0.052,102.19,51.87,42.72,0.418,7.6,Credit Card,High
ORD-00964,2024-11-02,2024-11-07,CUST-00964,Customer 964,Consumer,P1016,Nova Laptop Stand,Furniture,Storage,West,Oregon,Seattle,Noah Kim,4,43.87,0.024,171.27,69.95,91.12,0.532,10.2,Debit Card,Medium
ORD-00965,2023-12-16,2023-12-22,CUST-00965,Customer 965,Consumer,P1010,Harbor Rug,Furniture,Accessories,Central,Minnesota,Chicago,Noah Kim,5,58.94,0.005,293.23,126.88,156.35,0.5332,10,Debit Card,Medium
ORD-00966,2024-04-08,2024-04-09,CUST-00966,Customer 966,Home Office,P1004,Echo Web Camera,Technology,Flooring,West,California,Los Angeles,Mia Rodriguez,2,602.5,0.051,1143.54,730.39,404.55,0.3538,8.6,PayPal,High
ORD-00967,2025-06-26,2025-07-03,CUST-00967,Customer 967,Home Office,P1002,Lumen Desk Lamp,Technology,Flooring,East,New York,Washington,Olivia Martin,3,81.99,0.007,244.25,113.15,121.7,0.4983,9.4,Debit Card,Medium
ORD-00968,2023-07-06,2023-07-10,CUST-00968,Customer 968,Home Office,P1001,Nova Laptop Stand,Office Supplies,Lighting,West,Washington,Seattle,Noah Kim,3,323.62,0.035,936.88,551.67,375.81,0.4011,9.4,Bank Transfer,High
ORD-00969,2024-05-23,2024-05-24,CUST-00969,Customer 969,Home Office,P1003,ErgoMesh Chair,Furniture,Writing,West,Colorado,Denver,Sophia Singh,3,158.24,0.035,458.1,243.46,205.24,0.448,9.4,Credit Card,Medium
ORD-00970,2024-01-13,2024-01-14,CUST-00970,Customer 970,Consumer,P1013,ProClip Binder,Technology,Writing,West,California,San Francisco,Mia Rodriguez,3,166.47,0.08,459.46,264.56,185.5,0.4037,9.4,Debit Card,Critical
ORD-00971,2025-04-01,2025-04-06,CUST-00971,Customer 971,Home Office,P1012,Lumen Desk Lamp,Furniture,Bags,South,Georgia,Miami,Mia Rodriguez,1,127.81,0.019,125.38,66.11,52.47,0.4185,6.8,Credit Card,Medium
ORD-00972,2025-05-19,2025-05-23,CUST-00972,Customer 972,Home Office,P1001,Nimbus Monitor Arm,Office Supplies,Chairs,East,New York,Philadelphia,Ava Patel,3,298.97,0.022,877.18,518.18,349.6,0.3985,9.4,PayPal,Medium
ORD-00973,2025-07-15,2025-07-21,CUST-00973,Customer 973,Home Office,P1010,Halo Planter,Outdoor,Decor,South,Florida,Dallas,Sophia Singh,6,57.77,0.006,344.54,152.37,181.37,0.5264,10.8,Credit Card,Medium
ORD-00974,2023-03-01,2023-03-05,CUST-00974,Customer 974,Corporate,P1006,SmartInk Pen Set,Office Supplies,Binders,North,Quebec,Vancouver,Noah Kim,1,17.75,0.014,17.5,13.44,-2.74,-0.1566,6.8,Credit Card,Low
ORD-00975,2023-11-10,2023-11-16,CUST-00975,Customer 975,Consumer,P1009,Harbor Rug,Furniture,Flooring,Central,Illinois,St. Louis,Noah Kim,3,99.49,0.009,295.78,149.28,138.1,0.4669,8.4,Debit Card,Low
ORD-00976,2023-10-01,2023-10-04,CUST-00976,Customer 976,Consumer,P1001,Atlas Throw Pillow,Home Decor,Chairs,South,Georgia,Dallas,Ava Patel,4,296.53,0.014,1169.51,685.11,475.2,0.4063,9.2,Credit Card,High
ORD-00977,2024-02-28,2024-03-01,CUST-00977,Customer 977,Consumer,P1012,Harbor Rug,Office Supplies,Bags,East,Virginia,Boston,Sophia Singh,2,135.3,0.033,261.67,132.96,120.11,0.459,8.6,Credit Card,High
ORD-00978,2023-09-12,2023-09-17,CUST-00978,Customer 978,Home Office,P1005,Echo Web Camera,Outdoor,Accessories,South,Florida,Houston,Liam Chen,4,12.72,0.003,50.73,26.48,15.05,0.2967,9.2,Bank Transfer,Low
ORD-00979,2024-09-11,2024-09-17,CUST-00979,Customer 979,Consumer,P1001,Summit Patio Set,Technology,Plants,Central,Minnesota,Minneapolis,Liam Chen,2,283.53,0.018,556.85,332.87,216.38,0.3886,7.6,Bank Transfer,Medium
ORD-00980,2024-12-17,2024-12-23,CUST-00980,Customer 980,Home Office,P1002,Pulse Keyboard,Home Decor,Coolers,East,New York,Philadelphia,James Carter,1,89.61,0.009,88.8,44.85,36.15,0.4071,7.8,Cash on Delivery,Low
ORD-00981,2024-01-04,2024-01-08,CUST-00981,Customer 981,Consumer,P1014,SmartInk Pen Set,Furniture,Peripherals,East,Virginia,Boston,Olivia Martin,3,40.95,0.017,120.76,59.03,52.33,0.4333,9.4,Cash on Delivery,Low
ORD-00982,2025-04-23,2025-04-28,CUST-00982,Customer 982,Corporate,P1002,Harbor Rug,Technology,Plants,South,Texas,Miami,Sophia Singh,4,76.01,0.065,284.28,131.58,143.5,0.5048,9.2,Credit Card,High
ORD-00983,2023-12-07,2023-12-14,CUST-00983,Customer 983,Consumer,P1005,Orbit Wireless Mouse,Furniture,Storage,South,Georgia,Miami,Noah Kim,2,13.79,0.019,27.06,16.24,3.22,0.119,7.6,Credit Card,Medium
ORD-00984,2023-12-12,2023-12-18,CUST-00984,Customer 984,Consumer,P1010,Orbit Wireless Mouse,Technology,Paper,Central,Missouri,Chicago,Ethan Brooks,1,59.37,0.059,55.87,29.82,19.25,0.3445,6.8,PayPal,Critical
ORD-00985,2025-10-13,2025-10-16,CUST-00985,Customer 985,Consumer,P1020,Harbor Rug,Office Supplies,Accessories,South,North Carolina,Dallas,Olivia Martin,3,75.6,0.02,222.26,106.14,107.72,0.4847,8.4,Bank Transfer,Medium
ORD-00986,2024-10-05,2024-10-06,CUST-00986,Customer 986,Corporate,P1006,Northstar Lantern,Home Decor,Chairs,Central,Minnesota,Kansas City,Liam Chen,1,19.13,0.03,18.56,12.74,-0.98,-0.0528,6.8,Credit Card,High
ORD-00987,2025-02-28,2025-03-06,CUST-00987,Customer 987,Consumer,P1005,Summit Patio Set,Outdoor,Lighting,West,Oregon,San Francisco,Ethan Brooks,2,13.07,0.019,25.64,16.22,0.82,0.032,8.6,Debit Card,High
ORD-00988,2024-07-06,2024-07-10,CUST-00988,Customer 988,Corporate,P1002,Trail Tote,Furniture,Storage,East,Massachusetts,Washington,Ethan Brooks,4,81.98,0.04,314.8,143.99,160.61,0.5102,10.2,Cash on Delivery,Medium
ORD-00989,2023-04-02,2023-04-09,CUST-00989,Customer 989,Consumer,P1009,SmartInk Pen Set,Office Supplies,Paper,Central,Illinois,Kansas City,Olivia Martin,3,88.93,0.025,260.12,129.73,121.99,0.469,8.4,Credit Card,Medium
ORD-00990,2025-03-21,2025-03-24,CUST-00990,Customer 990,Home Office,P1010,Aero Standing Desk,Furniture,Coolers,West,Washington,Los Angeles,Liam Chen,5,53.95,0.027,262.47,111.92,139.55,0.5317,11,Debit Card,Critical
ORD-00991,2025-11-07,2025-11-12,CUST-00991,Customer 991,Consumer,P1008,Summit Patio Set,Outdoor,Accessories,East,New Jersey,Boston,Noah Kim,2,37.42,0.012,73.94,38.42,26.92,0.3641,8.6,PayPal,Low
ORD-00992,2025-03-14,2025-03-20,CUST-00992,Customer 992,Corporate,P1006,Aero Standing Desk,Outdoor,Chairs,East,New Jersey,New York,Olivia Martin,2,17.59,0.031,34.09,18.31,7.18,0.2106,8.6,Debit Card,Medium
ORD-00993,2023-07-25,2023-07-28,CUST-00993,Customer 993,Consumer,P1005,Tide Cooler,Office Supplies,Lighting,Central,Kansas,Minneapolis,Sophia Singh,3,12.58,0.002,37.66,20.76,8.5,0.2257,8.4,Bank Transfer,Low
ORD-00994,2024-12-22,2024-12-25,CUST-00994,Customer 994,Corporate,P1018,Trail Tote,Outdoor,Decor,Central,Minnesota,Chicago,Ava Patel,6,91.24,0.013,540.32,238.53,290.99,0.5386,10.8,Credit Card,Medium
ORD-00995,2024-03-28,2024-04-04,CUST-00995,Customer 995,Consumer,P1020,CloudDrive File Box,Technology,Decor,West,California,Los Angeles,Sophia Singh,3,79.33,0.042,227.99,113.22,105.37,0.4622,9.4,Credit Card,High
ORD-00996,2023-12-14,2023-12-17,CUST-00996,Customer 996,Corporate,P1018,CloudDrive File Box,Outdoor,Desks,Central,Illinois,Minneapolis,Ava Patel,2,98.94,0.057,186.6,86.91,92.09,0.4935,7.6,Debit Card,High
ORD-00997,2025-12-10,2025-12-13,CUST-00997,Customer 997,Home Office,P1002,Atlas Throw Pillow,Outdoor,Writing,West,California,Denver,Ethan Brooks,5,93.05,0.033,449.9,208.61,230.29,0.5119,11,Cash on Delivery,High
ORD-00998,2023-08-04,2023-08-11,CUST-00998,Customer 998,Consumer,P1012,Halo Planter,Furniture,Bags,North,Quebec,Montreal,Ethan Brooks,3,138.83,0.006,413.99,212.38,193.21,0.4667,8.4,Credit Card,Low
ORD-00999,2025-03-03,2025-03-10,CUST-00999,Customer 999,Consumer,P1008,Tide Cooler,Home Decor,Peripherals,North,British Columbia,Toronto,Sophia Singh,2,35.28,0.016,69.43,34.84,26.99,0.3887,7.6,Cash on Delivery,Low
ORD-01000,2024-05-25,2024-06-01,CUST-01000,Customer 1000,Corporate,P1004,Northstar Lantern,Office Supplies,Lighting,Central,Minnesota,Kansas City,Olivia Martin,5,583.25,0.021,2855.01,1808.02,1036.99,0.3632,10,Bank Transfer,High
ORD-01001,2023-06-23,2023-06-26,CUST-01001,Customer 1001,Corporate,P1020,ProClip Binder,Outdoor,Coolers,West,Washington,San Francisco,Liam Chen,2,75.31,0.028,146.4,71.56,66.24,0.4525,8.6,Bank Transfer,Low
ORD-01002,2024-05-27,2024-05-30,CUST-01002,Customer 1002,Consumer,P1004,Nova Laptop Stand,Outdoor,Peripherals,West,Oregon,Los Angeles,Ethan Brooks,4,646.74,0.01,2561.09,1621.29,929.6,0.363,10.2,Debit Card,Medium
ORD-01003,2025-05-14,2025-05-16,CUST-01003,Customer 1003,Consumer,P1009,Atlas Throw Pillow,Outdoor,Chairs,South,Florida,Dallas,Mia Rodriguez,3,87.41,0.029,254.63,127.14,119.09,0.4677,8.4,Credit Card,Medium
ORD-01004,2025-12-06,2025-12-11,CUST-01004,Customer 1004,Consumer,P1009,Nova Laptop Stand,Technology,Decor,West,Colorado,San Francisco,Mia Rodriguez,3,96.81,0.042,278.23,142.73,126.1,0.4532,9.4,PayPal,High
ORD-01005,2025-03-23,2025-03-24,CUST-01005,Customer 1005,Consumer,P1012,Trail Tote,Furniture,Peripherals,Central,Kansas,St. Louis,Noah Kim,2,124.53,0.043,238.35,124.19,106.56,0.4471,7.6,Credit Card,High
ORD-01006,2025-10-15,2025-10-20,CUST-01006,Customer 1006,Consumer,P1014,Summit Patio Set,Office Supplies,Coolers,North,British Columbia,Montreal,Olivia Martin,1,45.13,0.015,44.45,23.07,14.58,0.328,6.8,Debit Card,Medium
ORD-01007,2025-01-08,2025-01-12,CUST-01007,Customer 1007,Home Office,P1003,Aero Standing Desk,Outdoor,Writing,North,British Columbia,Calgary,Sophia Singh,2,147.46,0.023,288.14,157.3,123.24,0.4277,7.6,Bank Transfer,Medium
ORD-01008,2025-08-05,2025-08-09,CUST-01008,Customer 1008,Consumer,P1006,Halo Planter,Home Decor,Lighting,West,Washington,Denver,Sophia Singh,2,19.04,0.055,35.99,21.37,6.02,0.1673,8.6,Credit Card,High
ORD-01009,2023-12-03,2023-12-10,CUST-01009,Customer 1009,Corporate,P1015,Pulse Keyboard,Office Supplies,Desks,West,Washington,Seattle,Olivia Martin,2,75.33,0.032,145.84,71.7,65.54,0.4494,8.6,Bank Transfer,Medium
ORD-01010,2024-05-03,2024-05-08,CUST-01010,Customer 1010,Home Office,P1019,Cove Wall Clock,Technology,Decor,East,New Jersey,Washington,Noah Kim,1,56.62,0.014,55.83,29.76,18.27,0.3272,7.8,PayPal,Medium
ORD-01011,2023-03-13,2023-03-16,CUST-01011,Customer 1011,Consumer,P1004,Summit Patio Set,Outdoor,Accessories,East,Virginia,Philadelphia,Noah Kim,3,628.46,0.013,1860.87,1181.84,669.63,0.3598,9.4,Debit Card,High
ORD-01012,2025-09-02,2025-09-04,CUST-01012,Customer 1012,Corporate,P1001,Harbor Rug,Outdoor,Desks,East,New York,New York,Ava Patel,3,292.4,0.012,866.67,511.4,345.87,0.3991,9.4,PayPal,Low
ORD-01013,2025-10-24,2025-10-25,CUST-01013,Customer 1013,Home Office,P1009,Nova Laptop Stand,Outdoor,Binders,West,Oregon,Seattle,Ava Patel,1,102.02,0.013,100.69,58.83,34.06,0.3383,7.8,PayPal,Low
ORD-01014,2023-10-01,2023-10-07,CUST-01014,Customer 1014,Consumer,P1016,Atlas Throw Pillow,Home Decor,Lighting,West,Washington,Denver,Mia Rodriguez,3,42.04,0.026,122.84,55.88,57.56,0.4686,9.4,PayPal,Medium
ORD-01015,2025-05-12,2025-05-18,CUST-01015,Customer 1015,Consumer,P1009,CloudDrive File Box,Office Supplies,Chairs,East,Virginia,New York,Liam Chen,1,89.74,0.006,89.2,49.63,31.77,0.3562,7.8,Bank Transfer,Low
ORD-01016,2025-04-08,2025-04-11,CUST-01016,Customer 1016,Home Office,P1012,Cove Wall Clock,Home Decor,Furniture,Central,Kansas,Minneapolis,James Carter,5,126.17,0.017,620.13,312.95,297.18,0.4792,10,Debit Card,Low
ORD-01017,2023-12-19,2023-12-24,CUST-01017,Customer 1017,Home Office,P1014,Halo Planter,Office Supplies,Desks,South,Texas,Atlanta,Sophia Singh,2,42.63,0.008,84.58,38.9,38.08,0.4502,7.6,Bank Transfer,Low
ORD-01018,2024-12-09,2024-12-15,CUST-01018,Customer 1018,Consumer,P1015,SmartInk Pen Set,Home Decor,Paper,South,Florida,Houston,Olivia Martin,4,72,0.026,280.51,128.32,142.99,0.5098,9.2,Credit Card,High
ORD-01019,2025-07-28,2025-08-02,CUST-01019,Customer 1019,Consumer,P1016,Pulse Keyboard,Home Decor,Coolers,South,Georgia,Miami,Mia Rodriguez,2,37.71,0.022,73.76,31.93,34.23,0.4641,7.6,Bank Transfer,Critical
ORD-01020,2023-11-14,2023-11-16,CUST-01020,Customer 1020,Consumer,P1008,Nimbus Monitor Arm,Home Decor,Flooring,West,Washington,Los Angeles,Mia Rodriguez,3,40.38,0.061,113.75,51.89,52.46,0.4612,9.4,Debit Card,Critical
ORD-01021,2025-07-28,2025-07-30,CUST-01021,Customer 1021,Consumer,P1010,SmartInk Pen Set,Home Decor,Bags,North,Ontario,Vancouver,James Carter,5,54.8,0.022,267.97,117.32,140.65,0.5249,10,PayPal,Critical
ORD-01022,2023-06-27,2023-07-04,CUST-01022,Customer 1022,Consumer,P1014,FlexNote Notebook,Outdoor,Peripherals,East,Virginia,Philadelphia,Liam Chen,4,44.77,0.04,171.92,73.35,88.37,0.514,10.2,Credit Card,High
ORD-01023,2025-03-18,2025-03-23,CUST-01023,Customer 1023,Corporate,P1017,Nova Laptop Stand,Office Supplies,Bags,South,Texas,Atlanta,Mia Rodriguez,4,543.86,0.08299999999999999,1994.88,1321.79,663.89,0.3328,9.2,Debit Card,Critical
ORD-01024,2025-06-10,2025-06-17,CUST-01024,Customer 1024,Home Office,P1003,Trail Tote,Technology,Chairs,West,Washington,Denver,Mia Rodriguez,4,159.74,0.01,632.57,330.01,292.36,0.4622,10.2,Cash on Delivery,Low
ORD-01025,2025-08-09,2025-08-12,CUST-01025,Customer 1025,Consumer,P1004,Northstar Lantern,Home Decor,Video,North,Ontario,Montreal,Liam Chen,4,650.78,0.036,2509.41,1588.12,912.09,0.3635,9.2,PayPal,High
ORD-01026,2024-01-06,2024-01-13,CUST-01026,Customer 1026,Home Office,P1016,Harbor Rug,Furniture,Flooring,North,Ontario,Montreal,Mia Rodriguez,4,37.43,0.043,143.28,57.69,76.39,0.5332,9.2,Debit Card,High
ORD-01027,2025-07-01,2025-07-04,CUST-01027,Customer 1027,Consumer,P1014,Northstar Lantern,Office Supplies,Desks,West,Colorado,San Francisco,Sophia Singh,4,45.04,0.054,170.43,76.29,83.94,0.4925,10.2,Credit Card,Critical
ORD-01028,2025-11-05,2025-11-08,CUST-01028,Customer 1028,Consumer,P1014,Atlas Throw Pillow,Furniture,Video,North,British Columbia,Vancouver,Noah Kim,2,43.68,0.021,85.53,43.55,34.38,0.402,7.6,Debit Card,Medium
ORD-01029,2024-09-10,2024-09-16,CUST-01029,Customer 1029,Corporate,P1016,Lumen Desk Lamp,Furniture,Binders,South,Texas,Houston,Liam Chen,3,38.06,0.03,110.75,46.99,55.36,0.4999,8.4,Bank Transfer,Medium
ORD-01030,2025-09-25,2025-09-26,CUST-01030,Customer 1030,Consumer,P1008,ErgoMesh Chair,Home Decor,Flooring,Central,Minnesota,Chicago,Ethan Brooks,3,35.74,0.017,105.4,50.15,46.85,0.4445,8.4,Credit Card,Medium
ORD-01031,2023-12-13,2023-12-14,CUST-01031,Customer 1031,Consumer,P1018,Nimbus Monitor Arm,Outdoor,Decor,West,California,Denver,James Carter,2,100.88,0.006,200.55,93.85,98.1,0.4892,8.6,PayPal,Medium
ORD-01032,2024-01-22,2024-01-25,CUST-01032,Customer 1032,Home Office,P1007,Echo Web Camera,Office Supplies,Video,East,New Jersey,New York,Olivia Martin,3,23.27,0.012,68.97,29.65,29.92,0.4338,9.4,PayPal,Medium
ORD-01033,2023-08-23,2023-08-28,CUST-01033,Customer 1033,Consumer,P1003,ProClip Binder,Furniture,Bags,Central,Minnesota,St. Louis,Noah Kim,1,152.83,0.053,144.73,85.53,52.4,0.3621,6.8,Debit Card,High
ORD-01034,2023-11-04,2023-11-06,CUST-01034,Customer 1034,Corporate,P1006,Lumen Desk Lamp,Technology,Lighting,West,Oregon,Denver,Sophia Singh,3,21.25,0.044,60.95,23.58,27.97,0.4589,9.4,Credit Card,High
ORD-01035,2023-08-01,2023-08-08,CUST-01035,Customer 1035,Consumer,P1020,Atlas Throw Pillow,Furniture,Video,North,Ontario,Vancouver,Ethan Brooks,1,77.5,0.022,75.8,38.87,30.13,0.3975,6.8,Credit Card,Medium
ORD-01036,2025-05-21,2025-05-25,CUST-01036,Customer 1036,Consumer,P1016,FlexNote Notebook,Outdoor,Binders,West,Colorado,Los Angeles,Mia Rodriguez,3,38.19,0.02,112.28,49.58,53.3,0.4747,9.4,Credit Card,Medium
ORD-01037,2024-03-02,2024-03-04,CUST-01037,Customer 1037,Corporate,P1004,Echo Web Camera,Home Decor,Desks,East,Massachusetts,Boston,Mia Rodriguez,3,596.9,0.033,1731.61,1101.16,621.05,0.3587,9.4,Credit Card,High
ORD-01038,2025-12-24,2025-12-26,CUST-01038,Customer 1038,Home Office,P1019,Aero Standing Desk,Office Supplies,Chairs,South,Florida,Miami,James Carter,1,57.53,0.021,56.32,32.49,17.03,0.3024,6.8,Credit Card,Critical
ORD-01039,2023-07-04,2023-07-08,CUST-01039,Customer 1039,Consumer,P1002,Cove Wall Clock,Office Supplies,Storage,West,California,Seattle,Ethan Brooks,3,87.45,0.014,258.68,122.89,126.39,0.4886,9.4,Bank Transfer,Low
ORD-01040,2024-11-17,2024-11-20,CUST-01040,Customer 1040,Corporate,P1004,Summit Patio Set,Technology,Storage,North,British Columbia,Vancouver,James Carter,3,663.04,0.024,1941.38,1234.33,698.65,0.3599,8.4,Credit Card,Medium
ORD-01041,2024-08-10,2024-08-12,CUST-01041,Customer 1041,Home Office,P1002,Echo Web Camera,Furniture,Video,West,California,San Francisco,Ethan Brooks,3,82.37,0.039,237.47,110.46,117.61,0.4953,9.4,Bank Transfer,High
ORD-01042,2025-09-23,2025-09-27,CUST-01042,Customer 1042,Corporate,P1007,Harbor Rug,Furniture,Desks,West,Washington,San Francisco,James Carter,3,24.66,0.049,70.35,33.19,27.76,0.3946,9.4,Debit Card,Critical
ORD-01043,2024-11-12,2024-11-19,CUST-01043,Customer 1043,Consumer,P1015,Summit Patio Set,Furniture,Textiles,South,Florida,Miami,Mia Rodriguez,2,68.02,0.007,135.09,64.16,63.33,0.4688,7.6,Debit Card,Medium
ORD-01044,2024-09-27,2024-10-03,CUST-01044,Customer 1044,Corporate,P1017,Trail Tote,Outdoor,Decor,Central,Illinois,Chicago,Noah Kim,1,526.92,0.033,509.53,347.54,155.19,0.3046,6.8,Credit Card,High
ORD-01045,2025-06-02,2025-06-07,CUST-01045,Customer 1045,Corporate,P1014,Halo Planter,Technology,Decor,North,Ontario,Montreal,Ethan Brooks,5,42.94,0.066,200.53,89.06,101.47,0.506,10,Credit Card,Critical
ORD-01046,2024-07-03,2024-07-08,CUST-01046,Customer 1046,Corporate,P1011,Nova Laptop Stand,Furniture,Lighting,East,New Jersey,New York,Ava Patel,3,88.36,0.016,260.84,131.53,119.91,0.4597,9.4,Bank Transfer,Medium
ORD-01047,2023-11-14,2023-11-19,CUST-01047,Customer 1047,Consumer,P1017,Orbit Wireless Mouse,Technology,Furniture,West,Oregon,San Francisco,Noah Kim,3,610.06,0.025,1784.43,1188.25,586.78,0.3288,9.4,PayPal,High
ORD-01048,2023-06-25,2023-06-28,CUST-01048,Customer 1048,Consumer,P1005,ProClip Binder,Outdoor,Storage,South,North Carolina,Atlanta,Ava Patel,1,12.89,0.027,12.54,9.7,-3.96,-0.3158,6.8,Credit Card,Medium
ORD-01049,2025-06-15,2025-06-17,CUST-01049,Customer 1049,Corporate,P1014,Summit Patio Set,Technology,Writing,East,Massachusetts,Boston,Olivia Martin,3,45.19,0.051,128.66,54.72,64.54,0.5016,9.4,PayPal,High
ORD-01050,2023-02-13,2023-02-15,CUST-01050,Customer 1050,Consumer,P1017,Echo Web Camera,Office Supplies,Flooring,West,Colorado,San Francisco,Noah Kim,6,601.06,0.039,3465.71,2295.6,1158.31,0.3342,11.8,Credit Card,Critical
ORD-01051,2025-12-09,2025-12-10,CUST-01051,Customer 1051,Corporate,P1020,Nova Laptop Stand,Furniture,Peripherals,Central,Kansas,St. Louis,Sophia Singh,2,80.91,0.046,154.38,77.07,69.71,0.4515,7.6,Bank Transfer,High
ORD-01052,2024-02-02,2024-02-07,CUST-01052,Customer 1052,Home Office,P1002,Lumen Desk Lamp,Home Decor,Lighting,East,Virginia,New York,Noah Kim,2,81.74,0.011,161.68,83.08,70,0.433,8.6,Cash on Delivery,Medium
ORD-01053,2025-09-19,2025-09-22,CUST-01053,Customer 1053,Home Office,P1007,Atlas Throw Pillow,Technology,Lighting,West,Washington,Seattle,Noah Kim,2,24.61,0.006,48.92,20.13,20.19,0.4127,8.6,Bank Transfer,Low
ORD-01054,2025-06-16,2025-06-20,CUST-01054,Customer 1054,Consumer,P1004,Atlas Throw Pillow,Office Supplies,Peripherals,West,Oregon,Seattle,Olivia Martin,4,669.47,0.016,2635.03,1666.78,958.05,0.3636,10.2,Bank Transfer,Medium
ORD-01055,2025-06-11,2025-06-14,CUST-01055,Customer 1055,Consumer,P1008,ErgoMesh Chair,Home Decor,Peripherals,Central,Kansas,Minneapolis,Liam Chen,3,35.07,0.024,102.68,46.9,47.38,0.4614,8.4,PayPal,High
ORD-01056,2024-09-12,2024-09-14,CUST-01056,Customer 1056,Corporate,P1001,Pulse Keyboard,Furniture,Textiles,West,Washington,Denver,Ethan Brooks,4,306.84,0.054,1161.08,680.48,470.4,0.4051,10.2,Credit Card,Critical
ORD-01057,2025-02-25,2025-03-04,CUST-01057,Customer 1057,Corporate,P1010,Nimbus Monitor Arm,Furniture,Storage,East,Virginia,Washington,James Carter,4,55.9,0.04500000000000001,213.54,91.89,111.45,0.5219,10.2,Bank Transfer,High
ORD-01058,2024-08-01,2024-08-08,CUST-01058,Customer 1058,Home Office,P1001,Lumen Desk Lamp,Furniture,Lighting,East,Massachusetts,Washington,Mia Rodriguez,4,299.25,0.017,1176.65,686.5,479.95,0.4079,10.2,Debit Card,High
ORD-01059,2024-10-02,2024-10-09,CUST-01059,Customer 1059,Corporate,P1001,Cove Wall Clock,Technology,Decor,North,Alberta,Vancouver,James Carter,2,329.36,0.026,641.59,377.85,256.14,0.3992,7.6,Bank Transfer,Low
ORD-01060,2024-11-16,2024-11-21,CUST-01060,Customer 1060,Consumer,P1004,ErgoMesh Chair,Technology,Furniture,West,Colorado,Seattle,Mia Rodriguez,1,706.25,0.019,692.83,444.65,240.38,0.347,7.8,PayPal,High
ORD-01061,2025-03-27,2025-03-28,CUST-01061,Customer 1061,Corporate,P1017,ProClip Binder,Outdoor,Furniture,East,Massachusetts,New York,Ethan Brooks,1,561.83,0.062,527,356.83,162.37,0.3081,7.8,Credit Card,High
ORD-01062,2025-12-02,2025-12-08,CUST-01062,Customer 1062,Corporate,P1005,SmartInk Pen Set,Technology,Peripherals,East,New York,Boston,Mia Rodriguez,3,13.1,0.013,38.79,24.46,4.93,0.1271,9.4,Credit Card,Medium
ORD-01063,2025-09-26,2025-09-29,CUST-01063,Customer 1063,Corporate,P1014,Lumen Desk Lamp,Office Supplies,Chairs,East,Virginia,Boston,James Carter,4,42.77,0.051,162.35,70.07,82.08,0.5056,10.2,PayPal,Critical
ORD-01064,2024-11-19,2024-11-20,CUST-01064,Customer 1064,Corporate,P1006,Lumen Desk Lamp,Office Supplies,Lighting,East,Massachusetts,New York,Ava Patel,4,19.62,0.025,76.52,30.42,35.9,0.4692,10.2,PayPal,Low
ORD-01065,2024-07-10,2024-07-17,CUST-01065,Customer 1065,Consumer,P1007,Halo Planter,Furniture,Chairs,Central,Illinois,Kansas City,Sophia Singh,2,23.93,0.003,47.72,21.91,18.21,0.3816,7.6,Bank Transfer,Medium
ORD-01066,2025-08-19,2025-08-21,CUST-01066,Customer 1066,Consumer,P1008,FlexNote Notebook,Furniture,Desks,South,Florida,Houston,James Carter,2,35.21,0.003,70.21,37.93,24.68,0.3515,7.6,Credit Card,Medium
ORD-01067,2023-12-10,2023-12-14,CUST-01067,Customer 1067,Consumer,P1018,Harbor Rug,Outdoor,Writing,Central,Minnesota,St. Louis,Ava Patel,5,95.6,0.054,452.19,202.47,239.72,0.5301,10,Bank Transfer,Critical
ORD-01068,2023-12-16,2023-12-19,CUST-01068,Customer 1068,Consumer,P1004,Northstar Lantern,Furniture,Bags,East,New Jersey,Washington,James Carter,3,670.04,0.015,1979.97,1256.06,714.51,0.3609,9.4,Debit Card,High
ORD-01069,2024-07-13,2024-07-19,CUST-01069,Customer 1069,Consumer,P1003,Northstar Lantern,Office Supplies,Chairs,West,Oregon,Los Angeles,James Carter,4,155.51,0.018,610.84,320.26,280.38,0.459,10.2,Debit Card,Medium
ORD-01070,2023-05-16,2023-05-18,CUST-01070,Customer 1070,Home Office,P1004,Halo Planter,Furniture,Peripherals,West,California,Denver,Liam Chen,1,616.27,0.037,593.47,378.08,207.59,0.3498,7.8,Debit Card,Critical
ORD-01071,2023-06-18,2023-06-23,CUST-01071,Customer 1071,Consumer,P1016,ErgoMesh Chair,Home Decor,Flooring,West,Colorado,San Francisco,Liam Chen,3,40.21,0.017,118.58,54.23,54.95,0.4634,9.4,Debit Card,Low
ORD-01072,2023-06-24,2023-06-27,CUST-01072,Customer 1072,Home Office,P1013,Nimbus Monitor Arm,Technology,Accessories,East,New Jersey,Boston,Ethan Brooks,1,176.77,0.029,171.64,104.28,59.56,0.347,7.8,Credit Card,Medium
ORD-01073,2023-05-08,2023-05-09,CUST-01073,Customer 1073,Consumer,P1011,Tide Cooler,Technology,Storage,South,Georgia,Atlanta,James Carter,3,88.78,0.016,262.08,125.77,127.91,0.4881,8.4,Credit Card,Medium
ORD-01074,2023-05-24,2023-05-31,CUST-01074,Customer 1074,Consumer,P1011,Summit Patio Set,Outdoor,Video,West,Colorado,Denver,Olivia Martin,3,89.83,0.012,266.26,127.27,129.59,0.4867,9.4,Credit Card,Low
ORD-01075,2025-11-18,2025-11-21,CUST-01075,Customer 1075,Consumer,P1005,CloudDrive File Box,Home Decor,Lighting,East,Virginia,Philadelphia,Noah Kim,3,13.81,0.073,38.41,17.57,11.44,0.2978,9.4,Bank Transfer,Critical
ORD-01076,2024-02-13,2024-02-15,CUST-01076,Customer 1076,Consumer,P1020,Pulse Keyboard,Furniture,Chairs,South,Georgia,Atlanta,Liam Chen,5,71.47,0.029,346.99,166.77,170.22,0.4906,10,PayPal,Medium
ORD-01077,2024-09-25,2024-09-27,CUST-01077,Customer 1077,Home Office,P1001,Trail Tote,Outdoor,Bags,East,Massachusetts,New York,Liam Chen,4,303.01,0.018,1190.22,698.3,481.72,0.4047,10.2,PayPal,Low
ORD-01078,2025-03-27,2025-04-03,CUST-01078,Customer 1078,Consumer,P1014,CloudDrive File Box,Outdoor,Decor,Central,Missouri,St. Louis,Sophia Singh,5,41.6,0.013,205.3,88.88,106.42,0.5184,10,Cash on Delivery,Medium
ORD-01079,2023-05-07,2023-05-08,CUST-01079,Customer 1079,Consumer,P1020,ProClip Binder,Office Supplies,Plants,Central,Illinois,Chicago,Liam Chen,1,72.72,0.001,72.65,39.71,26.14,0.3598,6.8,Debit Card,Medium
ORD-01080,2025-02-28,2025-03-06,CUST-01080,Customer 1080,Home Office,P1019,ProClip Binder,Home Decor,Desks,West,California,Los Angeles,Olivia Martin,3,56.51,0.026,165.12,75.9,79.82,0.4834,9.4,Bank Transfer,High
ORD-01081,2025-05-21,2025-05-23,CUST-01081,Customer 1081,Consumer,P1005,ProClip Binder,Home Decor,Bags,North,British Columbia,Vancouver,Noah Kim,3,12.43,0.03,36.17,18.78,8.99,0.2485,8.4,PayPal,Medium
ORD-01082,2023-10-23,2023-10-26,CUST-01082,Customer 1082,Consumer,P1020,Lumen Desk Lamp,Home Decor,Writing,West,Oregon,Los Angeles,Mia Rodriguez,1,80.35,0.028,78.1,39.88,30.42,0.3895,7.8,Cash on Delivery,Medium
ORD-01083,2024-12-24,2024-12-31,CUST-01083,Customer 1083,Consumer,P1006,Orbit Wireless Mouse,Outdoor,Chairs,North,Ontario,Vancouver,James Carter,4,19.85,0.053,75.19,29.3,36.69,0.488,9.2,PayPal,High
ORD-01084,2025-04-25,2025-05-01,CUST-01084,Customer 1084,Consumer,P1019,Orbit Wireless Mouse,Home Decor,Paper,North,Ontario,Toronto,Ava Patel,2,55.72,0.001,111.33,56.04,47.69,0.4284,7.6,Credit Card,Low
ORD-01085,2025-07-18,2025-07-19,CUST-01085,Customer 1085,Consumer,P1012,Nova Laptop Stand,Outdoor,Decor,Central,Missouri,Kansas City,Ava Patel,4,134.99,0.05,512.96,262.2,241.56,0.4709,9.2,Bank Transfer,High
ORD-01086,2024-07-06,2024-07-08,CUST-01086,Customer 1086,Consumer,P1014,Nimbus Monitor Arm,Furniture,Binders,East,New York,Boston,Olivia Martin,1,42.47,0.023,41.49,20.67,13.02,0.3138,7.8,Debit Card,Medium
ORD-01087,2024-11-09,2024-11-16,CUST-01087,Customer 1087,Home Office,P1017,Lumen Desk Lamp,Furniture,Writing,South,Georgia,Atlanta,Ava Patel,3,572.63,0.004,1711.02,1137.52,565.1,0.3303,8.4,Credit Card,Medium
ORD-01088,2023-10-06,2023-10-08,CUST-01088,Customer 1088,Home Office,P1007,Aero Standing Desk,Office Supplies,Video,Central,Minnesota,St. Louis,Noah Kim,3,26.35,0.024,77.15,29.77,38.98,0.5052,8.4,Credit Card,Medium
ORD-01089,2025-07-18,2025-07-21,CUST-01089,Customer 1089,Consumer,P1001,CloudDrive File Box,Outdoor,Writing,East,Massachusetts,New York,Sophia Singh,3,311.06,0.008,925.71,542.47,373.84,0.4038,9.4,Bank Transfer,Medium
ORD-01090,2023-09-17,2023-09-19,CUST-01090,Customer 1090,Consumer,P1017,Nova Laptop Stand,Office Supplies,Coolers,Central,Minnesota,St. Louis,James Carter,2,532.61,0.002,1063.09,708.18,347.31,0.3267,7.6,Debit Card,Medium
ORD-01091,2025-11-12,2025-11-19,CUST-01091,Customer 1091,Consumer,P1006,Lumen Desk Lamp,Outdoor,Textiles,Central,Minnesota,St. Louis,Noah Kim,3,19.61,0.022,57.54,22.44,26.7,0.464,8.4,Debit Card,Medium
ORD-01092,2024-01-03,2024-01-06,CUST-01092,Customer 1092,Corporate,P1004,Atlas Throw Pillow,Home Decor,Accessories,North,Ontario,Montreal,Olivia Martin,3,622.6,0.017,1836.05,1166.44,661.21,0.3601,8.4,Credit Card,Low
ORD-01093,2024-06-27,2024-07-02,CUST-01093,Customer 1093,Consumer,P1014,ProClip Binder,Home Decor,Writing,South,Texas,Miami,James Carter,2,42.1,0.012,83.19,42.33,33.26,0.3998,7.6,Credit Card,Medium
ORD-01094,2024-12-05,2024-12-12,CUST-01094,Customer 1094,Home Office,P1008,CloudDrive File Box,Home Decor,Decor,West,California,San Francisco,Ava Patel,5,41.24,0.042,197.54,82.62,103.92,0.5261,11,Bank Transfer,High
ORD-01095,2023-10-07,2023-10-13,CUST-01095,Customer 1095,Corporate,P1018,Nimbus Monitor Arm,Furniture,Lighting,South,Georgia,Dallas,Olivia Martin,5,92.08,0.028,447.51,202.51,235,0.5251,10,Debit Card,Medium
ORD-01096,2023-08-10,2023-08-13,CUST-01096,Customer 1096,Consumer,P1020,Pulse Keyboard,Outdoor,Flooring,Central,Illinois,Chicago,Noah Kim,2,77.79,0.013,153.56,73.27,72.69,0.4734,7.6,Debit Card,Low
ORD-01097,2023-08-10,2023-08-14,CUST-01097,Customer 1097,Corporate,P1013,Trail Tote,Home Decor,Writing,West,Oregon,Los Angeles,Noah Kim,4,170.7,0.085,624.76,354.08,260.48,0.4169,10.2,Credit Card,Critical
ORD-01098,2023-05-19,2023-05-21,CUST-01098,Customer 1098,Consumer,P1008,FlexNote Notebook,Furniture,Lighting,West,Oregon,Denver,Noah Kim,4,37.45,0.028,145.61,61.87,73.54,0.505,10.2,Credit Card,High
ORD-01099,2025-07-25,2025-07-30,CUST-01099,Customer 1099,Consumer,P1016,Echo Web Camera,Home Decor,Lighting,East,New Jersey,New York,Mia Rodriguez,4,39.06,0.072,144.99,56.9,77.89,0.5372,10.2,Credit Card,Critical
ORD-01100,2024-09-26,2024-10-02,CUST-01100,Customer 1100,Consumer,P1005,Pulse Keyboard,Furniture,Binders,West,Oregon,San Francisco,Noah Kim,1,12.97,0.016,12.76,8.75,-3.79,-0.297,7.8,Credit Card,Medium
ORD-01101,2023-06-28,2023-06-29,CUST-01101,Customer 1101,Consumer,P1003,FlexNote Notebook,Outdoor,Video,West,Oregon,San Francisco,Olivia Martin,2,167.01,0.023,326.34,171.42,146.32,0.4484,8.6,Credit Card,Low
ORD-01102,2025-10-04,2025-10-08,CUST-01102,Customer 1102,Corporate,P1013,Trail Tote,Furniture,Lighting,South,Georgia,Houston,Sophia Singh,1,175.46,0.019,172.13,107.41,57.92,0.3365,6.8,Credit Card,Medium
ORD-01103,2025-11-10,2025-11-11,CUST-01103,Customer 1103,Corporate,P1015,Trail Tote,Technology,Furniture,West,Colorado,San Francisco,Mia Rodriguez,2,78.72,0.028,153.03,74.88,69.55,0.4545,8.6,Bank Transfer,Medium
ORD-01104,2025-03-18,2025-03-25,CUST-01104,Customer 1104,Consumer,P1004,Nimbus Monitor Arm,Furniture,Video,East,Virginia,Boston,Ethan Brooks,3,584.64,0.04,1683.76,1066.9,607.46,0.3608,9.4,PayPal,High
ORD-01105,2025-07-03,2025-07-07,CUST-01105,Customer 1105,Home Office,P1003,Nova Laptop Stand,Home Decor,Bags,West,California,San Francisco,Ethan Brooks,5,167.99,0.051,797.11,414.51,371.6,0.4662,11,Bank Transfer,High
ORD-01106,2023-06-21,2023-06-26,CUST-01106,Customer 1106,Consumer,P1002,Tide Cooler,Home Decor,Accessories,Central,Kansas,Kansas City,James Carter,4,82.86,0.005,329.78,153.76,166.82,0.5059,9.2,Credit Card,Medium
ORD-01107,2024-10-03,2024-10-09,CUST-01107,Customer 1107,Consumer,P1004,Echo Web Camera,Home Decor,Decor,North,Alberta,Vancouver,Noah Kim,3,662.54,0.026,1935.94,1229.15,698.39,0.3607,8.4,Credit Card,Critical
ORD-01108,2025-04-05,2025-04-10,CUST-01108,Customer 1108,Consumer,P1006,Aero Standing Desk,Outdoor,Accessories,East,New York,Washington,Liam Chen,1,18.56,0.018,18.23,12,-1.57,-0.0861,7.8,PayPal,Low
ORD-01109,2025-09-16,2025-09-21,CUST-01109,Customer 1109,Corporate,P1004,SmartInk Pen Set,Home Decor,Accessories,West,Colorado,Denver,Ava Patel,2,645.95,0.042,1237.64,786.55,442.49,0.3575,8.6,Credit Card,Critical
ORD-01110,2023-11-20,2023-11-24,CUST-01110,Customer 1110,Home Office,P1017,Trail Tote,Office Supplies,Textiles,Central,Missouri,Minneapolis,Mia Rodriguez,1,613.06,0.049,583.02,391.33,184.89,0.3171,6.8,Credit Card,High
ORD-01111,2025-06-13,2025-06-16,CUST-01111,Customer 1111,Corporate,P1007,Pulse Keyboard,Home Decor,Binders,East,Virginia,Philadelphia,Liam Chen,3,25.23,0.011,74.86,29.54,35.92,0.4798,9.4,Bank Transfer,Medium
ORD-01112,2023-12-11,2023-12-17,CUST-01112,Customer 1112,Home Office,P1018,Lumen Desk Lamp,Technology,Storage,West,Colorado,Los Angeles,Olivia Martin,3,97.13,0.04899999999999999,277.11,128.83,138.88,0.5012,9.4,Bank Transfer,High
ORD-01113,2023-12-26,2023-12-27,CUST-01113,Customer 1113,Consumer,P1010,Echo Web Camera,Office Supplies,Flooring,South,Texas,Atlanta,Ava Patel,3,58.98,0.05,168.09,77.93,81.76,0.4864,8.4,Credit Card,High
ORD-01114,2024-02-13,2024-02-16,CUST-01114,Customer 1114,Consumer,P1017,Nova Laptop Stand,Technology,Storage,West,Oregon,Denver,Sophia Singh,2,568.01,0.013,1121.25,749.68,362.97,0.3237,8.6,Bank Transfer,Low
ORD-01115,2024-04-19,2024-04-22,CUST-01115,Customer 1115,Corporate,P1004,ProClip Binder,Furniture,Storage,West,Colorado,San Francisco,Liam Chen,5,644.19,0.02,3156.53,1994.47,1151.06,0.3647,11,Debit Card,Medium
ORD-01116,2024-12-28,2024-12-30,CUST-01116,Customer 1116,Corporate,P1019,SmartInk Pen Set,Technology,Writing,North,British Columbia,Vancouver,James Carter,3,61.6,0.039,177.59,79.38,89.81,0.5057,8.4,Debit Card,Medium
ORD-01117,2023-12-06,2023-12-13,CUST-01117,Customer 1117,Consumer,P1007,ProClip Binder,Office Supplies,Paper,East,Massachusetts,Washington,Sophia Singh,3,26.75,0.02,78.64,33,36.24,0.4608,9.4,Bank Transfer,Medium
ORD-01118,2025-02-24,2025-02-25,CUST-01118,Customer 1118,Home Office,P1013,Tide Cooler,Technology,Bags,East,New Jersey,New York,Sophia Singh,4,167.53,0.01,663.42,383.43,269.79,0.4067,10.2,PayPal,Low
ORD-01119,2023-01-13,2023-01-17,CUST-01119,Customer 1119,Consumer,P1003,Harbor Rug,Office Supplies,Chairs,East,Virginia,Boston,Olivia Martin,1,147.77,0.002,147.47,82.4,57.27,0.3884,7.8,Bank Transfer,Medium
ORD-01120,2023-03-28,2023-04-04,CUST-01120,Customer 1120,Consumer,P1008,Nova Laptop Stand,Office Supplies,Flooring,West,California,Los Angeles,Olivia Martin,2,37.97,0.021,74.35,32.73,33.02,0.4441,8.6,Bank Transfer,Medium
ORD-01121,2025-12-04,2025-12-06,CUST-01121,Customer 1121,Corporate,P1011,Northstar Lantern,Technology,Storage,West,Washington,Seattle,Liam Chen,3,100.59,0.049,286.98,138.83,138.75,0.4835,9.4,PayPal,High
ORD-01122,2025-03-25,2025-03-27,CUST-01122,Customer 1122,Corporate,P1016,Aero Standing Desk,Technology,Peripherals,East,New York,Philadelphia,Liam Chen,3,39.4,0.015,116.43,52.88,54.15,0.4651,9.4,Bank Transfer,Medium
ORD-01123,2025-07-22,2025-07-29,CUST-01123,Customer 1123,Consumer,P1020,Aero Standing Desk,Office Supplies,Bags,Central,Minnesota,St. Louis,Mia Rodriguez,3,75.27,0.016,222.2,109.47,104.33,0.4695,8.4,Bank Transfer,High
ORD-01124,2025-11-05,2025-11-10,CUST-01124,Customer 1124,Consumer,P1019,Harbor Rug,Office Supplies,Writing,Central,Kansas,Chicago,Sophia Singh,4,62.91,0.039,241.83,107.13,125.5,0.519,9.2,Debit Card,High
ORD-01125,2025-01-19,2025-01-23,CUST-01125,Customer 1125,Consumer,P1009,Pulse Keyboard,Technology,Lighting,West,California,San Francisco,James Carter,2,93.69,0.04099999999999999,179.7,94.37,76.73,0.427,8.6,Credit Card,High
ORD-01126,2024-08-05,2024-08-08,CUST-01126,Customer 1126,Corporate,P1010,Lumen Desk Lamp,Technology,Writing,West,Oregon,Seattle,James Carter,1,57.31,0.018,56.28,27.53,20.95,0.3722,7.8,Credit Card,Medium
ORD-01127,2023-05-21,2023-05-27,CUST-01127,Customer 1127,Corporate,P1006,ProClip Binder,Furniture,Textiles,East,New York,New York,Liam Chen,2,17.67,0.051,33.54,16.23,8.71,0.2597,8.6,Debit Card,High
ORD-01128,2024-11-14,2024-11-17,CUST-01128,Customer 1128,Corporate,P1003,Echo Web Camera,Outdoor,Video,West,Oregon,Seattle,Olivia Martin,5,161.95,0.027,787.89,412.85,364.04,0.462,11,PayPal,Low
ORD-01129,2024-05-28,2024-05-31,CUST-01129,Customer 1129,Consumer,P1020,CloudDrive File Box,Furniture,Peripherals,West,California,Denver,Sophia Singh,4,74.25,0.038,285.71,133.61,141.9,0.4967,10.2,Credit Card,Critical
ORD-01130,2023-10-28,2023-11-02,CUST-01130,Customer 1130,Home Office,P1008,FlexNote Notebook,Outdoor,Accessories,South,Florida,Dallas,Noah Kim,2,37.67,0.041,72.25,35.12,29.53,0.4087,7.6,Credit Card,Critical
ORD-01131,2025-09-04,2025-09-07,CUST-01131,Customer 1131,Home Office,P1006,Trail Tote,Outdoor,Writing,South,Texas,Houston,Noah Kim,2,18.07,0.02,35.42,19.6,8.22,0.2321,7.6,Credit Card,Medium
ORD-01132,2024-04-12,2024-04-13,CUST-01132,Customer 1132,Consumer,P1008,Nova Laptop Stand,Technology,Bags,North,Ontario,Calgary,Noah Kim,4,35.64,0.026,138.85,60.15,69.5,0.5005,9.2,Credit Card,Critical
ORD-01133,2023-01-06,2023-01-09,CUST-01133,Customer 1133,Consumer,P1014,Aero Standing Desk,Technology,Decor,Central,Illinois,Minneapolis,Sophia Singh,2,41.34,0.02,81.03,36.89,36.54,0.4509,7.6,Debit Card,High
ORD-01134,2023-06-19,2023-06-22,CUST-01134,Customer 1134,Consumer,P1008,Nova Laptop Stand,Home Decor,Desks,East,Massachusetts,Boston,Sophia Singh,3,38.88,0,116.64,50.58,56.66,0.4858,9.4,Credit Card,Low
ORD-01135,2025-05-10,2025-05-11,CUST-01135,Customer 1135,Consumer,P1011,Echo Web Camera,Outdoor,Accessories,Central,Illinois,Kansas City,Liam Chen,3,85.75,0.043,246.19,119.39,118.4,0.4809,8.4,Credit Card,High
ORD-01136,2023-11-01,2023-11-06,CUST-01136,Customer 1136,Home Office,P1010,Aero Standing Desk,Office Supplies,Accessories,East,Massachusetts,Philadelphia,Liam Chen,3,57.54,0.052,163.64,74.93,79.31,0.4847,9.4,Credit Card,Critical
ORD-01137,2025-11-23,2025-11-25,CUST-01137,Customer 1137,Corporate,P1010,Summit Patio Set,Technology,Paper,West,Oregon,Denver,Mia Rodriguez,3,63.1,0.02,185.51,87.58,88.53,0.4772,9.4,Cash on Delivery,Medium
ORD-01138,2024-07-23,2024-07-27,CUST-01138,Customer 1138,Home Office,P1011,Trail Tote,Furniture,Accessories,South,Florida,Atlanta,Olivia Martin,4,84.69,0.025,330.29,159.28,161.81,0.4899,9.2,Credit Card,Critical
ORD-01139,2024-09-28,2024-10-03,CUST-01139,Customer 1139,Consumer,P1001,Lumen Desk Lamp,Office Supplies,Chairs,West,Oregon,Los Angeles,Mia Rodriguez,1,293.02,0.019,287.45,175.03,104.62,0.364,7.8,Debit Card,Medium
ORD-01140,2024-08-16,2024-08-19,CUST-01140,Customer 1140,Corporate,P1015,Harbor Rug,Home Decor,Coolers,South,Texas,Miami,Mia Rodriguez,2,64.96,0.065,121.48,57.18,56.7,0.4667,7.6,PayPal,High
ORD-01141,2025-11-04,2025-11-06,CUST-01141,Customer 1141,Consumer,P1005,Halo Planter,Home Decor,Flooring,Central,Illinois,Kansas City,Olivia Martin,5,13.4,0.01,66.33,34.47,21.86,0.3296,10,Credit Card,Medium
ORD-01142,2024-06-09,2024-06-13,CUST-01142,Customer 1142,Consumer,P1014,CloudDrive File Box,Home Decor,Desks,Central,Illinois,Kansas City,Ethan Brooks,4,43.62,0.011,172.56,73.85,89.51,0.5187,9.2,Cash on Delivery,Medium
ORD-01143,2025-05-28,2025-06-01,CUST-01143,Customer 1143,Corporate,P1020,ProClip Binder,Furniture,Coolers,East,Virginia,Philadelphia,Ava Patel,1,72.83,0.029,70.72,39.15,23.77,0.3361,7.8,Credit Card,Medium
ORD-01144,2024-05-18,2024-05-22,CUST-01144,Customer 1144,Consumer,P1008,Nova Laptop Stand,Furniture,Accessories,South,North Carolina,Houston,Noah Kim,3,33.72,0.028,98.33,47.5,42.43,0.4315,8.4,Bank Transfer,Medium
ORD-01145,2023-08-17,2023-08-18,CUST-01145,Customer 1145,Corporate,P1017,Pulse Keyboard,Outdoor,Writing,North,Alberta,Toronto,Sophia Singh,1,586.21,0.015,577.42,392.58,178.04,0.3083,6.8,Debit Card,Medium
ORD-01146,2025-07-15,2025-07-16,CUST-01146,Customer 1146,Corporate,P1004,Echo Web Camera,Office Supplies,Plants,Central,Missouri,St. Louis,Ethan Brooks,3,605.77,0.011,1797.32,1139.26,649.66,0.3615,8.4,Debit Card,Medium
ORD-01147,2025-06-19,2025-06-21,CUST-01147,Customer 1147,Home Office,P1004,Lumen Desk Lamp,Outdoor,Flooring,South,North Carolina,Atlanta,James Carter,1,631.39,0.06,593.51,384.26,202.45,0.3411,6.8,Debit Card,Critical
ORD-01148,2025-02-07,2025-02-10,CUST-01148,Customer 1148,Consumer,P1018,Lumen Desk Lamp,Technology,Lighting,North,British Columbia,Montreal,Noah Kim,2,89.51,0.034,172.93,81.77,83.56,0.4832,7.6,Cash on Delivery,High
ORD-01149,2025-10-25,2025-11-01,CUST-01149,Customer 1149,Corporate,P1019,Pulse Keyboard,Office Supplies,Peripherals,East,New York,Philadelphia,Sophia Singh,3,61.36,0.012,181.87,77.01,95.46,0.5249,9.4,PayPal,Low
ORD-01150,2025-04-18,2025-04-20,CUST-01150,Customer 1150,Home Office,P1003,CloudDrive File Box,Office Supplies,Desks,East,Virginia,New York,James Carter,2,144.53,0.075,267.38,142.03,116.75,0.4366,8.6,Bank Transfer,Critical
ORD-01151,2025-04-06,2025-04-09,CUST-01151,Customer 1151,Home Office,P1009,ProClip Binder,Furniture,Coolers,Central,Kansas,Chicago,Ethan Brooks,3,91.62,0.006,273.21,139.1,125.71,0.4601,8.4,Credit Card,Medium
ORD-01152,2025-06-19,2025-06-24,CUST-01152,Customer 1152,Corporate,P1007,Tide Cooler,Office Supplies,Accessories,South,North Carolina,Dallas,James Carter,6,23.75,0.031,138.08,53.79,73.49,0.5322,10.8,Bank Transfer,High
ORD-01153,2025-04-21,2025-04-28,CUST-01153,Customer 1153,Corporate,P1002,Pulse Keyboard,Outdoor,Lighting,East,New York,Philadelphia,Ava Patel,2,82.51,0.034,159.41,77.1,73.71,0.4624,8.6,Credit Card,Medium
ORD-01154,2025-08-12,2025-08-16,CUST-01154,Customer 1154,Consumer,P1009,ProClip Binder,Office Supplies,Video,West,Colorado,Los Angeles,Sophia Singh,3,101.12,0.021,296.99,148.81,138.78,0.4673,9.4,Credit Card,Medium
ORD-01155,2024-06-25,2024-06-29,CUST-01155,Customer 1155,Corporate,P1006,Nova Laptop Stand,Furniture,Desks,East,New York,Philadelphia,Mia Rodriguez,3,19.98,0.018,58.86,25.54,23.92,0.4064,9.4,Credit Card,Low
ORD-01156,2025-07-03,2025-07-04,CUST-01156,Customer 1156,Corporate,P1006,Cove Wall Clock,Outdoor,Decor,South,Georgia,Dallas,Ethan Brooks,4,18.01,0.067,67.21,27.41,30.6,0.4553,9.2,Cash on Delivery,High
ORD-01157,2023-08-01,2023-08-08,CUST-01157,Customer 1157,Corporate,P1016,Northstar Lantern,Furniture,Textiles,East,New York,Washington,Noah Kim,2,42.29,0.036,81.54,34.68,38.26,0.4692,8.6,Debit Card,Medium
ORD-01158,2025-04-05,2025-04-10,CUST-01158,Customer 1158,Corporate,P1002,ProClip Binder,Home Decor,Desks,East,New Jersey,Philadelphia,Noah Kim,3,80.91,0.021,237.63,113.4,114.83,0.4832,9.4,Credit Card,Low
ORD-01159,2025-03-01,2025-03-07,CUST-01159,Customer 1159,Consumer,P1016,Trail Tote,Outdoor,Video,West,Oregon,Denver,Noah Kim,3,39.06,0.02,114.84,49.46,55.98,0.4875,9.4,Debit Card,Medium
ORD-01160,2023-11-08,2023-11-13,CUST-01160,Customer 1160,Consumer,P1003,Northstar Lantern,Technology,Lighting,East,New York,Washington,Ava Patel,6,171.78,0.027,1002.85,517.46,473.59,0.4722,11.8,Debit Card,Medium
ORD-01161,2025-06-07,2025-06-10,CUST-01161,Customer 1161,Corporate,P1016,Orbit Wireless Mouse,Outdoor,Lighting,West,Colorado,Seattle,Ethan Brooks,2,40.56,0.07300000000000001,75.2,35.12,31.48,0.4186,8.6,Credit Card,High
ORD-01162,2023-06-15,2023-06-20,CUST-01162,Customer 1162,Consumer,P1012,Cove Wall Clock,Office Supplies,Video,West,Colorado,Los Angeles,Noah Kim,6,139.36,0.013,825.29,408.66,404.83,0.4905,11.8,Credit Card,Low
ORD-01163,2024-01-11,2024-01-18,CUST-01163,Customer 1163,Consumer,P1003,FlexNote Notebook,Technology,Plants,South,Florida,Dallas,Liam Chen,4,148.12,0.028,575.89,299.18,267.51,0.4645,9.2,Credit Card,Critical
ORD-01164,2025-07-18,2025-07-25,CUST-01164,Customer 1164,Consumer,P1011,Echo Web Camera,Home Decor,Accessories,South,Georgia,Houston,James Carter,3,90.72,0.055,257.19,126.12,122.67,0.477,8.4,Cash on Delivery,High
ORD-01165,2023-08-14,2023-08-15,CUST-01165,Customer 1165,Consumer,P1011,Northstar Lantern,Office Supplies,Lighting,East,Virginia,Washington,Olivia Martin,2,89.21,0.016,175.57,90.49,76.48,0.4356,8.6,Bank Transfer,Medium
ORD-01166,2025-08-27,2025-08-30,CUST-01166,Customer 1166,Home Office,P1016,Lumen Desk Lamp,Home Decor,Plants,West,Oregon,San Francisco,Mia Rodriguez,3,41.11,0.012,121.85,55.35,57.1,0.4686,9.4,Credit Card,Low
ORD-01167,2025-10-09,2025-10-11,CUST-01167,Customer 1167,Corporate,P1005,Halo Planter,Home Decor,Bags,Central,Illinois,St. Louis,Mia Rodriguez,1,13.53,0.042,12.96,14.55,-8.39,-0.6474,6.8,Cash on Delivery,High
ORD-01168,2024-03-05,2024-03-08,CUST-01168,Customer 1168,Consumer,P1020,ProClip Binder,Outdoor,Writing,East,New York,Washington,Sophia Singh,5,75.91,0.008,376.51,181.16,184.35,0.4896,11,Bank Transfer,Low
ORD-01169,2023-04-23,2023-04-25,CUST-01169,Customer 1169,Consumer,P1008,CloudDrive File Box,Office Supplies,Desks,North,Ontario,Vancouver,James Carter,2,35.24,0.008,69.92,36.98,25.34,0.3624,7.6,Debit Card,Low
ORD-01173,2024-07-24,2024-07-30,CUST-01173,Customer 1173,Home Office,P1019,Pulse Keyboard,Outdoor,Paper,West,Oregon,Denver,Mia Rodriguez,4,63.23,0.013,249.63,106.23,133.2,0.5336,10.2,Debit Card,Medium
ORD-01174,2023-04-13,2023-04-15,CUST-01174,Customer 1174,Consumer,P1010,Nova Laptop Stand,Home Decor,Accessories,West,Colorado,San Francisco,Ethan Brooks,4,57.75,0.014,227.77,103.23,114.34,0.502,10.2,PayPal,Low
ORD-01175,2024-02-01,2024-02-02,CUST-01175,Customer 1175,Corporate,P1004,Summit Patio Set,Outdoor,Binders,West,Washington,Seattle,Ethan Brooks,1,609.01,0.039,585.26,373.23,204.23,0.349,7.8,Bank Transfer,High
ORD-01176,2024-05-03,2024-05-09,CUST-01176,Customer 1176,Home Office,P1010,Northstar Lantern,Technology,Video,North,Alberta,Vancouver,Liam Chen,6,52.12,0.047,298.02,130.45,156.77,0.526,10.8,Credit Card,High
ORD-01177,2025-03-22,2025-03-28,CUST-01177,Customer 1177,Home Office,P1014,Lumen Desk Lamp,Technology,Flooring,West,Washington,Seattle,James Carter,3,44.53,0.024,130.38,59.52,61.46,0.4714,9.4,Cash on Delivery,Medium
ORD-01178,2023-10-08,2023-10-14,CUST-01178,Customer 1178,Consumer,P1006,CloudDrive File Box,Furniture,Chairs,Central,Minnesota,St. Louis,Ava Patel,1,19.7,0.014,19.42,16.27,-3.65,-0.188,6.8,Credit Card,Medium
ORD-01180,2024-03-18,2024-03-20,CUST-01180,Customer 1180,Consumer,P1015,Nimbus Monitor Arm,Furniture,Textiles,Central,Kansas,Minneapolis,James Carter,1,69.42,0.02,68.03,38.09,23.14,0.3401,6.8,Credit Card,High
ORD-01181,2025-01-25,2025-01-28,CUST-01181,Customer 1181,Consumer,P1005,Orbit Wireless Mouse,Technology,Lighting,North,British Columbia,Vancouver,Ava Patel,2,12.96,0.007,25.74,17.61,0.53,0.0206,7.6,Debit Card,Medium
ORD-01182,2024-11-16,2024-11-20,CUST-01182,Customer 1182,Consumer,P1006,Lumen Desk Lamp,Technology,Accessories,West,Colorado,Denver,Liam Chen,3,19.39,0.027,56.6,27.42,19.78,0.3495,9.4,Cash on Delivery,Medium
ORD-01183,2024-03-20,2024-03-26,CUST-01183,Customer 1183,Home Office,P1019,SmartInk Pen Set,Office Supplies,Peripherals,South,North Carolina,Dallas,Ava Patel,2,52.87,0.022,103.41,51.96,43.85,0.424,7.6,Bank Transfer,High
ORD-01186,2025-08-02,2025-08-06,CUST-01186,Customer 1186,Corporate,P1014,FlexNote Notebook,Office Supplies,Plants,Central,Kansas,Kansas City,Liam Chen,3,41.97,0.015,124.02,53.25,62.37,0.5029,8.4,Credit Card,Low
ORD-01187,2025-05-17,2025-05-20,CUST-01187,Customer 1187,Home Office,P1011,Nova Laptop Stand,Office Supplies,Accessories,South,Georgia,Dallas,Sophia Singh,5,84.83,0.023,414.39,197.11,207.28,0.5002,10,Credit Card,Medium
ORD-01188,2023-02-10,2023-02-14,CUST-01188,Customer 1188,Corporate,P1014,Echo Web Camera,Furniture,Lighting,Central,Missouri,Chicago,James Carter,1,40.86,0.027,39.76,20.04,12.92,0.3249,6.8,Bank Transfer,High
ORD-01189,2024-04-07,2024-04-08,CUST-01189,Customer 1189,Consumer,P1005,Pulse Keyboard,Technology,Storage,West,Washington,San Francisco,Noah Kim,2,13.47,0.04,25.86,19.55,-2.29,-0.0886,8.6,Debit Card,High
ORD-01191,2023-06-10,2023-06-15,CUST-01191,Customer 1191,Consumer,P1012,Nimbus Monitor Arm,Office Supplies,Accessories,West,Oregon,San Francisco,Ethan Brooks,6,141.2,0.03,821.78,414.37,395.61,0.4814,11.8,Debit Card,High
ORD-01193,2024-05-20,2024-05-24,CUST-01193,Customer 1193,Corporate,P1010,ErgoMesh Chair,Home Decor,Furniture,West,Washington,San Francisco,Olivia Martin,1,59.52,0.019,58.39,31.62,18.97,0.3249,7.8,PayPal,Medium
ORD-01194,2024-01-27,2024-02-03,CUST-01194,Customer 1194,Corporate,P1013,ProClip Binder,Technology,Flooring,West,Colorado,Seattle,Ava Patel,2,165.16,0.019,324.04,185.65,129.79,0.4005,8.6,PayPal,Medium
ORD-01195,2023-07-09,2023-07-14,CUST-01195,Customer 1195,Consumer,P1015,Pulse Keyboard,Home Decor,Textiles,Central,Illinois,St. Louis,Liam Chen,2,69.66,0.008,138.21,69.88,60.73,0.4394,7.6,Credit Card,Low
ORD-01198,2025-08-09,2025-08-16,CUST-01198,Customer 1198,Home Office,P1004,Pulse Keyboard,Outdoor,Accessories,West,Washington,Los Angeles,Noah Kim,2,633.01,0.019,1241.97,787.82,445.55,0.3587,8.6,Debit Card,Medium
ORD-01199,2025-07-09,2025-07-12,CUST-01199,Customer 1199,Corporate,P1009,Echo Web Camera,Technology,Flooring,South,Georgia,Atlanta,Liam Chen,2,89.16,0.014,175.82,94.12,74.1,0.4215,7.6,Credit Card,Low
ORD-01202,2023-11-07,2023-11-08,CUST-01202,Customer 1202,Consumer,P1007,Nova Laptop Stand,Office Supplies,Furniture,West,California,Seattle,Liam Chen,5,27.1,0.04,130.08,46.88,72.2,0.555,11,Credit Card,High
ORD-01203,2023-05-11,2023-05-16,CUST-01203,Customer 1203,Corporate,P1015,Pulse Keyboard,Technology,Plants,West,Colorado,Denver,James Carter,6,73.86,0.027,431.19,186.88,232.51,0.5392,11.8,Debit Card,Medium
ORD-01204,2024-04-08,2024-04-10,CUST-01204,Customer 1204,Corporate,P1017,Tide Cooler,Furniture,Desks,South,Florida,Miami,Ethan Brooks,1,553.29,0.015,544.99,364.57,173.62,0.3186,6.8,Debit Card,Low
ORD-01206,2025-07-14,2025-07-17,CUST-01206,Customer 1206,Consumer,P1014,Halo Planter,Technology,Writing,West,California,Denver,James Carter,4,45.89,0.031,177.87,78.13,89.54,0.5034,10.2,Bank Transfer,Medium
ORD-01207,2025-10-02,2025-10-03,CUST-01207,Customer 1207,Consumer,P1009,Tide Cooler,Furniture,Peripherals,Central,Minnesota,St. Louis,Liam Chen,1,98.68,0.01,97.69,53.22,37.67,0.3856,6.8,Bank Transfer,Medium
ORD-01208,2024-07-10,2024-07-11,CUST-01208,Customer 1208,Home Office,P1016,CloudDrive File Box,Home Decor,Chairs,South,Florida,Atlanta,Sophia Singh,5,39.53,0.017,194.29,81.52,102.77,0.529,10,Bank Transfer,Medium
ORD-01209,2023-02-21,2023-02-25,CUST-01209,Customer 1209,Consumer,P1002,Aero Standing Desk,Home Decor,Desks,West,California,Denver,Liam Chen,5,85.91,0.015,423.11,195.36,216.75,0.5123,11,Debit Card,Medium
ORD-01210,2025-10-24,2025-10-25,CUST-01210,Customer 1210,Consumer,P1014,Harbor Rug,Technology,Peripherals,West,California,Seattle,Ava Patel,2,46.93,0.02,91.98,42.45,40.93,0.445,8.6,Bank Transfer,Medium
ORD-01211,2024-11-16,2024-11-21,CUST-01211,Customer 1211,Consumer,P1004,Halo Planter,Furniture,Plants,West,California,Los Angeles,Olivia Martin,4,654.16,0.028,2543.37,1612.57,920.6,0.362,10.2,Bank Transfer,Medium
ORD-01212,2024-05-16,2024-05-19,CUST-01212,Customer 1212,Consumer,P1003,CloudDrive File Box,Technology,Plants,West,Oregon,Denver,Noah Kim,3,154.88,0.026,452.56,235.56,207.6,0.4587,9.4,Debit Card,Medium
ORD-01213,2023-09-19,2023-09-24,CUST-01213,Customer 1213,Corporate,P1003,Atlas Throw Pillow,Outdoor,Accessories,West,Oregon,San Francisco,Mia Rodriguez,1,158.68,0.029,154.08,83.34,62.94,0.4085,7.8,Cash on Delivery,Medium
ORD-01214,2025-06-27,2025-07-04,CUST-01214,Customer 1214,Home Office,P1011,Pulse Keyboard,Office Supplies,Lighting,Central,Missouri,Chicago,James Carter,2,88.17,0.05,167.52,88.18,71.74,0.4282,7.6,Cash on Delivery,High
ORD-01215,2025-12-11,2025-12-16,CUST-01215,Customer 1215,Consumer,P1005,Harbor Rug,Technology,Bags,West,Oregon,Los Angeles,James Carter,2,13.9,0.01,27.52,18.84,0.08,0.0029,8.6,Credit Card,Medium
ORD-01216,2023-11-06,2023-11-12,CUST-01216,Customer 1216,Corporate,P1016,SmartInk Pen Set,Office Supplies,Decor,South,Texas,Miami,Liam Chen,4,41.95,0.016,165.12,69.61,86.31,0.5227,9.2,Cash on Delivery,Low
ORD-01217,2023-07-06,2023-07-08,CUST-01217,Customer 1217,Consumer,P1019,Tide Cooler,Home Decor,Accessories,Central,Missouri,Chicago,Noah Kim,4,56.18,0.002,224.27,95.91,119.16,0.5313,9.2,Credit Card,Low
ORD-01218,2025-10-07,2025-10-14,CUST-01218,Customer 1218,Home Office,P1009,CloudDrive File Box,Outdoor,Storage,West,Colorado,Seattle,Olivia Martin,1,95.89,0.023,93.68,52.64,33.24,0.3548,7.8,Cash on Delivery,Medium
ORD-01219,2025-11-16,2025-11-23,CUST-01219,Customer 1219,Consumer,P1011,Lumen Desk Lamp,Outdoor,Peripherals,Central,Illinois,Kansas City,James Carter,4,94.18,0.052,357.13,170.68,177.25,0.4963,9.2,Bank Transfer,High
ORD-01220,2023-07-13,2023-07-19,CUST-01220,Customer 1220,Consumer,P1012,Nimbus Monitor Arm,Furniture,Accessories,North,Ontario,Montreal,Sophia Singh,1,134.72,0.025,131.35,72.13,52.42,0.3991,6.8,Cash on Delivery,Medium
ORD-01221,2025-05-27,2025-06-02,CUST-01221,Customer 1221,Corporate,P1008,Orbit Wireless Mouse,Furniture,Plants,South,Georgia,Houston,Sophia Singh,4,35.72,0.01,141.45,60.84,71.41,0.5048,9.2,Debit Card,Medium
ORD-01222,2023-10-03,2023-10-07,CUST-01222,Customer 1222,Consumer,P1014,SmartInk Pen Set,Office Supplies,Accessories,West,Colorado,San Francisco,Liam Chen,4,45.31,0.031,175.62,75.94,89.48,0.5095,10.2,Credit Card,Critical
ORD-01223,2024-04-24,2024-04-29,CUST-01223,Customer 1223,Consumer,P1017,SmartInk Pen Set,Technology,Desks,Central,Minnesota,Chicago,Ethan Brooks,1,572.46,0.039,550.13,369.11,174.22,0.3167,6.8,Credit Card,High
ORD-01224,2025-06-24,2025-06-26,CUST-01224,Customer 1224,Corporate,P1020,Aero Standing Desk,Furniture,Video,South,Texas,Dallas,James Carter,2,72.08,0.06899999999999999,134.21,65.75,60.86,0.4535,7.6,Credit Card,Critical
ORD-01225,2024-11-09,2024-11-12,CUST-01225,Customer 1225,Corporate,P1015,CloudDrive File Box,Technology,Lighting,South,Florida,Dallas,Olivia Martin,2,72.27,0.031,140.06,70.64,61.82,0.4414,7.6,Credit Card,Medium
ORD-01226,2024-10-24,2024-10-27,CUST-01226,Customer 1226,Consumer,P1015,Northstar Lantern,Home Decor,Chairs,Central,Kansas,Minneapolis,Ethan Brooks,5,69.3,0.018,340.26,150.77,179.49,0.5275,10,Cash on Delivery,Medium
ORD-01227,2024-06-03,2024-06-05,CUST-01227,Customer 1227,Corporate,P1012,Echo Web Camera,Outdoor,Decor,South,Texas,Dallas,Liam Chen,2,134.02,0.032,259.46,135,116.86,0.4504,7.6,Credit Card,Critical
ORD-01228,2023-04-06,2023-04-13,CUST-01228,Customer 1228,Corporate,P1009,Orbit Wireless Mouse,Outdoor,Peripherals,South,Florida,Houston,Ethan Brooks,2,88.28,0.038,169.85,84.37,77.88,0.4585,7.6,PayPal,High
ORD-01230,2024-05-17,2024-05-22,CUST-01230,Customer 1230,Corporate,P1019,Echo Web Camera,Technology,Desks,South,Florida,Houston,Mia Rodriguez,2,55.48,0.016,109.18,54.33,47.25,0.4328,7.6,Credit Card,Medium
ORD-01231,2025-03-03,2025-03-07,CUST-01231,Customer 1231,Corporate,P1012,Trail Tote,Home Decor,Peripherals,North,Quebec,Vancouver,Ethan Brooks,3,131.36,0.02,386.2,201.1,176.7,0.4575,8.4,Credit Card,Medium
ORD-01232,2023-10-02,2023-10-06,CUST-01232,Customer 1232,Consumer,P1011,Aero Standing Desk,Furniture,Accessories,South,Texas,Dallas,James Carter,3,94.28,0.026,275.49,137.32,129.77,0.4711,8.4,Cash on Delivery,Medium
ORD-01233,2023-04-12,2023-04-18,CUST-01233,Customer 1233,Consumer,P1006,Northstar Lantern,Home Decor,Textiles,North,Ontario,Calgary,Liam Chen,4,17.73,0.009,70.28,27.52,33.56,0.4775,9.2,Bank Transfer,Medium
ORD-01234,2023-07-24,2023-07-27,CUST-01234,Customer 1234,Consumer,P1008,SmartInk Pen Set,Outdoor,Coolers,West,Colorado,San Francisco,Liam Chen,3,36.53,0.013,108.17,48.65,50.12,0.4633,9.4,PayPal,Medium
ORD-01240,2023-08-16,2023-08-21,CUST-01240,Customer 1240,Consumer,P1009,Aero Standing Desk,Office Supplies,Paper,South,Georgia,Atlanta,Liam Chen,4,90.57,0.004,360.83,177.92,173.71,0.4814,9.2,Credit Card,Low
ORD-01241,2025-08-24,2025-08-27,CUST-01241,Customer 1241,Corporate,P1006,Aero Standing Desk,Office Supplies,Storage,North,Ontario,Toronto,Mia Rodriguez,2,18.74,0.06999999999999999,34.86,21.59,5.67,0.1627,7.6,PayPal,High
ORD-01244,2025-01-22,2025-01-26,CUST-01244,Customer 1244,Consumer,P1003,Orbit Wireless Mouse,Outdoor,Coolers,North,Quebec,Calgary,James Carter,1,153.35,0.014,151.2,89.08,55.32,0.3659,6.8,Credit Card,Medium
ORD-01245,2025-07-23,2025-07-25,CUST-01245,Customer 1245,Home Office,P1003,Aero Standing Desk,Office Supplies,Plants,Central,Minnesota,Kansas City,Ava Patel,4,151.28,0.01,599.07,315.25,274.62,0.4584,9.2,Debit Card,Medium
ORD-01246,2024-07-24,2024-07-29,CUST-01246,Customer 1246,Home Office,P1012,SmartInk Pen Set,Office Supplies,Chairs,Central,Kansas,Kansas City,James Carter,4,136.42,0.021,534.22,273.01,252.01,0.4717,9.2,Debit Card,Medium
ORD-01248,2023-02-21,2023-02-25,CUST-01248,Customer 1248,Home Office,P1016,Harbor Rug,Technology,Lighting,South,Georgia,Houston,Ava Patel,3,38.85,0.019,114.34,52.38,53.56,0.4684,8.4,PayPal,Medium
ORD-01250,2024-02-19,2024-02-23,CUST-01250,Customer 1250,Home Office,P1008,Aero Standing Desk,Furniture,Storage,South,North Carolina,Dallas,Noah Kim,1,33.18,0.068,30.92,22.65,1.47,0.0475,6.8,Debit Card,Critical
ORD-01252,2024-04-24,2024-04-26,CUST-01252,Customer 1252,Home Office,P1014,Summit Patio Set,Office Supplies,Paper,South,Texas,Dallas,Sophia Singh,4,42.21,0.028,164.11,68.09,86.82,0.529,9.2,PayPal,Medium
ORD-01254,2023-03-26,2023-03-30,CUST-01254,Customer 1254,Corporate,P1019,Lumen Desk Lamp,Home Decor,Peripherals,North,British Columbia,Vancouver,Mia Rodriguez,3,57.38,0.018,169.04,74.62,86.02,0.5089,8.4,Bank Transfer,Medium
ORD-01257,2023-04-18,2023-04-25,CUST-01257,Customer 1257,Consumer,P1009,Tide Cooler,Furniture,Furniture,Central,Missouri,St. Louis,Ava Patel,3,92.76,0.044,266.04,132.79,124.85,0.4693,8.4,Bank Transfer,Critical
ORD-01258,2024-05-03,2024-05-07,CUST-01258,Customer 1258,Home Office,P1003,Halo Planter,Technology,Peripherals,Central,Missouri,Minneapolis,Noah Kim,4,142.42,0.02,558.29,293.07,256.02,0.4586,9.2,Credit Card,Medium
ORD-01264,2024-12-19,2024-12-23,CUST-01264,Customer 1264,Home Office,P1009,Aero Standing Desk,Furniture,Peripherals,Central,Missouri,St. Louis,Noah Kim,4,96.2,0.002,384.03,189.7,185.13,0.4821,9.2,Debit Card,Medium
ORD-01265,2023-03-11,2023-03-14,CUST-01265,Customer 1265,Corporate,P1018,Cove Wall Clock,Outdoor,Video,South,Texas,Miami,Ethan Brooks,3,88.16,0.02,259.19,120.71,130.08,0.5019,8.4,Bank Transfer,Medium
ORD-01266,2023-11-27,2023-12-03,CUST-01266,Customer 1266,Consumer,P1014,Summit Patio Set,Home Decor,Peripherals,North,British Columbia,Vancouver,James Carter,5,46.58,0.08,214.27,92.44,111.83,0.5219,10,Cash on Delivery,Critical
ORD-01269,2024-06-20,2024-06-21,CUST-01269,Customer 1269,Consumer,P1004,Tide Cooler,Technology,Chairs,Central,Minnesota,Minneapolis,Mia Rodriguez,5,606.52,0.024,2959.82,1875.02,1074.8,0.3631,10,Debit Card,Medium
ORD-01275,2024-12-04,2024-12-11,CUST-01275,Customer 1275,Consumer,P1017,Summit Patio Set,Technology,Decor,South,Georgia,Atlanta,Liam Chen,3,571.93,0.001,1714.07,1136.61,569.06,0.332,8.4,Credit Card,Low
ORD-01278,2025-04-08,2025-04-09,CUST-01278,Customer 1278,Corporate,P1009,Cove Wall Clock,Technology,Video,North,Alberta,Toronto,James Carter,1,90.09,0.012,89.01,52.07,30.14,0.3386,6.8,Cash on Delivery,Low
ORD-01280,2024-05-17,2024-05-18,CUST-01280,Customer 1280,Corporate,P1015,Halo Planter,Office Supplies,Lighting,Central,Illinois,St. Louis,Liam Chen,1,66.88,0.028,65.01,33.1,25.11,0.3862,6.8,Bank Transfer,Medium
ORD-01281,2024-03-02,2024-03-05,CUST-01281,Customer 1281,Home Office,P1020,Northstar Lantern,Outdoor,Desks,South,Texas,Atlanta,Olivia Martin,3,70.46,0.012,208.84,101.76,98.68,0.4725,8.4,PayPal,Low
ORD-01283,2024-05-16,2024-05-19,CUST-01283,Customer 1283,Corporate,P1012,Trail Tote,Furniture,Decor,Central,Kansas,Chicago,Ava Patel,2,131.25,0.04,252,133.13,111.27,0.4415,7.6,Cash on Delivery,Medium
ORD-01284,2023-09-10,2023-09-16,CUST-01284,Customer 1284,Consumer,P1018,Trail Tote,Furniture,Storage,South,Georgia,Atlanta,Olivia Martin,4,88.3,0.018,346.84,158.79,178.85,0.5157,9.2,PayPal,Medium
ORD-01285,2024-08-02,2024-08-06,CUST-01285,Customer 1285,Corporate,P1007,Atlas Throw Pillow,Office Supplies,Desks,South,Florida,Dallas,James Carter,4,25.28,0.026,98.49,39.54,49.75,0.5051,9.2,Credit Card,High
ORD-01288,2024-10-19,2024-10-23,CUST-01288,Customer 1288,Home Office,P1006,CloudDrive File Box,Home Decor,Coolers,Central,Illinois,Chicago,Sophia Singh,3,18.47,0.028,53.86,21.77,23.69,0.4398,8.4,Credit Card,Medium
ORD-01289,2023-02-25,2023-03-03,CUST-01289,Customer 1289,Consumer,P1006,Cove Wall Clock,Outdoor,Video,Central,Kansas,Kansas City,James Carter,1,18.1,0.007,17.97,16.89,-5.72,-0.3183,6.8,PayPal,Medium
ORD-01290,2023-09-25,2023-09-27,CUST-01290,Customer 1290,Consumer,P1006,Tide Cooler,Furniture,Coolers,Central,Missouri,Minneapolis,Ethan Brooks,1,17.7,0.029,17.19,16.92,-6.53,-0.3799,6.8,Cash on Delivery,Medium
ORD-01293,2024-03-09,2024-03-14,CUST-01293,Customer 1293,Consumer,P1009,ProClip Binder,Home Decor,Coolers,North,Alberta,Toronto,James Carter,1,93.22,0.007,92.57,55.12,30.65,0.3311,6.8,Credit Card,Low
ORD-01296,2023-06-20,2023-06-26,CUST-01296,Customer 1296,Consumer,P1016,Northstar Lantern,Technology,Accessories,Central,Missouri,Chicago,Sophia Singh,4,39.19,0.059,147.51,60.28,78.03,0.529,9.2,Bank Transfer,High
ORD-01305,2025-10-02,2025-10-03,CUST-01305,Customer 1305,Home Office,P1003,Cove Wall Clock,Furniture,Accessories,North,British Columbia,Vancouver,Mia Rodriguez,3,165.48,0.015,488.99,255.69,224.9,0.4599,8.4,Debit Card,Low
ORD-01306,2025-11-14,2025-11-16,CUST-01306,Customer 1306,Consumer,P1002,ErgoMesh Chair,Office Supplies,Plants,Central,Minnesota,St. Louis,Ava Patel,2,84,0.059,158.09,80.35,70.14,0.4437,7.6,Debit Card,High
ORD-01307,2025-06-08,2025-06-10,CUST-01307,Customer 1307,Consumer,P1018,Summit Patio Set,Outdoor,Textiles,Central,Missouri,Kansas City,Sophia Singh,2,91.65,0.03,177.8,82.63,87.57,0.4925,7.6,Credit Card,Medium
ORD-01308,2025-10-23,2025-10-26,CUST-01308,Customer 1308,Corporate,P1014,Atlas Throw Pillow,Furniture,Accessories,Central,Missouri,Kansas City,Olivia Martin,4,47.36,0.043,181.29,76.68,95.41,0.5263,9.2,Credit Card,High
ORD-01309,2024-01-27,2024-02-02,CUST-01309,Customer 1309,Consumer,P1005,FlexNote Notebook,Technology,Paper,South,North Carolina,Dallas,Liam Chen,4,11.73,0.004,46.73,22.58,14.95,0.3199,9.2,PayPal,Low
ORD-01313,2024-11-15,2024-11-22,CUST-01313,Customer 1313,Consumer,P1008,Lumen Desk Lamp,Furniture,Lighting,North,Quebec,Calgary,Olivia Martin,1,39.33,0.004,39.17,26.64,5.73,0.1463,6.8,Bank Transfer,Medium
ORD-01314,2025-05-05,2025-05-06,CUST-01314,Customer 1314,Consumer,P1007,Cove Wall Clock,Furniture,Decor,South,North Carolina,Miami,Ethan Brooks,4,24.35,0.019,95.55,40.09,46.26,0.4841,9.2,Cash on Delivery,Medium
ORD-01315,2024-09-22,2024-09-29,CUST-01315,Customer 1315,Corporate,P1007,Northstar Lantern,Technology,Plants,North,Ontario,Toronto,Ava Patel,1,23.52,0.038,22.63,17.31,-1.48,-0.0654,6.8,PayPal,Medium
ORD-01317,2024-08-18,2024-08-25,CUST-01317,Customer 1317,Consumer,P1007,Harbor Rug,Office Supplies,Desks,South,Texas,Miami,Sophia Singh,4,25.05,0.007,99.5,39.24,51.06,0.5132,9.2,Credit Card,Medium
ORD-01318,2025-06-02,2025-06-08,CUST-01318,Customer 1318,Home Office,P1012,ProClip Binder,Furniture,Furniture,Central,Illinois,Chicago,Olivia Martin,2,136.32,0.021,266.91,138.81,120.5,0.4515,7.6,PayPal,Medium
ORD-01320,2023-05-14,2023-05-15,CUST-01320,Customer 1320,Home Office,P1007,Trail Tote,Office Supplies,Writing,South,Georgia,Dallas,Sophia Singh,2,22.4,0.023,43.77,19.11,17.06,0.3898,7.6,Debit Card,High
ORD-01323,2025-03-15,2025-03-20,CUST-01323,Customer 1323,Consumer,P1013,Nimbus Monitor Arm,Furniture,Textiles,Central,Missouri,Minneapolis,Noah Kim,3,158.21,0.044,453.75,259.81,185.54,0.4089,8.4,Bank Transfer,Critical
ORD-01325,2025-11-15,2025-11-17,CUST-01325,Customer 1325,Home Office,P1001,Atlas Throw Pillow,Outdoor,Furniture,North,Quebec,Vancouver,Sophia Singh,3,312.15,0.005,931.77,550.53,372.84,0.4001,8.4,Credit Card,Low
ORD-01329,2025-06-09,2025-06-16,CUST-01329,Customer 1329,Corporate,P1015,Nimbus Monitor Arm,Outdoor,Paper,Central,Missouri,Kansas City,James Carter,4,70.33,0.032,272.32,124.26,138.86,0.5099,9.2,Bank Transfer,High
ORD-01330,2024-04-20,2024-04-23,CUST-01330,Customer 1330,Consumer,P1019,Tide Cooler,Outdoor,Bags,Central,Minnesota,St. Louis,Sophia Singh,1,54.85,0.031,53.15,26.2,20.15,0.3791,6.8,Bank Transfer,High
ORD-01332,2025-06-26,2025-07-02,CUST-01332,Customer 1332,Consumer,P1017,FlexNote Notebook,Office Supplies,Peripherals,Central,Kansas,Minneapolis,Olivia Martin,3,591.35,0.012,1752.76,1163.18,581.18,0.3316,8.4,Bank Transfer,Medium
ORD-01335,2025-12-17,2025-12-19,CUST-01335,Customer 1335,Consumer,P1017,CloudDrive File Box,Office Supplies,Storage,Central,Kansas,Kansas City,James Carter,4,600.7,0.016,2364.36,1565.27,789.89,0.3341,9.2,Credit Card,Medium
ORD-01336,2025-01-25,2025-01-26,CUST-01336,Customer 1336,Consumer,P1020,Orbit Wireless Mouse,Technology,Bags,Central,Kansas,Kansas City,Liam Chen,2,75.53,0.013,149.1,74,67.5,0.4527,7.6,PayPal,Low
ORD-01339,2023-12-11,2023-12-18,CUST-01339,Customer 1339,Corporate,P1013,Lumen Desk Lamp,Technology,Paper,Central,Minnesota,St. Louis,Mia Rodriguez,1,164.71,0.075,152.36,90.78,54.78,0.3595,6.8,Credit Card,Critical
ORD-01341,2023-08-08,2023-08-14,CUST-01341,Customer 1341,Consumer,P1019,Tide Cooler,Home Decor,Paper,Central,Illinois,Chicago,Ava Patel,1,61.06,0.014,60.21,32.78,20.63,0.3426,6.8,Cash on Delivery,Medium
ORD-01342,2024-11-03,2024-11-05,CUST-01342,Customer 1342,Corporate,P1011,Aero Standing Desk,Technology,Peripherals,South,Texas,Dallas,Mia Rodriguez,2,89.98,0.019,176.54,87,81.94,0.4641,7.6,Credit Card,Medium
ORD-01343,2025-04-19,2025-04-24,CUST-01343,Customer 1343,Consumer,P1008,Nimbus Monitor Arm,Outdoor,Binders,South,Texas,Atlanta,Mia Rodriguez,1,34.24,0.026,33.35,21.83,4.72,0.1415,6.8,Credit Card,Medium
ORD-01344,2025-11-14,2025-11-15,CUST-01344,Customer 1344,Consumer,P1017,Summit Patio Set,Furniture,Writing,South,Texas,Dallas,Liam Chen,6,580.35,0.038,3349.78,2215.41,1123.57,0.3354,10.8,Debit Card,High
ORD-01345,2025-01-09,2025-01-10,CUST-01345,Customer 1345,Corporate,P1004,Summit Patio Set,Outdoor,Accessories,South,North Carolina,Miami,Liam Chen,4,606.46,0.04,2328.81,1477.41,842.2,0.3616,9.2,Credit Card,Medium
ORD-01348,2024-09-25,2024-09-27,CUST-01348,Customer 1348,Consumer,P1017,Harbor Rug,Technology,Lighting,South,Florida,Atlanta,Sophia Singh,3,519.03,0.008,1544.63,1025.1,511.13,0.3309,8.4,PayPal,Low
ORD-01350,2023-01-04,2023-01-10,CUST-01350,Customer 1350,Corporate,P1009,ErgoMesh Chair,Outdoor,Binders,South,Texas,Atlanta,Noah Kim,4,88.12,0.018,346.14,169.88,167.06,0.4826,9.2,Credit Card,Medium
ORD-01355,2024-07-22,2024-07-26,CUST-01355,Customer 1355,Home Office,P1009,Halo Planter,Furniture,Desks,North,Alberta,Calgary,Mia Rodriguez,2,95.26,0.02,186.71,97.88,81.23,0.4351,7.6,Bank Transfer,Medium
ORD-01356,2025-03-17,2025-03-18,CUST-01356,Customer 1356,Consumer,P1002,Lumen Desk Lamp,Technology,Video,Central,Illinois,Kansas City,James Carter,6,77.09,0.012,456.99,206.82,239.37,0.5238,10.8,Debit Card,Low
ORD-01358,2024-02-24,2024-03-01,CUST-01358,Customer 1358,Consumer,P1016,SmartInk Pen Set,Outdoor,Accessories,South,Texas,Houston,James Carter,4,38.05,0.001,152.05,61.66,81.19,0.534,9.2,Bank Transfer,Low
ORD-01359,2023-08-17,2023-08-19,CUST-01359,Customer 1359,Corporate,P1007,CloudDrive File Box,Office Supplies,Peripherals,South,Texas,Dallas,Noah Kim,1,25.31,0.023,24.73,16.08,1.85,0.0748,6.8,Debit Card,Medium
ORD-01360,2024-09-16,2024-09-22,CUST-01360,Customer 1360,Consumer,P1001,ErgoMesh Chair,Home Decor,Lighting,Central,Missouri,Kansas City,Noah Kim,3,287.7,0.034,833.75,487.74,337.61,0.4049,8.4,Credit Card,Critical
ORD-01361,2025-07-20,2025-07-26,CUST-01361,Customer 1361,Consumer,P1007,ErgoMesh Chair,Home Decor,Accessories,Central,Kansas,Chicago,Sophia Singh,3,23.85,0.022,69.98,32.55,29.03,0.4148,8.4,Debit Card,High
ORD-01370,2023-06-05,2023-06-08,CUST-01370,Customer 1370,Consumer,P1001,Nova Laptop Stand,Technology,Peripherals,North,British Columbia,Vancouver,Mia Rodriguez,4,292.85,0.021,1146.8,669.89,467.71,0.4078,9.2,Cash on Delivery,Medium
ORD-01375,2023-12-15,2023-12-19,CUST-01375,Customer 1375,Consumer,P1010,Cove Wall Clock,Home Decor,Paper,North,Ontario,Calgary,Olivia Martin,4,57.98,0.033,224.27,98.85,116.22,0.5182,9.2,Bank Transfer,High
ORD-01377,2024-02-01,2024-02-03,CUST-01377,Customer 1377,Corporate,P1004,Aero Standing Desk,Office Supplies,Bags,South,Texas,Miami,James Carter,2,574.48,0.029,1115.64,710.42,397.62,0.3564,7.6,Credit Card,Low
ORD-01378,2024-05-25,2024-05-28,CUST-01378,Customer 1378,Consumer,P1015,Nova Laptop Stand,Technology,Plants,South,North Carolina,Atlanta,Ava Patel,3,67.89,0.015,200.61,95.62,96.59,0.4815,8.4,Cash on Delivery,Low
ORD-01379,2024-06-24,2024-06-27,CUST-01379,Customer 1379,Corporate,P1020,Lumen Desk Lamp,Office Supplies,Furniture,South,Florida,Miami,Olivia Martin,1,72.26,0.035,69.73,40.86,22.07,0.3165,6.8,Credit Card,High
ORD-01381,2023-08-09,2023-08-13,CUST-01381,Customer 1381,Consumer,P1020,Tide Cooler,Furniture,Flooring,South,North Carolina,Atlanta,Noah Kim,2,74.63,0.006,148.36,73.04,67.72,0.4565,7.6,PayPal,Low
ORD-01382,2024-07-03,2024-07-10,CUST-01382,Customer 1382,Consumer,P1020,SmartInk Pen Set,Outdoor,Bags,Central,Illinois,Minneapolis,Ava Patel,5,74.93,0.028,364.16,175.46,178.7,0.4907,10,PayPal,Medium
ORD-01383,2025-01-26,2025-01-31,CUST-01383,Customer 1383,Consumer,P1016,Cove Wall Clock,Home Decor,Textiles,North,Alberta,Toronto,Noah Kim,3,39.79,0.035,115.19,49.4,57.39,0.4982,8.4,Debit Card,High
ORD-01384,2023-05-04,2023-05-06,CUST-01384,Customer 1384,Home Office,P1002,Halo Planter,Home Decor,Plants,South,Georgia,Dallas,Ava Patel,5,79.32,0.019,389.06,178.12,200.94,0.5165,10,Bank Transfer,Medium
ORD-01387,2025-10-22,2025-10-23,CUST-01387,Customer 1387,Consumer,P1013,CloudDrive File Box,Technology,Coolers,Central,Kansas,Kansas City,Mia Rodriguez,4,173.5,0.016,682.9,387.54,286.16,0.419,9.2,Credit Card,Medium
ORD-01388,2023-10-14,2023-10-19,CUST-01388,Customer 1388,Consumer,P1020,FlexNote Notebook,Outdoor,Flooring,South,Texas,Atlanta,Ethan Brooks,5,77.66,0.011,384.03,179.59,194.44,0.5063,10,PayPal,Medium
ORD-01391,2023-05-16,2023-05-21,CUST-01391,Customer 1391,Corporate,P1005,ErgoMesh Chair,Furniture,Plants,North,Alberta,Montreal,James Carter,3,12.36,0.025,36.15,23.45,4.3,0.1189,8.4,Credit Card,Low
ORD-01392,2023-11-16,2023-11-19,CUST-01392,Customer 1392,Home Office,P1006,FlexNote Notebook,Home Decor,Writing,Central,Illinois,Minneapolis,Mia Rodriguez,1,19.07,0.016,18.76,15.23,-3.27,-0.1743,6.8,Cash on Delivery,High
ORD-01395,2024-01-07,2024-01-11,CUST-01395,Customer 1395,Consumer,P1003,Halo Planter,Furniture,Binders,Central,Missouri,Chicago,Noah Kim,1,141.85,0.001,141.71,77.37,57.54,0.406,6.8,Debit Card,Medium
ORD-01396,2025-03-25,2025-03-27,CUST-01396,Customer 1396,Home Office,P1013,Nimbus Monitor Arm,Home Decor,Accessories,South,Texas,Dallas,James Carter,3,163.44,0.035,473.16,272.63,192.13,0.4061,8.4,Debit Card,Critical
ORD-01401,2023-06-07,2023-06-11,CUST-01401,Customer 1401,Consumer,P1013,Orbit Wireless Mouse,Office Supplies,Textiles,South,Georgia,Miami,Noah Kim,4,161.01,0.015,634.38,364.89,260.29,0.4103,9.2,Credit Card,Medium
ORD-01402,2023-12-27,2024-01-01,CUST-01402,Customer 1402,Consumer,P1010,Trail Tote,Office Supplies,Desks,Central,Kansas,St. Louis,Ethan Brooks,3,56.16,0.014,166.12,79.99,77.73,0.4679,8.4,Bank Transfer,Medium
ORD-01403,2023-11-24,2023-11-27,CUST-01403,Customer 1403,Consumer,P1019,Cove Wall Clock,Outdoor,Bags,South,Georgia,Miami,Sophia Singh,3,61.34,0.054,174.08,74.2,91.48,0.5255,8.4,PayPal,High
ORD-01404,2025-10-16,2025-10-22,CUST-01404,Customer 1404,Consumer,P1019,Cove Wall Clock,Technology,Textiles,South,North Carolina,Miami,Ava Patel,1,62.01,0.017,60.96,29.89,24.27,0.3981,6.8,Debit Card,High
ORD-01405,2025-09-26,2025-09-29,CUST-01405,Customer 1405,Corporate,P1017,Harbor Rug,Technology,Writing,South,Texas,Atlanta,Mia Rodriguez,3,518.28,0.063,1456.89,971.65,476.84,0.3273,8.4,PayPal,High
ORD-01409,2024-08-08,2024-08-11,CUST-01409,Customer 1409,Consumer,P1015,Orbit Wireless Mouse,Furniture,Peripherals,Central,Missouri,St. Louis,Noah Kim,5,71.7,0.026,349.18,158.01,181.17,0.5188,10,PayPal,Medium
ORD-01413,2023-11-26,2023-11-28,CUST-01413,Customer 1413,Consumer,P1005,Aero Standing Desk,Technology,Accessories,North,Ontario,Vancouver,James Carter,4,14.27,0.007,56.68,30.18,17.3,0.3052,9.2,Credit Card,Medium
ORD-01414,2023-04-27,2023-05-04,CUST-01414,Customer 1414,Corporate,P1001,CloudDrive File Box,Furniture,Lighting,Central,Minnesota,Kansas City,Liam Chen,1,283.4,0.061,266.11,163.22,96.09,0.3611,6.8,Bank Transfer,Critical
ORD-01415,2024-02-25,2024-03-02,CUST-01415,Customer 1415,Consumer,P1015,Summit Patio Set,Office Supplies,Coolers,Central,Kansas,St. Louis,Sophia Singh,6,67.3,0.02,395.72,172.77,212.15,0.5361,10.8,Debit Card,Medium
ORD-01419,2024-07-02,2024-07-05,CUST-01419,Customer 1419,Consumer,P1013,Aero Standing Desk,Home Decor,Textiles,Central,Missouri,Kansas City,James Carter,2,157.38,0.017,309.41,182.91,118.9,0.3843,7.6,Credit Card,Low
ORD-01421,2024-07-17,2024-07-23,CUST-01421,Customer 1421,Home Office,P1016,Atlas Throw Pillow,Furniture,Peripherals,Central,Missouri,Kansas City,Liam Chen,5,39.88,0.007,198,81.11,106.89,0.5398,10,Cash on Delivery,Medium
ORD-01422,2024-01-05,2024-01-11,CUST-01422,Customer 1422,Consumer,P1019,Northstar Lantern,Outdoor,Writing,South,Florida,Dallas,Olivia Martin,5,54.37,0.024,265.33,113.01,142.32,0.5364,10,Debit Card,High
ORD-01423,2023-09-20,2023-09-21,CUST-01423,Customer 1423,Home Office,P1012,Northstar Lantern,Outdoor,Bags,Central,Minnesota,Minneapolis,Ethan Brooks,5,127.21,0,636.05,318.39,307.66,0.4837,10,Cash on Delivery,Medium
ORD-01425,2025-03-10,2025-03-15,CUST-01425,Customer 1425,Consumer,P1002,SmartInk Pen Set,Office Supplies,Peripherals,North,Quebec,Toronto,Olivia Martin,1,80.41,0.029,78.08,43.74,27.54,0.3527,6.8,Bank Transfer,High
ORD-01427,2023-08-22,2023-08-29,CUST-01427,Customer 1427,Corporate,P1004,Orbit Wireless Mouse,Outdoor,Accessories,South,North Carolina,Miami,Mia Rodriguez,1,600.02,0.036,578.42,373.11,198.51,0.3432,6.8,Credit Card,High
ORD-01430,2025-12-02,2025-12-09,CUST-01430,Customer 1430,Consumer,P1011,Pulse Keyboard,Office Supplies,Furniture,North,Alberta,Montreal,Ethan Brooks,1,94.65,0.014,93.32,48.56,37.96,0.4068,6.8,Cash on Delivery,Medium
ORD-01432,2024-04-12,2024-04-18,CUST-01432,Customer 1432,Corporate,P1017,Halo Planter,Office Supplies,Desks,South,North Carolina,Dallas,James Carter,4,560.42,0.011,2217.02,1472.14,735.68,0.3318,9.2,Cash on Delivery,Medium
ORD-01433,2024-03-12,2024-03-17,CUST-01433,Customer 1433,Consumer,P1017,CloudDrive File Box,Outdoor,Storage,South,North Carolina,Dallas,Liam Chen,3,523.8,0.025,1532.11,1015.25,508.46,0.3319,8.4,Debit Card,Medium
ORD-01434,2025-09-16,2025-09-21,CUST-01434,Customer 1434,Home Office,P1009,Summit Patio Set,Technology,Accessories,North,British Columbia,Calgary,Ava Patel,6,90.77,0.01,539.17,263.33,265.04,0.4916,10.8,Bank Transfer,Low
ORD-01436,2023-09-22,2023-09-24,CUST-01436,Customer 1436,Consumer,P1006,Cove Wall Clock,Home Decor,Textiles,South,Florida,Houston,Noah Kim,2,18.3,0.053,34.66,17.41,9.65,0.2784,7.6,Credit Card,High
ORD-01437,2024-02-27,2024-03-05,CUST-01437,Customer 1437,Home Office,P1017,Nova Laptop Stand,Office Supplies,Storage,North,Ontario,Montreal,Ava Patel,2,564.71,0.046,1077.47,715.85,354.02,0.3286,7.6,Credit Card,Critical
ORD-01438,2025-12-24,2025-12-31,CUST-01438,Customer 1438,Home Office,P1016,Nimbus Monitor Arm,Office Supplies,Plants,Central,Kansas,Minneapolis,James Carter,3,41.66,0.006,124.23,55.15,60.68,0.4884,8.4,PayPal,Medium
ORD-01439,2023-06-12,2023-06-16,CUST-01439,Customer 1439,Corporate,P1007,Echo Web Camera,Outdoor,Furniture,Central,Minnesota,Chicago,Ethan Brooks,2,24.33,0.027,47.35,20.25,19.5,0.4118,7.6,Credit Card,High
ORD-01440,2025-05-21,2025-05-25,CUST-01440,Customer 1440,Consumer,P1019,Aero Standing Desk,Outdoor,Flooring,Central,Illinois,Chicago,James Carter,4,54.99,0.044,210.28,92.28,108.8,0.5174,9.2,Bank Transfer,High
ORD-01441,2025-07-18,2025-07-20,CUST-01441,Customer 1441,Home Office,P1004,Halo Planter,Technology,Decor,South,North Carolina,Miami,James Carter,4,593.46,0.012,2345.35,1488.64,847.51,0.3614,9.2,Bank Transfer,Low
ORD-01449,2025-04-22,2025-04-29,CUST-01449,Customer 1449,Consumer,P1005,CloudDrive File Box,Home Decor,Desks,Central,Missouri,Minneapolis,Olivia Martin,2,11.97,0.005,23.82,12.83,3.39,0.1423,7.6,Credit Card,Medium
ORD-01451,2024-05-22,2024-05-29,CUST-01451,Customer 1451,Corporate,P1006,Nova Laptop Stand,Technology,Chairs,Central,Missouri,Kansas City,Noah Kim,2,17.42,0.017,34.25,16.41,10.24,0.299,7.6,Bank Transfer,Low
ORD-01452,2024-11-16,2024-11-18,CUST-01452,Customer 1452,Home Office,P1013,Summit Patio Set,Outdoor,Bags,Central,Kansas,St. Louis,Mia Rodriguez,3,169.9,0.016,501.54,291.07,202.07,0.4029,8.4,Cash on Delivery,Medium
ORD-01453,2025-01-01,2025-01-02,CUST-01453,Customer 1453,Corporate,P1015,FlexNote Notebook,Furniture,Accessories,South,North Carolina,Dallas,Mia Rodriguez,2,67.14,0.048,127.83,63.39,56.84,0.4447,7.6,Bank Transfer,High
ORD-01458,2025-11-14,2025-11-16,CUST-01458,Customer 1458,Consumer,P1004,ErgoMesh Chair,Outdoor,Peripherals,South,North Carolina,Houston,Ethan Brooks,2,622.07,0.057,1173.22,746.54,419.08,0.3572,7.6,Credit Card,High
ORD-01459,2023-09-25,2023-10-01,CUST-01459,Customer 1459,Home Office,P1007,CloudDrive File Box,Home Decor,Accessories,South,Texas,Houston,Liam Chen,2,23.47,0.047,44.73,19.95,17.18,0.3841,7.6,Bank Transfer,High
ORD-01463,2023-07-28,2023-08-01,CUST-01463,Customer 1463,Consumer,P1016,Summit Patio Set,Furniture,Desks,North,British Columbia,Toronto,Noah Kim,3,40.39,0.016,119.23,50.28,60.55,0.5078,8.4,PayPal,High
ORD-01464,2025-01-22,2025-01-24,CUST-01464,Customer 1464,Corporate,P1009,Tide Cooler,Furniture,Coolers,North,Alberta,Vancouver,Liam Chen,4,92.25,0.032,357.19,173.28,174.71,0.4891,9.2,PayPal,Medium
ORD-01465,2025-08-23,2025-08-24,CUST-01465,Customer 1465,Home Office,P1002,Summit Patio Set,Furniture,Lighting,Central,Illinois,Chicago,Ava Patel,1,78.79,0.04,75.64,43.25,25.59,0.3383,6.8,Credit Card,High
ORD-01466,2023-09-05,2023-09-11,CUST-01466,Customer 1466,Corporate,P1016,Cove Wall Clock,Furniture,Peripherals,Central,Kansas,Minneapolis,Olivia Martin,2,38.47,0.03,74.63,34.21,32.82,0.4398,7.6,Debit Card,Medium
ORD-01468,2024-10-27,2024-10-29,CUST-01468,Customer 1468,Home Office,P1012,Cove Wall Clock,Home Decor,Writing,South,Georgia,Miami,Ava Patel,2,133.68,0.032,258.8,135.98,115.22,0.4452,7.6,Debit Card,High
ORD-01470,2025-02-22,2025-02-28,CUST-01470,Customer 1470,Consumer,P1015,ProClip Binder,Outdoor,Furniture,Central,Missouri,Chicago,Liam Chen,3,64.56,0.048,184.38,89.01,86.97,0.4717,8.4,Debit Card,High
ORD-01473,2025-05-05,2025-05-09,CUST-01473,Customer 1473,Consumer,P1007,Lumen Desk Lamp,Office Supplies,Chairs,Central,Missouri,Minneapolis,Ethan Brooks,2,24.25,0.017,47.68,19.3,20.78,0.4358,7.6,Cash on Delivery,Medium
ORD-01474,2024-02-07,2024-02-08,CUST-01474,Customer 1474,Consumer,P1004,Orbit Wireless Mouse,Office Supplies,Lighting,North,Ontario,Montreal,Mia Rodriguez,4,608.02,0.005,2419.92,1534.59,876.13,0.362,9.2,Credit Card,Medium
ORD-01475,2024-06-06,2024-06-12,CUST-01475,Customer 1475,Consumer,P1009,Harbor Rug,Home Decor,Decor,South,North Carolina,Atlanta,James Carter,2,92.25,0.004,183.76,97.75,78.41,0.4267,7.6,Credit Card,Low
ORD-01477,2025-05-04,2025-05-11,CUST-01477,Customer 1477,Consumer,P1007,Cove Wall Clock,Technology,Plants,South,Georgia,Dallas,Sophia Singh,5,22.68,0.001,113.29,41.48,61.81,0.5456,10,Bank Transfer,Low
ORD-01478,2025-10-13,2025-10-16,CUST-01478,Customer 1478,Consumer,P1011,Summit Patio Set,Furniture,Desks,South,Texas,Atlanta,Ethan Brooks,1,89.25,0.059,83.98,48.96,28.22,0.336,6.8,Credit Card,High
ORD-01479,2025-09-04,2025-09-07,CUST-01479,Customer 1479,Corporate,P1019,Nova Laptop Stand,Furniture,Accessories,North,Quebec,Montreal,Mia Rodriguez,1,56.84,0.022,55.59,29.79,19,0.3418,6.8,Credit Card,Medium
ORD-01480,2024-05-10,2024-05-15,CUST-01480,Customer 1480,Corporate,P1011,CloudDrive File Box,Technology,Plants,Central,Minnesota,St. Louis,Ava Patel,4,90.05,0.071,334.63,160.26,165.17,0.4936,9.2,Debit Card,Critical
ORD-01483,2024-09-21,2024-09-27,CUST-01483,Customer 1483,Corporate,P1013,Atlas Throw Pillow,Furniture,Peripherals,Central,Minnesota,Minneapolis,Ava Patel,3,166.88,0.037,482.12,277.68,196.04,0.4066,8.4,Credit Card,Medium
ORD-01484,2023-08-08,2023-08-14,CUST-01484,Customer 1484,Corporate,P1002,Northstar Lantern,Technology,Flooring,North,Ontario,Vancouver,Ava Patel,1,84.92,0.02,83.22,40.89,35.53,0.4269,6.8,Debit Card,Medium
ORD-01486,2024-10-05,2024-10-10,CUST-01486,Customer 1486,Consumer,P1019,ErgoMesh Chair,Home Decor,Writing,South,Georgia,Dallas,Liam Chen,4,58.38,0.013,230.48,96.82,124.46,0.54,9.2,Cash on Delivery,Medium
ORD-01489,2024-11-27,2024-11-30,CUST-01489,Customer 1489,Home Office,P1010,ProClip Binder,Technology,Peripherals,Central,Minnesota,Minneapolis,James Carter,1,55.87,0.006,55.53,33.78,14.95,0.2692,6.8,Debit Card,Medium
ORD-01493,2023-05-15,2023-05-19,CUST-01493,Customer 1493,Consumer,P1011,ErgoMesh Chair,Technology,Chairs,North,British Columbia,Toronto,Noah Kim,4,85.29,0.006,339.11,167.92,161.99,0.4777,9.2,Bank Transfer,Medium
ORD-01494,2023-07-27,2023-07-28,CUST-01494,Customer 1494,Consumer,P1006,Pulse Keyboard,Technology,Binders,South,North Carolina,Dallas,Ethan Brooks,1,17.51,0.036,16.88,11.83,-1.75,-0.1037,6.8,Debit Card,Critical
ORD-01497,2024-03-14,2024-03-18,CUST-01497,Customer 1497,Consumer,P1015,Atlas Throw Pillow,Technology,Flooring,South,Texas,Miami,Noah Kim,5,63.25,0.024,308.66,137.48,161.18,0.5222,10,Bank Transfer,Medium
ORD-01498,2024-12-21,2024-12-27,CUST-01498,Customer 1498,Corporate,P1005,SmartInk Pen Set,Home Decor,Paper,South,Georgia,Atlanta,Olivia Martin,2,13.78,0.027,26.82,15.25,3.97,0.148,7.6,Cash on Delivery,Medium
ORD-01501,2024-12-24,2024-12-28,CUST-01501,Customer 1501,Consumer,P1003,CloudDrive File Box,Furniture,Lighting,South,Texas,Miami,Sophia Singh,1,160.75,0.039,154.48,90.69,56.99,0.3689,6.8,Bank Transfer,High
ORD-01509,2024-07-17,2024-07-21,CUST-01509,Customer 1509,Consumer,P1016,FlexNote Notebook,Office Supplies,Binders,North,Alberta,Vancouver,Liam Chen,3,41.47,0.01,123.17,50.88,63.89,0.5187,8.4,Credit Card,Medium
ORD-01511,2025-05-26,2025-05-31,CUST-01511,Customer 1511,Corporate,P1017,Nova Laptop Stand,Furniture,Flooring,North,Ontario,Vancouver,Olivia Martin,5,565.48,0.034,2731.27,1810.31,910.96,0.3335,10,Cash on Delivery,Medium
ORD-01515,2023-04-02,2023-04-04,CUST-01515,Customer 1515,Consumer,P1013,Atlas Throw Pillow,Home Decor,Binders,North,Quebec,Calgary,Mia Rodriguez,4,167.1,0.043,639.66,365.6,264.86,0.4141,9.2,Debit Card,High
ORD-01516,2023-02-02,2023-02-07,CUST-01516,Customer 1516,Home Office,P1001,Harbor Rug,Outdoor,Furniture,South,North Carolina,Dallas,Noah Kim,1,277.52,0.016,273.08,164.86,101.42,0.3714,6.8,PayPal,Medium
ORD-01519,2023-01-24,2023-01-25,CUST-01519,Customer 1519,Consumer,P1005,ProClip Binder,Technology,Textiles,North,British Columbia,Montreal,Mia Rodriguez,3,12.57,0.005,37.52,23.06,6.06,0.1615,8.4,Credit Card,Medium
ORD-01524,2023-05-05,2023-05-10,CUST-01524,Customer 1524,Consumer,P1012,Summit Patio Set,Furniture,Lighting,North,Quebec,Toronto,Ava Patel,4,124.67,0.017,490.2,246.57,234.43,0.4782,9.2,Bank Transfer,Medium
ORD-01526,2023-06-24,2023-07-01,CUST-01526,Customer 1526,Consumer,P1013,Echo Web Camera,Office Supplies,Decor,North,British Columbia,Toronto,Olivia Martin,3,160.68,0.022,471.44,272.42,190.62,0.4043,8.4,Cash on Delivery,Medium
ORD-01527,2023-08-13,2023-08-20,CUST-01527,Customer 1527,Consumer,P1016,Trail Tote,Home Decor,Furniture,South,North Carolina,Houston,Sophia Singh,3,36.88,0.017,108.76,50.37,49.99,0.4596,8.4,Credit Card,Low
ORD-01529,2025-12-19,2025-12-24,CUST-01529,Customer 1529,Home Office,P1010,Aero Standing Desk,Outdoor,Furniture,North,Quebec,Calgary,Noah Kim,3,57.02,0.001,170.89,79.69,82.8,0.4845,8.4,Cash on Delivery,Low
ORD-01531,2024-05-10,2024-05-11,CUST-01531,Customer 1531,Corporate,P1007,Halo Planter,Home Decor,Writing,South,North Carolina,Houston,Mia Rodriguez,3,24.2,0.056,68.53,31.34,28.79,0.4201,8.4,Bank Transfer,High
ORD-01537,2023-02-16,2023-02-20,CUST-01537,Customer 1537,Corporate,P1008,FlexNote Notebook,Furniture,Lighting,South,Georgia,Houston,Mia Rodriguez,6,33.6,0.056,190.31,81.64,97.87,0.5143,10.8,Bank Transfer,High
ORD-01546,2024-01-05,2024-01-07,CUST-01546,Customer 1546,Home Office,P1012,Trail Tote,Outdoor,Decor,North,Alberta,Calgary,Ava Patel,5,126.83,0.003,632.25,319.98,302.27,0.4781,10,Cash on Delivery,Medium
ORD-01547,2025-06-10,2025-06-15,CUST-01547,Customer 1547,Corporate,P1001,Echo Web Camera,Home Decor,Peripherals,North,British Columbia,Montreal,Ethan Brooks,3,291.54,0.04,839.64,491.66,339.58,0.4044,8.4,Bank Transfer,Medium
ORD-01579,2024-10-27,2024-10-28,CUST-01579,Customer 1579,Consumer,P1012,ProClip Binder,Furniture,Peripherals,North,Alberta,Calgary,Liam Chen,4,145.92,0.025,569.09,284.37,275.52,0.4841,9.2,Credit Card,High
ORD-01585,2025-05-14,2025-05-20,CUST-01585,Customer 1585,Consumer,P1015,Lumen Desk Lamp,Office Supplies,Chairs,North,Alberta,Montreal,Mia Rodriguez,3,64.46,0.046,184.48,89.31,86.77,0.4703,8.4,Credit Card,High
ORD-01594,2023-10-18,2023-10-25,CUST-01594,Customer 1594,Consumer,P1007,SmartInk Pen Set,Office Supplies,Accessories,North,British Columbia,Montreal,Mia Rodriguez,3,27.48,0.002,82.28,35.51,38.37,0.4663,8.4,Debit Card,Medium
ORD-01595,2025-07-28,2025-08-04,CUST-01595,Customer 1595,Consumer,P1005,FlexNote Notebook,Furniture,Plants,North,Quebec,Vancouver,Noah Kim,3,12.62,0.078,34.91,22.63,3.88,0.1111,8.4,Credit Card,Critical
ORD-01605,2023-03-18,2023-03-25,CUST-01605,Customer 1605,Corporate,P1008,ErgoMesh Chair,Outdoor,Peripherals,North,Quebec,Toronto,James Carter,3,36.24,0.024,106.11,48.03,49.68,0.4682,8.4,PayPal,High
ORD-01611,2025-12-07,2025-12-10,CUST-01611,Customer 1611,Consumer,P1004,ProClip Binder,Technology,Furniture,North,Ontario,Vancouver,Liam Chen,4,641.84,0.017,2523.71,1598.45,916.06,0.363,9.2,Bank Transfer,Medium
ORD-01615,2024-05-18,2024-05-19,CUST-01615,Customer 1615,Corporate,P1011,Tide Cooler,Furniture,Decor,North,Ontario,Calgary,Liam Chen,3,86.03,0.06,242.6,117.89,116.31,0.4794,8.4,Debit Card,High
ORD-01618,2025-12-20,2025-12-25,CUST-01618,Customer 1618,Consumer,P1020,Orbit Wireless Mouse,Office Supplies,Writing,North,Quebec,Vancouver,Olivia Martin,2,77.21,0.028,150.1,73.42,69.08,0.4602,7.6,Credit Card,Medium
ORD-01622,2023-07-25,2023-07-29,CUST-01622,Customer 1622,Consumer,P1016,ProClip Binder,Technology,Accessories,North,Alberta,Vancouver,Sophia Singh,3,41.82,0.002,125.21,51.79,65.02,0.5193,8.4,Debit Card,Medium
ORD-01628,2024-08-23,2024-08-25,CUST-01628,Customer 1628,Corporate,P1015,SmartInk Pen Set,Technology,Writing,North,Quebec,Montreal,Liam Chen,2,72.13,0.06899999999999999,134.31,64.41,62.3,0.4639,7.6,Cash on Delivery,High
ORD-01629,2023-10-07,2023-10-13,CUST-01629,Customer 1629,Home Office,P1013,FlexNote Notebook,Office Supplies,Accessories,North,British Columbia,Montreal,Ava Patel,3,168.99,0.023,495.31,285.37,201.54,0.4069,8.4,Bank Transfer,Medium
ORD-01638,2023-05-04,2023-05-07,CUST-01638,Customer 1638,Corporate,P1011,Orbit Wireless Mouse,Furniture,Textiles,North,British Columbia,Montreal,James Carter,5,90.6,0.038,435.79,210.91,214.88,0.4931,10,Bank Transfer,Medium
ORD-01640,2025-09-06,2025-09-10,CUST-01640,Customer 1640,Home Office,P1007,CloudDrive File Box,Home Decor,Bags,North,British Columbia,Montreal,Olivia Martin,2,25.1,0.025,48.95,22.03,19.32,0.3947,7.6,Bank Transfer,Medium
ORD-01658,2024-09-09,2024-09-16,CUST-01658,Customer 1658,Corporate,P1006,Aero Standing Desk,Technology,Lighting,North,Alberta,Calgary,Liam Chen,2,17.87,0.017,35.13,15.58,11.95,0.3402,7.6,Bank Transfer,Medium
ORD-01687,2025-10-21,2025-10-26,CUST-01687,Customer 1687,Consumer,P1007,Orbit Wireless Mouse,Furniture,Textiles,North,British Columbia,Montreal,Liam Chen,1,26.36,0.039,25.33,17.39,1.14,0.045,6.8,PayPal,Critical
ORD-01688,2024-01-07,2024-01-14,CUST-01688,Customer 1688,Consumer,P1018,FlexNote Notebook,Technology,Coolers,North,Ontario,Vancouver,Olivia Martin,3,87.7,0.02,257.84,117.76,131.68,0.5107,8.4,Bank Transfer,High
ORD-01700,2024-08-22,2024-08-27,CUST-01700,Customer 1700,Home Office,P1016,Cove Wall Clock,Home Decor,Chairs,North,British Columbia,Montreal,Olivia Martin,2,39.07,0.022,76.42,36.29,32.53,0.4257,7.6,Cash on Delivery,Critical
ORD-01702,2024-07-02,2024-07-09,CUST-01702,Customer 1702,Corporate,P1015,FlexNote Notebook,Office Supplies,Textiles,North,British Columbia,Montreal,Noah Kim,3,72.95,0.012,216.22,101.07,106.75,0.4937,8.4,Cash on Delivery,Medium
ORD-01707,2024-07-25,2024-07-31,CUST-01707,Customer 1707,Consumer,P1007,Harbor Rug,Office Supplies,Textiles,North,Ontario,Montreal,Olivia Martin,2,24.16,0.006,48.03,22.9,17.53,0.365,7.6,Credit Card,Medium
ORD-01716,2025-05-05,2025-05-11,CUST-01716,Customer 1716,Consumer,P1003,Halo Planter,Home Decor,Decor,North,Quebec,Calgary,Ethan Brooks,4,151.47,0.002,604.67,312.96,282.51,0.4672,9.2,Debit Card,Medium
ORD-01728,2025-12-20,2025-12-21,CUST-01728,Customer 1728,Corporate,P1013,Tide Cooler,Technology,Video,North,British Columbia,Vancouver,Ava Patel,1,164.91,0.042,157.98,96.88,54.3,0.3437,6.8,Credit Card,High
ORD-01729,2025-06-26,2025-07-01,CUST-01729,Customer 1729,Corporate,P1018,FlexNote Notebook,Home Decor,Flooring,North,British Columbia,Montreal,Ethan Brooks,2,88.8,0.03,172.27,83.48,81.19,0.4713,7.6,Credit Card,Low
ORD-01732,2024-03-13,2024-03-16,CUST-01732,Customer 1732,Consumer,P1020,Summit Patio Set,Outdoor,Desks,North,Alberta,Calgary,Sophia Singh,2,69.52,0.003,138.62,71.85,59.17,0.4269,7.6,PayPal,Medium
ORD-01764,2024-09-28,2024-10-05,CUST-01764,Customer 1764,Consumer,P1006,Trail Tote,Office Supplies,Writing,North,Alberta,Montreal,Noah Kim,4,18.8,0.049,71.52,26.41,35.91,0.5021,9.2,Bank Transfer,Critical
ORD-01767,2025-05-23,2025-05-26,CUST-01767,Customer 1767,Consumer,P1004,Atlas Throw Pillow,Technology,Peripherals,North,Alberta,Montreal,Noah Kim,1,615.16,0.002,613.93,397.09,210.04,0.3421,6.8,Debit Card,Medium
ORD-01769,2024-03-01,2024-03-04,CUST-01769,Customer 1769,Consumer,P1015,Summit Patio Set,Furniture,Textiles,North,British Columbia,Toronto,Ethan Brooks,4,68.46,0.012,270.55,121.93,139.42,0.5153,9.2,Cash on Delivery,Low
ORD-01777,2025-05-03,2025-05-06,CUST-01777,Customer 1777,Consumer,P1008,Harbor Rug,Furniture,Bags,North,Quebec,Montreal,Ava Patel,2,36.6,0.001,73.13,38.87,26.66,0.3646,7.6,Bank Transfer,Medium
ORD-01790,2024-04-01,2024-04-05,CUST-01790,Customer 1790,Home Office,P1009,Harbor Rug,Technology,Writing,North,Quebec,Calgary,Ethan Brooks,5,90.43,0.005,449.89,217.06,222.83,0.4953,10,PayPal,Medium
ORD-01799,2023-12-25,2023-12-31,CUST-01799,Customer 1799,Corporate,P1015,SmartInk Pen Set,Home Decor,Furniture,North,British Columbia,Toronto,Liam Chen,6,70.27,0.029,409.39,176.11,222.48,0.5434,10.8,Bank Transfer,Medium
ORD-01800,2023-02-09,2023-02-16,CUST-01800,Customer 1800,Home Office,P1006,Echo Web Camera,Home Decor,Accessories,North,British Columbia,Montreal,James Carter,2,18.43,0.019,36.16,15.15,13.41,0.3709,7.6,Cash on Delivery,Low
ORD-01821,2023-04-16,2023-04-17,CUST-01821,Customer 21,Consumer,P1003,Halo Planter,Technology,Binders,North,Ontario,Calgary,Liam Chen,4,149.08,0.026,580.82,304.68,266.94,0.4596,9.2,Credit Card,Medium
ORD-01836,2025-04-16,2025-04-17,CUST-01836,Customer 36,Consumer,P1010,Nova Laptop Stand,Outdoor,Storage,North,Alberta,Vancouver,Mia Rodriguez,2,56.01,0.016,110.23,50.23,52.4,0.4754,7.6,Credit Card,High
ORD-01846,2023-12-09,2023-12-15,CUST-01846,Customer 46,Consumer,P1002,Nimbus Monitor Arm,Technology,Plants,North,Alberta,Montreal,Ava Patel,3,83.89,0.026,245.13,113.65,123.08,0.5021,8.4,PayPal,Medium
ORD-01850,2024-11-25,2024-11-28,CUST-01850,Customer 50,Corporate,P1012,Halo Planter,Office Supplies,Coolers,North,Ontario,Calgary,Sophia Singh,5,134.3,0.029,652.03,328.34,313.69,0.4811,10,PayPal,High
ORD-01855,2025-02-19,2025-02-20,CUST-01855,Customer 55,Consumer,P1002,Pulse Keyboard,Technology,Textiles,North,British Columbia,Vancouver,Sophia Singh,3,77.26,0.04,222.51,105.86,108.25,0.4865,8.4,Debit Card,Critical
ORD-01857,2025-11-11,2025-11-17,CUST-01857,Customer 57,Consumer,P1004,Atlas Throw Pillow,Home Decor,Plants,North,British Columbia,Toronto,Mia Rodriguez,2,664.73,0.015,1309.52,829.86,472.06,0.3605,7.6,Cash on Delivery,Medium
ORD-01885,2023-08-26,2023-09-02,CUST-01885,Customer 85,Consumer,P1012,Summit Patio Set,Home Decor,Bags,North,Quebec,Vancouver,Ava Patel,1,131.06,0.01,129.75,68.09,54.86,0.4228,6.8,Bank Transfer,Medium
ORD-01888,2023-05-09,2023-05-16,CUST-01888,Customer 88,Corporate,P1015,Cove Wall Clock,Office Supplies,Furniture,North,Quebec,Calgary,Noah Kim,3,70.11,0.024,205.28,98.12,98.76,0.4811,8.4,Credit Card,Low
ORD-01901,2024-10-12,2024-10-18,CUST-01901,Customer 101,Consumer,P1006,FlexNote Notebook,Outdoor,Writing,North,Alberta,Vancouver,Mia Rodriguez,2,19.75,0.027,38.43,21.89,8.94,0.2326,7.6,Credit Card,Critical
ORD-01919,2024-08-10,2024-08-12,CUST-01919,Customer 119,Consumer,P1016,FlexNote Notebook,Furniture,Video,North,Quebec,Toronto,Ethan Brooks,3,38.67,0.003,115.66,48.18,59.08,0.5108,8.4,Bank Transfer,Medium
ORD-01959,2024-09-10,2024-09-11,CUST-01959,Customer 159,Consumer,P1018,Aero Standing Desk,Technology,Writing,North,Alberta,Toronto,Ethan Brooks,2,89.97,0.056,169.86,79.92,82.34,0.4848,7.6,Bank Transfer,High
ORD-01962,2024-01-08,2024-01-15,CUST-01962,Customer 162,Corporate,P1001,Nova Laptop Stand,Home Decor,Plants,North,Alberta,Toronto,Sophia Singh,1,283.51,0.036,273.3,165.09,101.41,0.3711,6.8,Bank Transfer,Critical
ORD-01964,2024-07-04,2024-07-11,CUST-01964,Customer 164,Consumer,P1003,CloudDrive File Box,Home Decor,Lighting,North,British Columbia,Vancouver,Olivia Martin,3,150.21,0.031,436.66,228.52,199.74,0.4574,8.4,Credit Card,Critical
ORD-01972,2025-10-25,2025-10-31,CUST-01972,Customer 172,Consumer,P1005,Northstar Lantern,Office Supplies,Paper,North,British Columbia,Toronto,Olivia Martin,4,13.87,0.004,55.26,27.44,18.62,0.337,9.2,Debit Card,Medium
ORD-01979,2025-05-25,2025-05-29,CUST-01979,Customer 179,Consumer,P1012,Echo Web Camera,Home Decor,Textiles,North,Alberta,Montreal,Ethan Brooks,2,124.55,0.027,242.37,124.78,109.99,0.4538,7.6,Debit Card,Medium
ORD-01981,2023-02-28,2023-03-03,CUST-01981,Customer 181,Consumer,P1016,Atlas Throw Pillow,Home Decor,Paper,North,Alberta,Montreal,Olivia Martin,3,36.67,0.002,109.79,50.03,51.36,0.4678,8.4,Credit Card,Medium
ORD-01998,2023-06-10,2023-06-17,CUST-01998,Customer 198,Corporate,P1016,CloudDrive File Box,Office Supplies,Plants,North,Ontario,Calgary,Mia Rodriguez,4,41.51,0.028,161.39,62.6,89.59,0.5551,9.2,Credit Card,High
ORD-02006,2025-07-27,2025-08-02,CUST-02006,Customer 206,Consumer,P1018,FlexNote Notebook,Technology,Bags,North,Quebec,Vancouver,Ethan Brooks,2,91.32,0.054,172.78,83.95,81.23,0.4701,7.6,Cash on Delivery,High
ORD-02014,2023-10-03,2023-10-08,CUST-02014,Customer 214,Corporate,P1009,ProClip Binder,Outdoor,Chairs,North,Alberta,Calgary,Olivia Martin,3,97.94,0.032,284.42,143.86,132.16,0.4647,8.4,Bank Transfer,High
ORD-02030,2025-12-09,2025-12-11,CUST-02030,Customer 230,Home Office,P1007,Nova Laptop Stand,Outdoor,Paper,North,Quebec,Toronto,Liam Chen,4,26.37,0.019,103.48,38.44,55.84,0.5396,9.2,PayPal,Low
ORD-02036,2024-06-18,2024-06-23,CUST-02036,Customer 236,Consumer,P1012,CloudDrive File Box,Furniture,Bags,North,Ontario,Calgary,Liam Chen,3,142,0.03,413.22,213.36,191.46,0.4633,8.4,Credit Card,Medium
ORD-02055,2025-09-15,2025-09-17,CUST-02055,Customer 255,Home Office,P1001,Aero Standing Desk,Furniture,Coolers,North,Alberta,Toronto,Olivia Martin,2,296.81,0.029,576.41,342.59,226.22,0.3925,7.6,Credit Card,Medium
ORD-02062,2024-02-13,2024-02-16,CUST-02062,Customer 262,Consumer,P1011,Lumen Desk Lamp,Furniture,Paper,North,British Columbia,Vancouver,Liam Chen,1,84.05,0.016,82.71,49.6,26.31,0.3181,6.8,Credit Card,Medium
ORD-02077,2023-10-06,2023-10-10,CUST-02077,Customer 277,Corporate,P1009,FlexNote Notebook,Outdoor,Writing,North,British Columbia,Vancouver,Liam Chen,4,93.53,0.019,367.01,179.8,178.01,0.485,9.2,Credit Card,Low
ORD-02083,2024-03-26,2024-03-28,CUST-02083,Customer 283,Corporate,P1002,Summit Patio Set,Outdoor,Storage,North,British Columbia,Montreal,Liam Chen,3,83.67,0.015,247.24,117.8,121.04,0.4896,8.4,Credit Card,Medium
ORD-02091,2025-07-12,2025-07-17,CUST-02091,Customer 291,Consumer,P1008,Nimbus Monitor Arm,Outdoor,Textiles,North,Ontario,Toronto,James Carter,3,38.09,0,114.27,51.61,54.26,0.4748,8.4,Credit Card,Medium
ORD-02096,2025-06-20,2025-06-21,CUST-02096,Customer 296,Consumer,P1007,CloudDrive File Box,Office Supplies,Accessories,North,Quebec,Vancouver,Sophia Singh,4,25.48,0.004,101.51,42.41,49.9,0.4916,9.2,Bank Transfer,Medium
ORD-02103,2023-03-15,2023-03-21,CUST-02103,Customer 303,Corporate,P1005,Nimbus Monitor Arm,Outdoor,Accessories,North,Quebec,Calgary,Ava Patel,2,12.28,0.028,23.87,19.65,-3.38,-0.1416,7.6,Debit Card,High
ORD-02107,2025-11-09,2025-11-15,CUST-02107,Customer 307,Consumer,P1009,Northstar Lantern,Technology,Furniture,North,Quebec,Montreal,Ethan Brooks,5,97.34,0.037,468.69,227.36,231.33,0.4936,10,Bank Transfer,High
ORD-02111,2023-10-09,2023-10-16,CUST-02111,Customer 311,Home Office,P1014,Nimbus Monitor Arm,Furniture,Coolers,North,Quebec,Calgary,Liam Chen,3,44.36,0.033,128.69,56.98,63.31,0.492,8.4,Credit Card,High
ORD-02115,2025-12-01,2025-12-06,CUST-02115,Customer 315,Consumer,P1013,FlexNote Notebook,Technology,Peripherals,North,Ontario,Montreal,Sophia Singh,1,180,0.036,173.52,101.27,65.45,0.3772,6.8,Bank Transfer,High
ORD-02121,2025-07-14,2025-07-18,CUST-02121,Customer 321,Corporate,P1010,Pulse Keyboard,Office Supplies,Bags,North,Ontario,Montreal,James Carter,4,56.4,0.037,217.25,94.73,113.32,0.5216,9.2,Credit Card,Medium
ORD-02136,2025-04-03,2025-04-09,CUST-02136,Customer 336,Consumer,P1004,SmartInk Pen Set,Outdoor,Accessories,North,Alberta,Vancouver,Noah Kim,1,605.16,0.014,596.69,385.2,204.69,0.343,6.8,Cash on Delivery,Medium
ORD-02142,2024-07-28,2024-08-01,CUST-02142,Customer 342,Corporate,P1008,Pulse Keyboard,Office Supplies,Binders,North,British Columbia,Vancouver,Mia Rodriguez,2,35.7,0.021,69.9,33.99,28.31,0.405,7.6,Credit Card,Medium
ORD-02145,2024-06-08,2024-06-09,CUST-02145,Customer 345,Corporate,P1018,Echo Web Camera,Technology,Lighting,North,Quebec,Toronto,Mia Rodriguez,2,93.9,0.035,181.23,87.85,85.78,0.4733,7.6,Bank Transfer,Medium
ORD-02153,2025-04-20,2025-04-22,CUST-02153,Customer 353,Consumer,P1006,Orbit Wireless Mouse,Outdoor,Binders,North,Ontario,Vancouver,Noah Kim,2,17.77,0.021,34.79,19.82,7.37,0.2118,7.6,Credit Card,Medium
ORD-02156,2023-08-23,2023-08-25,CUST-02156,Customer 356,Consumer,P1011,Lumen Desk Lamp,Office Supplies,Binders,North,British Columbia,Toronto,Ethan Brooks,4,88.91,0.015,350.31,172.54,168.57,0.4812,9.2,Credit Card,Medium
ORD-02175,2023-06-02,2023-06-09,CUST-02175,Customer 375,Consumer,P1004,Summit Patio Set,Outdoor,Peripherals,North,Ontario,Toronto,Mia Rodriguez,2,635.79,0.006,1263.95,800.91,455.44,0.3603,7.6,PayPal,Medium
ORD-02193,2025-06-05,2025-06-06,CUST-02193,Customer 393,Corporate,P1004,Echo Web Camera,Office Supplies,Lighting,North,British Columbia,Vancouver,Liam Chen,3,605.75,0.019,1782.72,1132.02,642.3,0.3603,8.4,Credit Card,Low
ORD-02195,2023-06-10,2023-06-14,CUST-02195,Customer 395,Consumer,P1011,Atlas Throw Pillow,Office Supplies,Textiles,North,Ontario,Montreal,Mia Rodriguez,4,91.84,0.006,365.16,177.95,178.01,0.4875,9.2,Debit Card,Low
ORD-02197,2024-04-15,2024-04-21,CUST-02197,Customer 397,Home Office,P1002,Pulse Keyboard,Outdoor,Chairs,North,Alberta,Montreal,Ethan Brooks,1,82.91,0.028,80.59,41.59,32.2,0.3996,6.8,Credit Card,Medium
ORD-02257,2024-04-24,2024-04-27,CUST-02257,Customer 457,Corporate,P1017,Lumen Desk Lamp,Furniture,Binders,North,British Columbia,Calgary,Olivia Martin,3,542.7,0.051,1545.07,1031.31,505.36,0.3271,8.4,Credit Card,High
ORD-02265,2024-12-15,2024-12-18,CUST-02265,Customer 465,Corporate,P1011,Lumen Desk Lamp,Office Supplies,Video,North,Quebec,Vancouver,Noah Kim,2,99.45,0.065,185.97,94.56,83.81,0.4507,7.6,Cash on Delivery,High
ORD-02274,2025-06-05,2025-06-10,CUST-02274,Customer 474,Corporate,P1005,Northstar Lantern,Outdoor,Textiles,North,Alberta,Toronto,Mia Rodriguez,2,13.21,0.036,25.47,17.58,0.29,0.0114,7.6,Debit Card,Medium
ORD-02278,2024-12-02,2024-12-03,CUST-02278,Customer 478,Consumer,P1018,Orbit Wireless Mouse,Office Supplies,Storage,North,Quebec,Montreal,Noah Kim,1,91.7,0.007,91.06,45.52,38.74,0.4254,6.8,Cash on Delivery,Medium
ORD-02284,2023-12-24,2023-12-31,CUST-02284,Customer 484,Consumer,P1005,CloudDrive File Box,Office Supplies,Desks,North,Alberta,Vancouver,Sophia Singh,1,13.9,0.014,13.71,10.16,-3.25,-0.2371,6.8,Debit Card,Medium
ORD-02293,2023-01-04,2023-01-10,CUST-02293,Customer 493,Corporate,P1011,Halo Planter,Home Decor,Plants,North,British Columbia,Vancouver,Ethan Brooks,4,86.92,0.017,341.77,164.69,167.88,0.4912,9.2,Bank Transfer,Low
ORD-02327,2025-07-21,2025-07-23,CUST-02327,Customer 527,Corporate,P1009,Cove Wall Clock,Office Supplies,Coolers,North,Quebec,Toronto,Noah Kim,3,95.57,0.02,280.98,140.52,132.06,0.47,8.4,PayPal,Medium
ORD-02329,2024-10-19,2024-10-26,CUST-02329,Customer 529,Corporate,P1004,ProClip Binder,Home Decor,Furniture,North,Ontario,Calgary,Olivia Martin,3,642.94,0.04,1851.67,1171.05,672.22,0.363,8.4,Credit Card,Medium
ORD-02336,2024-01-01,2024-01-06,CUST-02336,Customer 536,Consumer,P1005,Halo Planter,Outdoor,Lighting,North,British Columbia,Toronto,James Carter,3,12.08,0.018,35.59,20,7.19,0.202,8.4,Cash on Delivery,Medium
ORD-02343,2023-05-23,2023-05-25,CUST-02343,Customer 543,Consumer,P1014,CloudDrive File Box,Home Decor,Accessories,North,Alberta,Montreal,Noah Kim,2,42.19,0.033,81.6,36.37,37.63,0.4612,7.6,Credit Card,High
ORD-02345,2025-02-23,2025-02-27,CUST-02345,Customer 545,Consumer,P1017,Harbor Rug,Furniture,Accessories,North,Quebec,Calgary,Ethan Brooks,3,565.08,0.029,1646.08,1091.29,546.39,0.3319,8.4,Debit Card,Medium
ORD-02350,2023-07-22,2023-07-27,CUST-02350,Customer 550,Consumer,P1017,ErgoMesh Chair,Office Supplies,Flooring,North,Quebec,Montreal,Sophia Singh,3,566.87,0.033,1644.49,1093.79,542.3,0.3298,8.4,Cash on Delivery,High
ORD-02377,2024-02-17,2024-02-22,CUST-02377,Customer 577,Corporate,P1020,Trail Tote,Furniture,Desks,North,British Columbia,Montreal,Sophia Singh,4,75.4,0.026,293.76,138.56,146,0.497,9.2,Credit Card,Low
ORD-02396,2024-02-10,2024-02-12,CUST-02396,Customer 596,Home Office,P1012,Orbit Wireless Mouse,Outdoor,Furniture,North,British Columbia,Toronto,Ethan Brooks,2,132.22,0.058,249.1,132.61,108.89,0.4371,7.6,Debit Card,High
ORD-02416,2025-12-20,2025-12-25,CUST-02416,Customer 616,Corporate,P1009,Tide Cooler,Office Supplies,Accessories,North,Ontario,Toronto,Ethan Brooks,1,100.49,0.056,94.86,54.29,33.77,0.356,6.8,PayPal,High
ORD-02431,2024-11-02,2024-11-09,CUST-02431,Customer 631,Consumer,P1003,Atlas Throw Pillow,Technology,Binders,North,Ontario,Toronto,Mia Rodriguez,3,169.91,0.034,492.4,256.5,227.5,0.462,8.4,Credit Card,Critical
ORD-02432,2025-02-13,2025-02-14,CUST-02432,Customer 632,Home Office,P1008,Pulse Keyboard,Office Supplies,Accessories,North,Ontario,Vancouver,Sophia Singh,1,36.58,0.013,36.1,22.75,6.55,0.1814,6.8,Credit Card,Low
ORD-02433,2025-04-18,2025-04-19,CUST-02433,Customer 633,Home Office,P1002,Cove Wall Clock,Technology,Textiles,North,Quebec,Toronto,Mia Rodriguez,4,82.91,0.029,322.02,150.45,162.37,0.5042,9.2,Credit Card,Medium
ORD-02434,2023-01-26,2023-01-30,CUST-02434,Customer 634,Corporate,P1008,FlexNote Notebook,Outdoor,Desks,North,Ontario,Toronto,Sophia Singh,2,33.94,0.023,66.32,33.14,25.58,0.3857,7.6,Debit Card,Medium
ORD-02441,2024-12-10,2024-12-17,CUST-02441,Customer 641,Consumer,P1015,Summit Patio Set,Technology,Decor,North,British Columbia,Toronto,Ethan Brooks,3,69.61,0.05,198.39,91.63,98.36,0.4958,8.4,Bank Transfer,High
ORD-02452,2025-09-06,2025-09-07,CUST-02452,Customer 652,Consumer,P1016,Halo Planter,Technology,Paper,North,Quebec,Montreal,Sophia Singh,3,36.95,0.027,107.86,47.61,51.85,0.4807,8.4,Debit Card,Medium
ORD-02458,2024-10-01,2024-10-02,CUST-02458,Customer 658,Consumer,P1014,Cove Wall Clock,Home Decor,Lighting,North,British Columbia,Montreal,Liam Chen,4,46.91,0.028,182.39,77.4,95.79,0.5252,9.2,Debit Card,Medium
ORD-02472,2025-12-20,2025-12-27,CUST-02472,Customer 672,Consumer,P1015,Aero Standing Desk,Furniture,Writing,North,Quebec,Calgary,Liam Chen,2,76.6,0.012,151.36,72.62,71.14,0.47,7.6,Credit Card,Low
ORD-02480,2025-09-18,2025-09-24,CUST-02480,Customer 680,Home Office,P1008,ErgoMesh Chair,Outdoor,Desks,North,Alberta,Calgary,Mia Rodriguez,2,34.16,0.008,67.77,36.15,24.02,0.3544,7.6,Credit Card,Medium
ORD-02488,2025-05-26,2025-06-01,CUST-02488,Customer 688,Consumer,P1004,Nimbus Monitor Arm,Technology,Textiles,North,Quebec,Toronto,Olivia Martin,2,612.36,0.04,1175.73,748.84,419.29,0.3566,7.6,Debit Card,High
ORD-02490,2024-11-18,2024-11-22,CUST-02490,Customer 690,Consumer,P1015,Trail Tote,Office Supplies,Lighting,North,British Columbia,Vancouver,Ava Patel,3,73.2,0.016,216.09,95.24,112.45,0.5204,8.4,Credit Card,Low
ORD-02499,2025-06-27,2025-07-03,CUST-02499,Customer 699,Consumer,P1016,Orbit Wireless Mouse,Home Decor,Peripherals,North,Quebec,Montreal,Mia Rodriguez,3,38.59,0.002,115.54,48.98,58.16,0.5034,8.4,Bank Transfer,Low
ORD-02504,2025-09-25,2025-10-02,CUST-02504,Customer 704,Consumer,P1002,Atlas Throw Pillow,Outdoor,Paper,North,British Columbia,Montreal,Noah Kim,2,78.35,0.007,155.6,78.37,69.63,0.4475,7.6,Bank Transfer,Medium
ORD-02505,2023-07-17,2023-07-18,CUST-02505,Customer 705,Consumer,P1020,ProClip Binder,Home Decor,Lighting,North,British Columbia,Montreal,Sophia Singh,5,79.17,0.016,389.52,182.35,197.17,0.5062,10,Cash on Delivery,Low
ORD-02507,2025-01-18,2025-01-20,CUST-02507,Customer 707,Home Office,P1006,SmartInk Pen Set,Home Decor,Video,North,Ontario,Vancouver,Sophia Singh,4,17.83,0.003,71.11,32.52,29.39,0.4133,9.2,Credit Card,Medium
ORD-02515,2024-07-11,2024-07-18,CUST-02515,Customer 715,Home Office,P1010,Trail Tote,Office Supplies,Writing,North,Ontario,Toronto,Mia Rodriguez,5,54.57,0.025,266.03,113.11,142.92,0.5372,10,Credit Card,Medium
ORD-02531,2025-01-10,2025-01-17,CUST-02531,Customer 731,Consumer,P1004,Pulse Keyboard,Furniture,Peripherals,North,British Columbia,Vancouver,Ava Patel,3,626.22,0.001,1876.78,1192.79,675.59,0.36,8.4,Credit Card,Medium
ORD-02544,2024-08-21,2024-08-28,CUST-02544,Customer 744,Corporate,P1012,Harbor Rug,Furniture,Flooring,North,British Columbia,Toronto,James Carter,4,131.36,0.024,512.83,257.74,245.89,0.4795,9.2,Credit Card,Low
ORD-02548,2024-01-15,2024-01-19,CUST-02548,Customer 748,Consumer,P1002,Harbor Rug,Home Decor,Peripherals,North,Alberta,Montreal,Ava Patel,4,78.99,0.043,302.37,139.95,153.22,0.5067,9.2,Credit Card,High
ORD-02553,2025-12-12,2025-12-15,CUST-02553,Customer 753,Corporate,P1004,SmartInk Pen Set,Home Decor,Coolers,North,Alberta,Vancouver,Mia Rodriguez,6,665.02,0.035,3850.47,2436.54,1403.13,0.3644,10.8,Credit Card,Medium
ORD-02554,2025-06-19,2025-06-21,CUST-02554,Customer 754,Consumer,P1015,ProClip Binder,Home Decor,Desks,North,British Columbia,Toronto,Olivia Martin,3,71.52,0.049,204.05,93.25,102.4,0.5018,8.4,PayPal,High
ORD-02555,2023-07-11,2023-07-15,CUST-02555,Customer 755,Consumer,P1018,Echo Web Camera,Office Supplies,Storage,North,Alberta,Montreal,Mia Rodriguez,5,93.95,0.014,463.17,206.43,246.74,0.5327,10,Debit Card,Low
ORD-02557,2024-07-01,2024-07-06,CUST-02557,Customer 757,Corporate,P1012,ProClip Binder,Outdoor,Textiles,North,Ontario,Calgary,Olivia Martin,2,138.92,0.013,274.23,143.64,122.99,0.4485,7.6,Cash on Delivery,Medium
ORD-02574,2024-05-28,2024-06-03,CUST-02574,Customer 774,Consumer,P1003,Nova Laptop Stand,Furniture,Decor,North,British Columbia,Vancouver,Sophia Singh,3,152.08,0.056,430.69,223.87,198.42,0.4607,8.4,PayPal,High
ORD-02579,2024-02-28,2024-03-06,CUST-02579,Customer 779,Consumer,P1018,Cove Wall Clock,Technology,Accessories,North,Ontario,Toronto,Olivia Martin,2,84.89,0.008,168.42,79.07,81.75,0.4854,7.6,Credit Card,Low
ORD-02580,2024-12-12,2024-12-15,CUST-02580,Customer 780,Consumer,P1009,Orbit Wireless Mouse,Office Supplies,Video,North,British Columbia,Calgary,James Carter,3,93.5,0.001,280.22,136.19,135.63,0.484,8.4,PayPal,Medium
ORD-02583,2024-09-11,2024-09-18,CUST-02583,Customer 783,Consumer,P1009,Echo Web Camera,Office Supplies,Decor,North,Quebec,Montreal,Sophia Singh,2,91.2,0.029,177.11,88.46,81.05,0.4576,7.6,PayPal,Medium
ORD-02587,2023-10-12,2023-10-17,CUST-02587,Customer 787,Corporate,P1011,Nova Laptop Stand,Home Decor,Plants,North,Ontario,Calgary,Olivia Martin,3,93.22,0.014,275.74,133.17,134.17,0.4866,8.4,Credit Card,Low
ORD-02598,2024-10-06,2024-10-07,CUST-02598,Customer 798,Corporate,P1006,Nimbus Monitor Arm,Home Decor,Accessories,North,Alberta,Calgary,Noah Kim,3,19.11,0.06899999999999999,53.37,26.7,18.27,0.3423,8.4,Credit Card,High
ORD-02615,2024-02-11,2024-02-13,CUST-02615,Customer 815,Home Office,P1007,CloudDrive File Box,Office Supplies,Flooring,North,British Columbia,Calgary,Noah Kim,5,24.26,0.016,119.36,47.61,61.75,0.5173,10,Credit Card,Medium
ORD-02617,2024-02-20,2024-02-23,CUST-02617,Customer 817,Consumer,P1002,SmartInk Pen Set,Office Supplies,Peripherals,North,Alberta,Calgary,Ava Patel,4,78.8,0.026,307,139.14,158.66,0.5168,9.2,Credit Card,Medium
ORD-02634,2023-07-09,2023-07-14,CUST-02634,Customer 834,Consumer,P1018,Northstar Lantern,Home Decor,Chairs,North,Ontario,Montreal,Ava Patel,4,93.56,0.027,364.14,162.14,192.8,0.5295,9.2,Credit Card,Medium
ORD-02646,2024-11-07,2024-11-14,CUST-02646,Customer 846,Corporate,P1001,ErgoMesh Chair,Outdoor,Accessories,North,Quebec,Toronto,Liam Chen,4,322.32,0.028,1253.18,736.73,507.25,0.4048,9.2,Bank Transfer,High
ORD-02651,2023-12-20,2023-12-21,CUST-02651,Customer 851,Corporate,P1005,SmartInk Pen Set,Home Decor,Peripherals,North,Alberta,Montreal,Ethan Brooks,3,13.81,0.042,39.69,17.5,13.79,0.3474,8.4,Credit Card,High
ORD-02673,2025-07-06,2025-07-08,CUST-02673,Customer 873,Consumer,P1014,Aero Standing Desk,Furniture,Peripherals,North,Ontario,Calgary,James Carter,3,44.84,0.046,128.33,58.81,61.12,0.4763,8.4,PayPal,Critical
ORD-02679,2023-09-22,2023-09-27,CUST-02679,Customer 879,Home Office,P1012,Aero Standing Desk,Outdoor,Peripherals,North,British Columbia,Calgary,James Carter,3,135.86,0.052,386.39,197.44,180.55,0.4673,8.4,Credit Card,High
ORD-02682,2025-07-13,2025-07-19,CUST-02682,Customer 882,Home Office,P1011,Cove Wall Clock,Furniture,Furniture,North,Ontario,Toronto,Liam Chen,4,91.42,0.027,355.81,170.78,175.83,0.4942,9.2,Bank Transfer,Medium
ORD-02690,2024-03-28,2024-04-01,CUST-02690,Customer 890,Corporate,P1009,Summit Patio Set,Outdoor,Video,North,Quebec,Calgary,Olivia Martin,2,86.76,0.029,168.49,90.4,70.49,0.4184,7.6,Credit Card,Medium
ORD-02693,2023-01-13,2023-01-14,CUST-02693,Customer 893,Consumer,P1002,Northstar Lantern,Outdoor,Furniture,North,Ontario,Montreal,Ethan Brooks,3,75.85,0.024,222.09,101.84,111.85,0.5036,8.4,Debit Card,Medium
ORD-02735,2025-11-16,2025-11-18,CUST-02735,Customer 935,Consumer,P1002,Harbor Rug,Furniture,Video,North,British Columbia,Montreal,Mia Rodriguez,2,82.87,0.017,162.92,80.38,74.94,0.46,7.6,Bank Transfer,Low
ORD-02752,2025-04-22,2025-04-23,CUST-02752,Customer 952,Consumer,P1003,Trail Tote,Outdoor,Lighting,North,Quebec,Calgary,Mia Rodriguez,2,148.8,0.023,290.76,159.74,123.42,0.4245,7.6,PayPal,High
ORD-02754,2024-06-03,2024-06-09,CUST-02754,Customer 954,Consumer,P1014,SmartInk Pen Set,Technology,Plants,North,Ontario,Montreal,Liam Chen,3,44.69,0.04,128.71,59.02,61.29,0.4762,8.4,Credit Card,High
ORD-02759,2025-11-27,2025-12-04,CUST-02759,Customer 959,Consumer,P1010,Echo Web Camera,Home Decor,Lighting,North,Quebec,Toronto,Liam Chen,4,57.75,0.023,225.69,104.14,112.35,0.4978,9.2,PayPal,Medium
ORD-02760,2023-02-15,2023-02-19,CUST-02760,Customer 960,Corporate,P1020,Trail Tote,Technology,Coolers,North,Alberta,Calgary,Olivia Martin,1,70.91,0.028,68.92,37.44,24.68,0.3581,6.8,Credit Card,Medium
ORD-02763,2024-09-14,2024-09-16,CUST-02763,Customer 963,Home Office,P1011,Nova Laptop Stand,Furniture,Flooring,North,Ontario,Toronto,James Carter,2,89.04,0.025,173.63,88.76,77.27,0.445,7.6,Bank Transfer,Medium
ORD-02772,2023-06-16,2023-06-21,CUST-02772,Customer 972,Consumer,P1016,SmartInk Pen Set,Outdoor,Writing,North,Ontario,Calgary,Mia Rodriguez,3,39.39,0.024,115.33,46.72,60.21,0.5221,8.4,PayPal,Medium
ORD-02776,2024-07-10,2024-07-17,CUST-02776,Customer 976,Corporate,P1012,ProClip Binder,Office Supplies,Plants,North,Alberta,Toronto,Ethan Brooks,1,135.35,0.031,131.15,68.77,55.58,0.4238,6.8,Credit Card,Critical
ORD-02786,2023-02-07,2023-02-11,CUST-02786,Customer 986,Consumer,P1009,Trail Tote,Office Supplies,Accessories,North,Quebec,Vancouver,Sophia Singh,2,92.7,0.044,177.24,88.62,81.02,0.4571,7.6,Bank Transfer,Critical
ORD-02787,2025-06-25,2025-06-29,CUST-02787,Customer 987,Corporate,P1017,ErgoMesh Chair,Home Decor,Flooring,North,Quebec,Toronto,Sophia Singh,3,590.07,0.017,1740.12,1157.8,573.92,0.3298,8.4,PayPal,Medium
ORD-02808,2023-04-21,2023-04-26,CUST-02808,Customer 1008,Consumer,P1004,Atlas Throw Pillow,Outdoor,Chairs,North,Quebec,Toronto,Ava Patel,4,627.98,0.015,2474.24,1569.68,895.36,0.3619,9.2,Credit Card,Medium
ORD-02817,2024-07-03,2024-07-08,CUST-02817,Customer 1017,Consumer,P1001,Halo Planter,Home Decor,Accessories,North,British Columbia,Calgary,James Carter,5,304.04,0.068,1416.83,830.42,576.41,0.4068,10,Bank Transfer,Critical
ORD-02818,2023-04-04,2023-04-08,CUST-02818,Customer 1018,Home Office,P1017,Halo Planter,Furniture,Writing,North,British Columbia,Montreal,Noah Kim,1,558.94,0.058,526.52,352.48,167.24,0.3176,6.8,Credit Card,High
ORD-02824,2023-01-21,2023-01-22,CUST-02824,Customer 1024,Consumer,P1007,Tide Cooler,Office Supplies,Bags,North,Alberta,Vancouver,Olivia Martin,4,23.9,0.034,92.35,38.03,45.12,0.4886,9.2,PayPal,High
ORD-02845,2024-12-06,2024-12-10,CUST-02845,Customer 1045,Consumer,P1010,Summit Patio Set,Outdoor,Video,North,Quebec,Vancouver,Liam Chen,4,59.26,0.002,236.57,105.58,121.79,0.5148,9.2,Debit Card,Medium
